Activity Type,Date,Favorite,Title,Distance,Calories,Time,Avg HR,Max HR,Aerobic TE,Avg Run Cadence,Max Run Cadence,Avg Pace,Best Pace,Total Ascent,Total Descent,Avg Stride Length,Training Stress Score®,Steps,Decompression,Best Lap Time,Number of Laps,Moving Time,Elapsed Time,Min Elevation,Max Elevation,Time_hours,speed_kmh,steps_per_km,Avg Pace num,Best Pace num,Athlete,Avg Vertical Ratio,Avg Vertical Oscillation,Avg Ground Contact Time,Avg GAP,Normalized Power® (NP®),Avg Power,Max Power,Grit,Flow,Total Strokes,Avg. Swolf,Avg Stroke Rate,Body Battery Drain,Min Temp,Max Temp
Trail Running,2026-05-17 11:56:00,False,"🦊3,5 training ",8.38,479.0,01:06:42,151,187,4.0,165,247,7:58,5:14,108.0,77.0,0.76,0.0,10334.0,No,00:01:45.1,11,01:05:22,01:25:19,164,214,1.1116666666666666,7.538230884557723,1233.1742243436754,7.966666666666667,5.233333333333333,fox_1,,,,,,,,,,,,,,,
Trail Running,2026-05-16 14:20:24,False,"🦊3,5 training",9.64,607.0,01:49:50,139,183,3.1,142,233,11:24,5:04,188.0,240.0,0.61,0.0,11556.0,No,00:01:13.5,13,01:38:19,01:49:50,114,200,1.8305555555555555,5.266160849772383,1198.7551867219915,11.4,5.066666666666666,fox_1,,,,,,,,,,,,,,,
Trail Running,2026-05-09 11:45:01,False,🦊 144 training,10.9,740.0,02:31:34,130,175,3.1,143,244,13:54,4:38,267.0,278.0,0.5,0.0,13758.0,No,00:02:56.8,14,01:59:11,02:31:34,121,186,2.526111111111111,4.314932922806246,1262.2018348623853,13.9,4.633333333333333,fox_1,,,,,,,,,,,,,,,
Trail Running,2026-05-03 10:16:03,False,Lutskyi raion Running,4.53,299.0,00:49:57,136,174,2.8,142,248,11:01,4:33,69.0,73.0,0.64,0.0,5446.0,No,00:06:07.4,5,00:43:48,00:49:57,211,250,0.8325,5.441441441441442,1202.2075055187638,11.016666666666667,4.55,fox_1,,,,,,,,,,,,,,,
Trail Running,2026-05-02 12:04:59,False,"🦊ARDF, ЧУ 3,5, Луцьк",11.35,617.0,01:54:51,141,186,3.8,154,246,10:07,4:19,71.0,69.0,0.63,0.0,12616.0,No,00:05:13.9,12,01:33:28,01:54:51,179,218,1.9141666666666666,5.929473225946888,1111.5418502202645,10.116666666666667,4.316666666666666,fox_1,,,,,,,,,,,,,,,
Trail Running,2026-05-01 10:04:59,False,"🦊ARDF, ЧУ, 144, Луцьк",11.1,614.0,01:39:03,144,184,3.4,152,248,8:56,4:23,75.0,66.0,0.73,0.0,12856.0,No,00:00:40.4,12,01:31:33,01:39:03,209,231,1.6508333333333334,6.7238768298838965,1158.1981981981983,8.933333333333334,4.383333333333334,fox_1,,,,,,,,,,,,,,,
Trail Running,2026-04-30 15:00:03,False,"🦊ARDF, ЧУ спрінт, Луцьк",2.91,156.0,00:27:01,128,167,2.3,154,241,9:17,5:27,37.0,29.0,0.7,0.0,3654.0,No,00:07:21.9,3,00:26:27,00:27:01,236,257,0.4502777777777778,6.462677359654535,1255.6701030927834,9.283333333333333,5.45,fox_1,,,,,,,,,,,,,,,
Running,2026-04-25 14:52:01,False,Заминка,2.66,154.0,00:21:22,147,184,2.8,165,188,8:02,5:56,31.0,7.0,0.75,0.0,3074.0,No,00:06:12.2,3,00:21:22,00:21:22,172,201,0.3561111111111111,7.469578783151326,1155.639097744361,8.033333333333333,5.933333333333334,fox_1,,,,,,,,,,,,,,,
Trail Running,2026-04-25 13:30:17,False,🦊144 training,7.81,500.0,01:19:37,140,178,3.3,141,250,10:12,4:21,111.0,136.0,0.69,0.0,9658.0,No,00:04:15.0,9,01:13:40,01:19:38,151,206,1.3269444444444445,5.88570232363408,1236.6197183098593,10.2,4.35,fox_1,,,,,,,,,,,,,,,
Running,2026-04-22 16:03:16,False,Квітково- сонячний кайф 🤩,10.6,459.0,00:59:29,157,167,4.4,176,243,5:37,3:44,39.0,43.0,1.01,0.0,10426.0,No,00:03:11.1,11,00:59:24,00:59:29,92,113,0.9913888888888889,10.692070608013449,983.5849056603774,5.616666666666667,3.7333333333333334,fox_1,,,,,,,,,,,,,,,
Trail Running,2026-04-19 12:49:03,False,"ЧУ спрінт, день 3",3.77,226.0,00:26:59,169,183,3.9,168,190,7:10,3:18,24.0,34.0,0.83,0.0,3752.0,No,00:05:46.2,4,00:23:40,00:26:59,167,193,0.44972222222222225,8.38295243977764,995.2254641909815,7.166666666666667,3.3,fox_1,,,,,,,,,,,,,,,
Trail Running,2026-04-18 12:12:02,False,"ЧУ спрінт, естафета",3.23,161.0,00:22:26,147,187,3.0,165,224,6:57,4:08,67.0,69.0,0.87,0.0,3382.0,No,00:01:12.8,4,00:21:40,00:22:26,120,157,0.3738888888888889,8.63893016344725,1047.0588235294117,6.95,4.133333333333334,fox_1,,,,,,,,,,,,,,,
Trail Running,2026-04-17 16:39:03,False,"ЧУ спрінт, день1",3.81,191.0,00:23:16,170,185,3.9,168,190,6:06,3:41,38.0,15.0,0.98,0.0,3754.0,No,00:04:28.3,4,00:22:46,00:23:16,129,164,0.3877777777777778,9.825214899713467,985.3018372703411,6.1,3.6833333333333336,fox_1,,,,,,,,,,,,,,,
Trail Running,2026-04-12 12:58:23,False,"SpringSprint, day2",2.98,149.0,00:19:42,158,192,3.3,154,187,6:37,4:29,26.0,28.0,0.92,0.0,2110.0,No,00:06:01.5,3,--:--:--,00:19:42,148,179,0.3283333333333333,9.076142131979696,708.0536912751678,6.616666666666667,4.483333333333333,fox_1,,,,,,,,,,,,,,,
Trail Running,2026-04-11 11:50:38,False,"SpringSprint, day1",3.99,174.0,00:23:43,154,184,3.2,173,190,5:57,4:31,9.0,9.0,0.97,0.0,3940.0,No,00:05:24.1,4,00:23:32,00:23:43,179,195,0.3952777777777778,10.094167252283908,987.468671679198,5.95,4.516666666666667,fox_1,,,,,,,,,,,,,,,
Trail Running,2026-04-05 09:51:10,False,"🦊ARDF ЧУ фоксорінг, Вінниця",9.0,524.0,01:13:09,158,190,4.3,159,249,8:08,4:43,188.0,197.0,0.77,0.0,10276.0,No,00:00:02.1,10,01:09:44,01:13:09,238,320,1.2191666666666667,7.382091592617908,1141.7777777777778,8.133333333333333,4.716666666666667,fox_1,,,,,,,,,,,,,,,
Trail Running,2026-04-04 10:05:06,False,"🦊ARDF ЧУ 3,5, Вінниця ",10.16,538.0,01:20:14,149,177,3.9,158,246,7:54,4:27,82.0,97.0,0.8,0.0,11280.0,No,00:01:03.1,11,01:16:10,01:20:14,266,313,1.3372222222222223,7.5978396343996675,1110.236220472441,7.9,4.45,fox_1,,,,,,,,,,,,,,,
Running,2026-03-27 08:27:09,False,Druskininkai,7.31,298.0,00:43:54,146,176,3.6,177,181,6:00,5:06,79.0,78.0,0.94,0.0,7764.0,No,00:01:42.5,8,00:43:51,00:43:54,82,105,0.7316666666666667,9.990888382687926,1062.106703146375,6.0,5.1,fox_1,,,,,,,,,,,,,,,
Running,2026-03-25 08:55:18,False,Druskininkai Running,7.23,333.0,00:47:59,150,178,3.9,175,250,6:38,5:36,45.0,47.0,0.86,0.0,8288.0,No,00:01:35.6,8,00:47:18,00:47:59,82,106,0.7997222222222222,9.040639110802362,1146.3347164591978,6.633333333333333,5.6,fox_1,,,,,,,,,,,,,,,
Running,2026-03-23 19:58:51,False,Druskininkai first Running,4.31,174.0,00:26:07,146,180,3.2,169,176,6:04,4:35,15.0,16.0,0.98,0.0,4206.0,No,00:01:26.5,5,00:25:21,00:26:10,83,104,0.43527777777777776,9.901723037651562,975.8700696055686,6.066666666666666,4.583333333333333,fox_1,,,,,,,,,,,,,,,
Running,2026-03-16 17:53:49,False,Just running,10.27,412.0,01:03:20,154,176,4.4,175,181,6:10,3:47,57.0,59.0,0.93,0.0,10908.0,No,00:01:39.4,11,01:02:50,01:03:20,79,113,1.0555555555555556,9.729473684210525,1062.1226874391432,6.166666666666667,3.783333333333333,fox_1,,,,,,,,,,,,,,,
Trail Running,2026-03-15 12:00:33,False,"🦊Kyiv Champ 3,5",9.64,511.0,01:17:21,156,186,5.0,157,244,8:01,5:06,46.0,47.0,0.79,0.0,11162.0,No,00:04:37.1,10,01:14:45,01:17:21,106,130,1.2891666666666666,7.47769877181642,1157.8838174273858,8.016666666666667,5.1,fox_1,,,,,,,,,,,,,,,
Trail Running,2026-03-14 11:45:41,False,🦊Kyiv Champ ARDF,7.12,412.0,00:55:04,163,191,5.0,156,219,7:44,4:51,29.0,22.0,0.83,0.0,7998.0,No,00:01:00.6,8,00:54:21,00:55:04,110,122,0.9177777777777778,7.757869249394673,1123.314606741573,7.733333333333333,4.85,fox_1,,,,,,,,,,,,,,,
Trail Running,2026-03-08 11:30:10,False,144 ,4.83,348.0,01:12:42,132,178,3.0,135,246,15:03,4:51,109.0,111.0,0.49,0.0,6614.0,No,00:13:20,5,01:05:01,01:12:42,145,191,1.2116666666666667,3.986244841815681,1369.3581780538302,15.05,4.85,fox_1,,,,,,,,,,,,,,,
Trail Running,2026-03-07 11:50:37,False,144 training,8.05,483.0,01:12:50,153,186,4.4,155,250,9:03,3:49,44.0,45.0,0.71,0.0,10014.0,No,00:00:23.6,9,01:06:29,01:12:50,101,120,1.2138888888888888,6.631578947368422,1243.975155279503,9.05,3.8166666666666664,fox_1,,,,,,,,,,,,,,,
Trail Running,2026-03-01 11:50:05,False,Kyievo-Sviatoshynskyi raion Running,7.28,642.0,01:46:12,148,186,3.8,143,247,14:35,5:27,161.0,146.0,0.48,0.0,9546.0,No,00:03:23.5,8,01:23:43,01:46:12,144,193,1.77,4.112994350282486,1311.2637362637363,14.583333333333334,5.45,fox_1,,,,,,,,,,,,,,,
Indoor Running,2026-02-15 13:58:18,False,IndoorO Kyiv Champ,5.64,362.0,00:47:04,157,187,4.8,164,205,8:21,5:05,113.0,93.0,0.73,0.0,6212.0,No,00:05:12.4,6,00:46:28,00:47:04,152,227,0.7844444444444445,7.189801699716713,1101.4184397163122,8.35,5.083333333333333,fox_1,,,,,,,,,,,,,,,
Indoor Running,2026-02-14 15:10:09,False,IndoorO Kyiv Champ,2.45,127.0,00:18:47,139,164,2.8,163,253,7:40,5:06,,,0.8,0.0,2628.0,No,00:04:00.9,3,00:18:47,00:18:47,,,0.31305555555555553,7.82608695652174,1072.6530612244896,7.666666666666667,5.1,fox_1,,,,,,,,,,,,,,,
Indoor Running,2026-01-18 18:26:24,False,Sever fun закриття сезону,0.17,23.0,00:03:28.7,135,146,1.5,123,202,20:21,9:24,,,0.4,0.0,338.0,No,00:03:28.7,1,00:03:17,00:03:28.7,172,177,0.05797222222222222,2.9324389075227604,1988.2352941176468,20.35,9.4,fox_1,,,,,,,,,,,,,,,
Indoor Running,2026-01-03 16:32:01,False,Treadmill running,5.01,235.0,00:29:52,159,178,4.1,171,181,5:58,5:18,,,0.98,0.0,4988.0,No,00:00:01.8,6,00:29:52,00:29:52,,,0.49777777777777776,10.064732142857142,995.6087824351298,5.966666666666667,5.3,fox_1,,,,,,,,,,,,,,,
Indoor Running,2026-01-02 19:41:39,False,Treadmill Running,5.03,243.0,00:32:55,150,163,3.7,174,181,6:33,5:51,,,0.88,0.0,5634.0,No,00:00:10.9,6,00:32:54,00:32:55,,,0.5486111111111112,9.168607594936708,1120.079522862823,6.55,5.85,fox_1,,,,,,,,,,,,,,,
Running,2025-12-31 11:24:59,False,Snowy NY run 🎄✨,11.01,534.0,01:11:54,154,167,4.8,178,190,6:32,5:22,30.0,32.0,0.86,0.0,12630.0,No,00:00:08.7,12,01:11:16,01:11:54,105,124,1.1983333333333333,9.187760778859527,1147.1389645776567,6.533333333333333,5.366666666666666,fox_1,,,,,,,,,,,,,,,
Running,2025-12-29 13:22:10,False,Las Kabacki,8.31,359.0,00:47:26,160,184,5.0,178,190,5:42,4:48,34.0,35.0,0.99,0.0,8284.0,No,00:01:33.7,9,00:46:56,00:47:26,100,128,0.7905555555555556,10.511595221363317,996.8712394705174,5.7,4.8,fox_1,,,,,,,,,,,,,,,
Running,2025-12-25 17:22:01,False,Sever Christmas run,7.14,293.0,00:47:53,139,174,3.4,170,192,6:42,4:16,97.0,171.0,0.87,0.0,7826.0,No,00:00:59.6,8,00:46:12,01:21:48,102,195,0.7980555555555555,8.946745562130177,1096.0784313725492,6.7,4.266666666666667,fox_1,,,,,,,,,,,,,,,
Trail Running,2025-12-07 11:06:10,False,ЧУ орієнтування,8.41,593.0,01:30:20,151,185,4.4,147,250,10:45,3:59,145.0,156.0,0.63,0.0,10456.0,No,00:00:39.8,19,01:26:46,01:30:20,111,182,1.5055555555555555,5.585977859778598,1243.281807372176,10.75,3.9833333333333334,fox_1,,,,,,,,,,,,,,,
Trail Running,2025-12-06 11:57:11,False,ЧУ орієнтування,7.73,607.0,01:20:10,156,189,5.0,146,239,10:22,5:10,149.0,149.0,0.66,0.0,9604.0,No,00:01:37.5,17,01:16:55,01:20:10,144,192,1.336111111111111,5.7854469854469865,1242.432082794308,10.366666666666667,5.166666666666667,fox_1,,,,,,,,,,,,,,,
Indoor Running,2025-12-06 08:57:06,False,Орієнтування в приміщеннях до дня св.Миколая,5.13,302.0,00:45:11,142,180,3.6,153,245,8:48,5:26,,,0.74,0.0,4050.0,No,00:01:11.9,6,00:45:08,00:45:11,,,0.7530555555555556,6.8122464035411285,789.4736842105264,8.8,5.433333333333334,fox_1,,,,,,,,,,,,,,,
Trail Running,2025-11-29 11:53:09,False,Zelesta training,12.91,841.0,02:20:22,146,195,4.1,146,243,10:52,4:52,61.0,59.0,0.63,0.0,15322.0,No,00:00:20.5,28,02:05:07,02:20:22,99,117,2.3394444444444447,5.518404179529803,1186.831913245546,10.866666666666667,4.866666666666667,fox_1,,,,,,,,,,,,,,,
Running,2025-11-23 12:59:48,False,Favourite route 🥰,10.16,455.0,01:04:03,155,179,4.7,178,209,6:18,4:06,46.0,47.0,0.89,0.0,11264.0,No,00:01:01.8,11,01:04:02,01:04:03,86,112,1.0675,9.517564402810306,1108.6614173228347,6.3,4.1,fox_1,,,,,,,,,,,,,,,
Trail Running,2025-11-16 11:30:04,False,Шалені Лосі,27.85,,03:53:07,153,180,4.2,165,243,8:22,4:32,417.0,459.0,0.72,0.0,32570.0,No,00:00:14.6,37,03:32:21,03:53:07,109,202,3.8852777777777776,7.168084650032173,1169.479353680431,8.366666666666667,4.533333333333333,fox_1,,,,,,,,,,,,,,,
Running,2025-11-09 11:55:53,False,"Кубок Шеремета, спрінт",3.57,180.0,00:27:22,148,175,3.4,166,231,7:40,4:08,485.0,644.0,0.79,0.0,4016.0,No,00:00:33.7,17,00:25:18,00:27:22,-9,180,0.45611111111111113,7.827040194884287,1124.9299719887956,7.666666666666667,4.133333333333334,fox_1,,,,,,,,,,,,,,,
Running,2025-11-08 15:19:49,False,Kyiv Running,0.66,30.0,00:03:54.7,167,185,2.1,178,182,5:58,2:17,34.0,4.0,0.94,0.0,694.0,No,00:03:54.7,1,00:03:54.7,00:03:54.7,122,156,0.06519444444444444,10.123561994034938,1051.5151515151515,5.966666666666667,2.283333333333333,fox_1,,,,,,,,,,,,,,,
Trail Running,2025-11-08 13:59:55,False,Кубок Шеремета,8.4,459.0,01:08:19,157,185,5.0,161,246,8:08,4:54,41.0,43.0,0.76,0.0,9294.0,No,00:01:31.7,15,01:02:41,01:18:07,138,164,1.138611111111111,7.377409124176629,1106.4285714285713,8.133333333333333,4.9,fox_1,,,,,,,,,,,,,,,
Running,2025-11-06 16:02:33,False,Спробуй дожени Міро 🤪,2.98,112.0,00:15:43,158,176,3.2,172,178,5:17,4:18,4.0,4.0,1.1,0.0,2686.0,No,00:05:06.0,3,00:15:42,00:15:43,98,106,0.2619444444444444,11.376458112407212,901.3422818791946,5.283333333333333,4.3,fox_1,,,,,,,,,,,,,,,
Trail Running,2025-10-26 12:16:01,False,"2 Days of North-West Veluwe, day2",8.05,527.0,01:20:38,154,182,4.5,150,250,10:01,4:32,52.0,57.0,0.66,0.0,10048.0,No,00:00:29.5,20,01:15:11,01:20:38,22,44,1.343888888888889,5.990078544853246,1248.198757763975,10.016666666666667,4.533333333333333,fox_1,,,,,,,,,,,,,,,
Trail Running,2025-10-25 12:45:57,False,"2days NW Veluwe, day1",6.43,514.0,01:09:13,157,182,5.0,149,249,10:46,4:10,28.0,33.0,0.62,0.0,8286.0,No,00:00:13.6,16,01:03:55,01:09:14,12,28,1.1536111111111111,5.573802070792198,1288.6469673405911,10.766666666666667,4.166666666666667,fox_1,,,,,,,,,,,,,,,
Running,2025-10-24 19:49:46,False,Harderwijk Running,1.31,60.0,00:07:00.4,174,188,2.9,179,184,5:22,4:29,4.0,4.0,1.04,0.0,1248.0,No,00:01:46.9,2,00:07:00.4,00:07:00.4,0,6,0.11677777777777777,11.217887725975263,952.6717557251908,5.366666666666666,4.483333333333333,fox_1,,,,,,,,,,,,,,,
Running,2025-10-24 19:31:02,False,"2days NW Veluwe, Night Sprint",2.92,119.0,00:17:27,143,180,3.0,171,243,5:58,4:38,6.0,4.0,0.98,0.0,2804.0,No,00:04:52.8,3,00:17:24,00:17:27,,8,0.29083333333333333,10.040114613180515,960.2739726027397,5.966666666666667,4.633333333333333,fox_1,,,,,,,,,,,,,,,
Running,2025-10-24 19:15:45,False,Running,1.07,44.0,00:06:38.3,139,148,2.0,180,186,6:11,5:38,,,0.9,0.0,1188.0,No,00:00:25.5,2,00:06:37.9,00:06:38.3,,,0.1106388888888889,9.671102184283203,1110.2803738317757,6.183333333333334,5.633333333333333,fox_1,,,,,,,,,,,,,,,
Trail Running,2025-10-05 11:55:04,False,"Голосіївська осінь, середня",5.13,441.0,01:03:02,153,182,4.6,147,250,12:18,4:23,146.0,146.0,0.55,0.0,6808.0,No,00:00:10.2,22,00:56:34,01:03:02,119,166,1.0505555555555555,4.883130618720254,1327.0955165692008,12.3,4.383333333333334,fox_1,,,,,,,,,,,,,,,
Running,2025-09-21 13:18:41,False,Boba‘s marathon,36.86,,05:47:24,130,185,3.8,162,247,9:26,5:31,175.0,176.0,0.65,0.0,49900.0,No,00:07:09.4,37,05:23:10,05:47:24,121,178,5.79,6.366148531951641,1353.7710255018992,9.433333333333334,5.516666666666667,fox_1,,,,,,,,,,,,,,,
Trail Running,2025-09-14 11:11:37,False,Training 144,10.8,615.0,01:54:10,135,186,3.6,147,243,10:34,5:02,205.0,202.0,0.64,0.0,12562.0,No,00:01:38.7,13,01:39:03,01:54:10,-41,123,1.9027777777777777,5.675912408759125,1163.148148148148,10.566666666666666,5.033333333333333,fox_1,,,,,,,,,,,,,,,
Trail Running,2025-09-13 11:14:59,False,"Training 3,5",7.11,529.0,01:31:06,141,176,3.2,138,238,12:48,5:21,173.0,182.0,0.56,0.0,9838.0,No,00:06:50.8,8,01:22:26,01:31:06,144,196,1.5183333333333333,4.682766190998903,1383.6849507735583,12.8,5.35,fox_1,,,,,,,,,,,,,,,
Trail Running,2025-09-07 12:12:08,False,"Kyiv champ, mid, 2 place",4.14,277.0,00:35:31,158,181,4.2,156,190,8:35,4:34,10.0,10.0,0.74,0.0,5112.0,No,00:00:09.7,13,00:34:38,00:35:31,108,119,0.5919444444444445,6.9938995776630675,1234.7826086956522,8.583333333333334,4.566666666666666,fox_1,,,,,,,,,,,,,,,
Trail Running,2025-09-06 12:33:02,False,"Kyiv Champ, Long, 3 place",10.84,781.0,01:41:34,160,185,4.8,150,241,9:22,4:51,45.0,46.0,0.71,0.0,13206.0,No,00:01:43.4,17,01:35:51,01:41:34,109,129,1.6927777777777777,6.4036757466360354,1218.2656826568266,9.366666666666667,4.85,fox_1,,,,,,,,,,,,,,,
Running,2025-08-24 17:34:46,False,Warsaw afterwards championship run ,6.16,235.0,00:34:11,145,176,3.2,175,181,5:33,4:44,20.0,22.0,1.03,0.0,5982.0,No,00:00:47.8,7,00:34:10,00:34:11,105,127,0.5697222222222222,10.812286689419794,971.1038961038961,5.55,4.733333333333333,fox_1,,,,,,,,,,,,,,,
Trail Running,2025-08-21 12:00:03,False,"22nd ARDF-World-Championship Lithuania 2025, Birštonas, 144MHz",13.8,794.0,02:03:16,150,182,4.0,154,243,8:56,3:47,148.0,203.0,0.72,0.0,15412.0,No,00:00:43.0,16,01:50:31,02:03:16,70,142,2.0544444444444445,6.717144402379665,1116.8115942028985,8.933333333333334,3.783333333333333,fox_1,,,,,,,,,,,,,,,
Trail Running,2025-08-20 11:06:00,False,"22th IARU ARDF World Championships
Birštonas/Lithuania, Foxoring",11.02,632.0,01:53:19,143,184,3.3,146,246,10:17,4:05,193.0,189.0,0.66,0.0,12100.0,No,00:02:05.8,13,01:34:26,01:53:19,117,173,1.888611111111111,5.834975731725254,1098.0036297640654,10.283333333333333,4.083333333333333,fox_1,,,,,,,,,,,,,,,
Trail Running,2025-08-17 13:15:01,False,"22th IARU ARDF World Championships
Birštonas/Lithuania, 3,5MHz",9.06,608.0,01:49:07,141,173,3.0,136,245,12:03,4:24,177.0,136.0,0.61,0.0,11374.0,No,00:00:01.7,14,01:37:36,01:49:07,70,134,1.8186111111111112,4.981823736062319,1255.4083885209711,12.05,4.4,fox_1,,,,,,,,,,,,,,,
Running,2025-08-13 10:21:36,False,Warsaw short training,6.12,277.0,00:36:02,159,179,3.7,174,179,5:53,4:50,28.0,29.0,0.97,0.0,6232.0,No,00:00:42.9,7,00:35:53,00:36:02,105,123,0.6005555555555555,10.190564292321925,1018.3006535947712,5.883333333333333,4.833333333333333,fox_1,,,,,,,,,,,,,,,
Running,2025-08-11 09:55:29,False,Warsaw short run,5.31,223.0,00:30:33,154,192,3.4,177,181,5:45,4:48,27.0,30.0,0.98,0.0,5378.0,No,00:01:42.9,6,00:30:32,00:30:33,104,121,0.5091666666666667,10.428805237315876,1012.8060263653484,5.75,4.8,fox_1,,,,,,,,,,,,,,,
Running,2025-08-09 10:19:44,False,Warsaw Running,15.27,616.0,01:29:30,157,172,4.4,175,248,5:52,4:53,61.0,64.0,0.98,0.0,15174.0,No,00:01:41.3,16,01:28:12,01:29:30,102,124,1.4916666666666667,10.236871508379888,993.713163064833,5.866666666666667,4.883333333333333,fox_1,,,,,,,,,,,,,,,
Trail Running,2025-08-03 10:10:00,False,"NTZ, 3,5, Lutsk",8.3,441.0,01:35:42,132,173,2.6,145,250,11:32,2:33,91.0,87.0,0.59,0.0,9616.0,No,00:03:36.5,11,01:17:59,01:35:42,220,258,1.595,5.203761755485894,1158.5542168674697,11.533333333333333,2.55,fox_1,,,,,,,,,,,,,,,
Trail Running,2025-08-02 10:30:00,False,"NTZ, 144, Lutsk",9.33,543.0,01:58:13,133,178,3.0,140,248,12:40,4:50,56.0,56.0,0.56,0.0,11044.0,No,00:00:02.6,12,01:37:43,01:58:13,184,204,1.9702777777777778,4.735372902861976,1183.7084673097536,12.666666666666666,4.833333333333333,fox_1,,,,,,,,,,,,,,,
Trail Running,2025-08-01 17:14:18,False,"NTZ, foxoring, Lutsk",6.98,345.0,00:49:59,156,180,4.3,169,243,7:10,4:05,51.0,51.0,0.83,0.0,7354.0,No,00:03:05.5,10,00:46:07,00:49:59,206,241,0.8330555555555555,8.378792930976992,1053.5816618911174,7.166666666666667,4.083333333333333,fox_1,,,,,,,,,,,,,,,
Trail Running,2025-08-01 09:10:59,False,"NTZ, 3,5 Sprint, Lutsk",2.65,179.0,00:27:36,147,171,3.1,151,246,10:25,4:50,31.0,35.0,0.63,0.0,3606.0,No,00:01:31.1,10,00:26:22,00:27:36,236,256,0.46,5.760869565217391,1360.754716981132,10.416666666666666,4.833333333333333,fox_1,,,,,,,,,,,,,,,
Trail Running,2025-07-31 17:13:14,False,"NTZ, 3,5 Sprint, Lutsk",4.65,324.0,00:56:44,141,168,3.0,142,244,12:12,4:35,21.0,36.0,0.57,0.0,5952.0,No,00:01:30.8,12,00:53:31,00:56:44,214,236,0.9455555555555556,4.917743830787309,1280.0,12.2,4.583333333333333,fox_1,,,,,,,,,,,,,,,
Trail Running,2025-07-31 10:15:06,False,"NTZ, 3,5, Lutsk",8.69,461.0,01:17:11,148,178,3.8,156,244,8:53,4:20,62.0,55.0,0.72,0.0,9452.0,No,00:02:47.4,11,01:05:00,01:17:11,187,204,1.2863888888888888,6.755344418052257,1087.686996547756,8.883333333333333,4.333333333333333,fox_1,,,,,,,,,,,,,,,
Trail Running,2025-07-30 10:15:03,False,"NTZ, 144,Lutsk",9.53,530.0,01:16:59,157,189,5.0,161,247,8:04,4:49,94.0,91.0,0.77,0.0,11146.0,No,00:02:00.1,12,01:10:56,01:16:59,222,259,1.2830555555555556,7.427581727646676,1169.5697796432319,8.066666666666666,4.816666666666666,fox_1,,,,,,,,,,,,,,,
Trail Running,2025-07-29 17:06:55,False,Lutskyi raion Running,0.49,35.0,00:07:02.1,121,150,1.7,142,179,14:28,5:25,17.0,17.0,0.49,0.0,508.0,No,00:07:02.1,1,00:04:17,00:07:02.1,202,224,0.11725000000000001,4.17910447761194,1036.734693877551,14.466666666666667,5.416666666666667,fox_1,,,,,,,,,,,,,,,
Trail Running,2025-07-29 10:09:56,False,"NTZ, 144, Lutsk",6.76,407.0,00:58:14,153,187,4.7,150,248,8:37,5:04,116.0,118.0,0.77,0.0,8172.0,No,00:00:03.2,10,00:57:04,00:58:14,224,260,0.9705555555555555,6.96508299942759,1208.8757396449705,8.616666666666667,5.066666666666666,fox_1,,,,,,,,,,,,,,,
Trail Running,2025-07-28 16:08:59,False,"NTZ, Lutsk,  sprint 3,5",4.73,365.0,00:57:03,147,175,3.5,147,223,12:04,4:22,28.0,49.0,0.56,0.0,5820.0,No,00:00:30.3,11,00:48:11,00:57:03,203,233,0.9508333333333333,4.974583698510079,1230.443974630021,12.066666666666666,4.366666666666666,fox_1,,,,,,,,,,,,,,,
Trail Running,2025-07-13 10:51:02,False,"Champ Ukr, Foxoring, Lutsk",10.65,562.0,01:46:12,143,173,3.5,150,243,9:58,4:14,108.0,115.0,0.66,0.0,11794.0,No,00:00:02.7,15,01:29:11,01:46:12,222,256,1.77,6.016949152542373,1107.4178403755868,9.966666666666667,4.233333333333333,fox_1,,,,,,,,,,,,,,,
Trail Running,2025-07-12 11:45:04,False,"Champ Ukr, 3,5, Lutsk",12.42,703.0,02:13:52,141,180,3.0,146,244,10:46,3:53,118.0,140.0,0.63,0.0,14480.0,No,00:01:15.4,15,01:51:47,02:13:52,222,259,2.2311111111111113,5.566733067729083,1165.8615136876006,10.766666666666667,3.8833333333333333,fox_1,,,,,,,,,,,,,,,
Running,2025-07-11 11:29:41,False,Finish -> Start,3.48,158.0,00:22:06,156,164,3.2,174,230,6:21,5:07,10.0,16.0,0.91,0.0,3732.0,No,00:02:49.5,4,00:21:56,00:22:06,184,203,0.36833333333333335,9.447963800904978,1072.4137931034484,6.35,5.116666666666666,fox_1,,,,,,,,,,,,,,,
Trail Running,2025-07-11 10:24:03,False,"Champ Ukr ARDF, 144, Lutsk",8.93,446.0,01:03:35,156,179,4.5,160,234,7:07,4:39,46.0,50.0,0.88,0.0,9560.0,No,00:00:12.3,12,01:02:24,01:03:35,182,203,1.0597222222222222,8.426736566186108,1070.548712206047,7.116666666666666,4.65,fox_1,,,,,,,,,,,,,,,
Trail Running,2025-07-10 15:04:03,False,"Champ Ukr ARDF, sprint, Lutsk",4.43,236.0,00:44:23,133,180,2.9,154,243,10:01,4:15,8.0,16.0,0.64,0.0,5356.0,No,00:01:07.2,10,00:38:33,00:44:23,190,209,0.7397222222222222,5.988734509951183,1209.0293453724605,10.016666666666667,4.25,fox_1,,,,,,,,,,,,,,,
Trail Running,2025-07-06 11:02:20,False,Holosievo Training 144,10.87,543.0,01:55:09,133,172,2.7,147,247,10:36,4:58,138.0,123.0,0.64,0.0,12390.0,No,00:00:09.3,14,01:39:46,01:55:09,151,199,1.9191666666666667,5.66391663048198,1139.834406623735,10.6,4.966666666666667,fox_1,,,,,,,,,,,,,,,
Running,2025-06-29 12:59:01,False,OPRO distance ,2.03,115.0,00:18:24,139,165,2.5,161,185,9:03,4:32,13.0,16.0,0.69,0.0,2054.0,No,00:01:09.0,3,00:13:25,00:18:24,94,108,0.30666666666666664,6.619565217391305,1011.8226600985223,9.05,4.533333333333333,fox_1,,,,,,,,,,,,,,,
Trail Running,2025-06-29 11:21:36,False,"KYIV SUMMER RIVER ORIENTEERING, vygurivshina",3.67,146.0,00:20:40,163,179,3.4,174,190,5:38,3:50,40.0,41.0,1.02,0.0,3404.0,No,00:00:26.2,13,00:20:14,00:20:40,95,118,0.34444444444444444,10.654838709677419,927.5204359673024,5.633333333333333,3.8333333333333335,fox_1,,,,,,,,,,,,,,,
Trail Running,2025-06-28 12:16:35,False,"KYIV SUMMER RIVER ORIENTEERING, obolon",5.7,310.0,00:44:16,158,177,4.2,163,243,7:46,3:57,12.0,12.0,0.79,0.0,6556.0,No,00:00:56.7,15,00:41:22,00:44:16,91,99,0.7377777777777778,7.725903614457832,1150.1754385964912,7.766666666666667,3.95,fox_1,,,,,,,,,,,,,,,
Running,2025-06-24 07:14:27,False,Lazy Running,10.03,314.0,01:30:49,117,136,1.9,172,243,9:03,5:47,53.0,53.0,0.64,0.0,14944.0,No,00:00:19.2,11,01:28:25,01:30:49,135,158,1.513611111111111,6.62653697926225,1489.9302093718845,9.05,5.783333333333333,fox_1,,,,,,,,,,,,,,,
Running,2025-06-22 12:17:15,False,Korostyshivskyi raion Running,0.73,31.0,00:05:28.2,135,168,1.6,160,190,7:27,5:01,1.0,15.0,0.84,0.0,810.0,No,00:05:28.2,1,00:05:01,00:05:28.2,152,170,0.09116666666666666,8.007312614259599,1109.5890410958905,7.45,5.016666666666667,fox_1,,,,,,,,,,,,,,,
Trail Running,2025-06-22 10:31:15,False,"Granit Cup, mid, Korostyshiv",8.35,463.0,01:33:55,136,181,2.7,142,242,11:15,4:12,126.0,103.0,0.63,0.0,9568.0,No,00:01:30.4,17,01:23:28,01:33:55,148,189,1.5652777777777778,5.334516415261756,1145.868263473054,11.25,4.2,fox_1,,,,,,,,,,,,,,,
Trail Running,2025-06-21 13:01:31,False,"Granit Cup, Korostyshiv, Long",10.61,572.0,01:57:24,142,177,3.3,144,247,11:04,4:21,94.0,89.0,0.62,0.0,11802.0,No,00:01:13.4,17,01:46:15,01:57:24,151,185,1.9566666666666668,5.422487223168654,1112.3468426013196,11.066666666666666,4.35,fox_1,,,,,,,,,,,,,,,
Trail Running,2025-06-15 11:08:09,False,"ARDF, Champ Ukr, Foxoring, Korostyshiv",8.1,480.0,01:12:41,156,179,4.1,155,243,8:59,4:15,66.0,78.0,0.72,0.0,9150.0,No,00:00:53.0,11,01:06:13,01:12:41,163,195,1.2113888888888888,6.686539784453107,1129.6296296296298,8.983333333333333,4.25,fox_1,,,,,,,,,,,,,,,
Trail Running,2025-06-14 11:30:03,False,"ARDF, Champ Ukr, 3,5, Korostyshiv",7.97,377.0,00:59:02,151,181,4.2,165,244,7:24,4:52,47.0,67.0,0.82,0.0,8688.0,No,00:04:02.5,9,00:53:04,00:59:02,164,197,0.9838888888888889,8.100508187464708,1090.0878293601004,7.4,4.866666666666667,fox_1,,,,,,,,,,,,,,,
Running,2025-06-13 11:37:26,False,Korostyshivskyi raion Running,0.62,27.0,00:04:13.4,148,162,1.7,177,188,6:49,5:14,,4.0,0.83,0.0,622.0,No,00:04:13.4,1,00:03:42,00:04:13.4,178,190,0.07038888888888889,8.808208366219416,1003.2258064516129,6.816666666666666,5.233333333333333,fox_1,,,,,,,,,,,,,,,
Trail Running,2025-06-13 10:10:09,False,"ARDF Champ Ukr, 144, Korostyshiv",10.4,481.0,01:24:47,146,176,4.0,157,242,8:09,4:50,68.0,58.0,0.77,0.0,11658.0,No,00:00:45.2,14,01:19:50,01:24:47,178,197,1.4130555555555555,7.3599370945547475,1120.9615384615383,8.15,4.833333333333333,fox_1,,,,,,,,,,,,,,,
Trail Running,2025-06-12 16:02:00,False,"ARDF Champ Ukr, Korostyshiv, 3,5 sprint",5.25,295.0,00:49:26,148,171,3.9,148,234,9:25,4:44,54.0,63.0,0.71,0.0,5850.0,No,00:00:03.4,11,00:47:19,00:49:28,177,205,0.8238888888888889,6.372218476062036,1114.2857142857142,9.416666666666666,4.733333333333333,fox_1,,,,,,,,,,,,,,,
Trail Running,2025-06-08 12:20:02,False,"ARDF 3,5",6.21,288.0,00:55:19,139,167,3.2,157,243,8:54,4:33,39.0,39.0,0.72,0.0,6386.0,No,00:03:30.7,7,00:47:54,00:55:19,171,201,0.9219444444444445,6.735763784272371,1028.341384863124,8.9,4.55,fox_1,,,,,,,,,,,,,,,
Trail Running,2025-06-07 11:15:35,False,"ARDF 3,5",3.72,325.0,01:10:28,133,174,2.6,135,246,18:58,4:27,157.0,70.0,0.39,0.0,4930.0,No,00:00:14.2,5,00:50:13,01:10:28,101,193,1.1744444444444444,3.1674550614947967,1325.268817204301,18.966666666666665,4.45,fox_1,,,,,,,,,,,,,,,
Running,2025-06-01 11:34:33,False,Kyiv City Race (Obolon),9.4,399.0,00:58:38,164,182,5.0,171,190,6:14,4:10,34.0,38.0,0.94,0.0,9330.0,No,00:02:47.2,10,00:56:14,00:58:38,92,112,0.9772222222222222,9.61910176236498,992.5531914893617,6.233333333333333,4.166666666666667,fox_1,,,,,,,,,,,,,,,
Running,2025-05-31 14:07:35,False,"Kyiv City Race (Sprint, Chervonyi Korpus )",5.36,302.0,00:44:31,164,180,4.3,159,241,8:19,3:49,114.0,70.0,0.75,0.0,5762.0,No,00:02:05.2,6,00:40:24,00:44:31,130,185,0.7419444444444444,7.224260576563085,1075.0,8.316666666666666,3.8166666666666664,fox_1,,,,,,,,,,,,,,,
Trail Running,2025-05-18 14:15:48,False,Kyiv Champ botanical day2,3.8,185.0,00:28:34,163,184,3.6,162,233,7:31,4:01,34.0,30.0,0.82,0.0,4118.0,No,00:00:00.9,15,00:27:19,00:28:34,164,193,0.4761111111111111,7.981330221703617,1083.6842105263158,7.516666666666667,4.016666666666667,fox_1,,,,,,,,,,,,,,,
Trail Running,2025-05-17 13:23:56,False,Kyiv Champ botanical,4.59,264.0,00:46:40,144,188,3.3,152,237,10:10,4:04,111.0,108.0,0.64,0.0,5408.0,No,00:00:18.5,13,00:40:47,00:46:40,139,178,0.7777777777777778,5.901428571428571,1178.2135076252723,10.166666666666666,4.066666666666666,fox_1,,,,,,,,,,,,,,,
Trail Running,2025-05-11 10:40:01,False,"Puchar Wiosny 2025 ARDF 3,5MHz, 3 place",6.44,405.0,01:13:36,148,185,3.4,140,243,11:25,3:55,160.0,111.0,0.62,0.0,8012.0,No,00:00:22.5,9,01:04:14,01:13:36,301,399,1.2266666666666666,5.250000000000001,1244.0993788819876,11.416666666666666,3.9166666666666665,fox_1,,,,,,,,,,,,,,,
Trail Running,2025-05-10 10:55:17,False,"Puchar Wiosny 2025 ARDF 144MHz, 3 place",6.6,333.0,01:04:37,139,204,3.7,152,243,9:48,4:31,109.0,75.0,0.67,0.0,7642.0,No,00:04:28.4,8,00:55:14,01:04:37,311,367,1.0769444444444445,6.128449832344596,1157.878787878788,9.8,4.516666666666667,fox_1,,,,,,,,,,,,,,,
Trail Running,2025-05-09 15:06:02,False,"Puchar Wiosny 2025 Foxoring 3,5MHz ",3.86,202.0,00:32:49,152,185,3.5,157,217,8:30,3:45,27.0,32.0,0.75,0.0,4130.0,No,00:00:54.2,8,00:30:07,00:32:49,209,220,0.5469444444444445,7.057389537836465,1069.9481865284974,8.5,3.75,fox_1,,,,,,,,,,,,,,,
Trail Running,2025-05-04 09:33:01,False,Bukowa Cup E6 long,7.96,479.0,01:56:36,130,171,2.5,142,246,14:40,4:15,270.0,303.0,0.48,0.0,10430.0,No,00:00:00.6,17,01:36:02,01:56:36,26,107,1.9433333333333334,4.096054888507719,1310.3015075376884,14.666666666666666,4.25,fox_1,,,,,,,,,,,,,,,
Trail Running,2025-05-03 17:22:10,False,Bukowa Cup E5 middle,4.74,312.0,01:02:39,139,175,2.8,137,249,13:14,5:01,132.0,101.0,0.55,0.0,6262.0,No,00:00:01.7,15,00:58:26,01:02:39,15,102,1.0441666666666667,4.539505187549881,1321.097046413502,13.233333333333333,5.016666666666667,fox_1,,,,,,,,,,,,,,,
Trail Running,2025-05-03 09:12:02,False,Bukowa Cup E4 middle,6.84,402.0,01:28:18,136,185,2.9,141,247,12:55,4:09,115.0,126.0,0.55,0.0,8812.0,No,00:00:08.8,17,01:20:13,01:28:18,80,132,1.4716666666666667,4.647791619479048,1288.3040935672516,12.916666666666666,4.15,fox_1,,,,,,,,,,,,,,,
Trail Running,2025-05-02 10:08:06,False,Bukowa Cup E3 long,9.79,569.0,02:02:49,143,172,3.4,140,250,12:32,5:02,217.0,223.0,0.57,0.0,12268.0,No,00:00:00.7,17,01:47:48,02:02:49,96,158,2.0469444444444442,4.782738499117927,1253.1154239019409,12.533333333333333,5.033333333333333,fox_1,,,,,,,,,,,,,,,
Running,2025-05-01 18:20:10,False,"Bukowa Cup E2 Sprint, Gryfino",3.1,154.0,00:23:02,164,182,3.4,165,200,7:26,3:15,14.0,10.0,0.81,0.0,3194.0,No,00:00:33.3,4,00:21:37,00:23:02,5,14,0.3838888888888889,8.075253256150507,1030.3225806451612,7.433333333333334,3.25,fox_1,,,,,,,,,,,,,,,
Trail Running,2025-05-01 11:24:20,False,Bukowa Cup E1 middle,5.13,480.0,01:14:25,156,181,4.0,134,243,14:31,4:55,174.0,171.0,0.51,0.0,7318.0,No,00:00:10.8,16,01:08:30,01:14:25,103,167,1.2402777777777778,4.136170212765958,1426.5107212475634,14.516666666666667,4.916666666666667,fox_1,,,,,,,,,,,,,,,
Trail Running,2025-04-27 09:58:02,False,Champ Ukr ARDF foxoring,8.72,451.0,01:12:51,154,188,4.0,163,247,8:21,4:22,128.0,123.0,0.73,0.0,9776.0,No,00:00:31.7,13,01:03:56,01:12:51,272,310,1.2141666666666666,7.181880576527111,1121.1009174311926,8.35,4.366666666666666,fox_1,,,,,,,,,,,,,,,
Trail Running,2025-04-26 11:40:05,False,Champ Ukr ARDF 144,8.65,416.0,01:28:13,138,174,3.1,157,247,10:12,4:48,35.0,42.0,0.62,0.0,9594.0,No,00:01:13.4,10,01:07:40,01:28:13,280,300,1.4702777777777778,5.883242017759305,1109.1329479768785,10.2,4.8,fox_1,,,,,,,,,,,,,,,
Trail Running,2025-04-25 11:20:06,False,"Champ Ukr ARDF 3,5",7.31,397.0,01:05:00,151,177,4.1,158,243,8:53,3:48,74.0,49.0,0.71,0.0,8716.0,No,00:00:23.0,11,00:59:16,01:06:25,278,311,1.0833333333333333,6.747692307692308,1192.3392612859097,8.883333333333333,3.8,fox_1,,,,,,,,,,,,,,,
Running,2025-04-20 12:53:13,False,Boba‘s birthday run 🥳,11.38,597.0,01:43:11,145,166,3.8,171,249,9:04,4:20,47.0,45.0,0.64,0.0,16780.0,No,00:02:35.4,12,01:40:20,01:43:11,135,158,1.7197222222222222,6.617347762881603,1474.5166959578207,9.066666666666666,4.333333333333333,fox_1,,,,,,,,,,,,,,,
Trail Running,2025-04-13 11:25:03,False,"Kyiv champ ARDF 3,5",10.88,545.0,01:41:16,149,186,3.6,156,243,9:18,4:32,57.0,61.0,0.69,0.0,11810.0,No,00:01:01.6,13,01:21:58,01:41:16,101,116,1.6877777777777778,6.4463462804476634,1085.4779411764705,9.3,4.533333333333333,fox_1,,,,,,,,,,,,,,,
Running,2025-04-13 11:15:42,False,Kyiv Running,0.64,25.0,00:04:53.9,128,141,1.4,174,178,7:39,6:41,20.0,22.0,0.75,0.0,836.0,No,00:04:53.9,1,00:04:49,00:04:53.9,92,114,0.08163888888888889,7.8394011568560735,1306.25,7.65,6.683333333333334,fox_1,,,,,,,,,,,,,,,
Trail Running,2025-04-12 11:52:02,False,Kyiv champ ARDF,9.7,493.0,01:31:23,148,173,3.4,150,247,9:25,4:31,73.0,65.0,0.71,0.0,11634.0,No,00:06:39.1,10,01:23:08,01:31:23,101,118,1.5230555555555556,6.368776217399233,1199.381443298969,9.416666666666666,4.516666666666667,fox_1,,,,,,,,,,,,,,,
Trail Running,2025-04-06 10:30:06,False,Champ Ukr Foxoring,10.98,626.0,01:48:04,153,184,4.4,155,248,9:50,4:06,249.0,250.0,0.65,0.0,12976.0,No,00:00:36.9,15,01:35:05,01:48:04,125,206,1.801111111111111,6.096236890808143,1181.7850637522768,9.833333333333334,4.1,fox_1,,,,,,,,,,,,,,,
Trail Running,2025-04-05 10:00:03,False,"Champ Ukr ARDF 3,5",8.18,521.0,01:18:14,160,189,5.0,156,247,9:34,4:45,131.0,120.0,0.67,0.0,10054.0,No,00:00:04.3,11,01:09:49,01:18:14,144,206,1.3038888888888889,6.273540690242863,1229.0953545232273,9.566666666666666,4.75,fox_1,,,,,,,,,,,,,,,
Trail Running,2025-04-04 10:35:01,False,Champ Ukr ARDF 144,12.31,845.0,01:59:43,164,188,5.0,151,243,9:43,4:33,59.0,61.0,0.68,0.0,14516.0,No,00:03:42.0,14,01:47:58,01:59:43,105,126,1.9952777777777777,6.169567033273006,1179.203899268887,9.716666666666667,4.55,fox_1,,,,,,,,,,,,,,,
Trail Running,2025-03-30 11:26:35,False,Kyievo-Sviatoshynskyi pelengacia,4.13,253.0,00:49:39,133,170,3.0,147,244,12:02,4:29,63.0,62.0,0.56,0.0,4928.0,No,00:00:32.4,8,00:41:39,00:49:39,158,193,0.8275,4.990936555891238,1193.2203389830509,12.033333333333333,4.483333333333333,fox_1,,,,,,,,,,,,,,,
Trail Running,2025-03-29 11:49:58,False,Kyievo-Sviatoshynskyi raion Pelengacia,10.08,759.0,01:57:13,158,189,4.7,149,247,11:38,3:49,373.0,251.0,0.58,0.0,13458.0,No,00:01:21.2,14,01:44:50,01:57:13,30,197,1.9536111111111112,5.1596758140196215,1335.1190476190477,11.633333333333333,3.8166666666666664,fox_1,,,,,,,,,,,,,,,
Trail Running,2025-03-23 12:09:59,False,Pyrogovo -VDNG pelengacia,8.01,457.0,01:15:01,148,181,4.0,163,242,9:22,4:55,123.0,117.0,0.65,0.0,10666.0,No,00:00:02.0,11,01:09:42,01:15:01,158,206,1.2502777777777778,6.406576316374139,1331.5855181023721,9.366666666666667,4.916666666666667,fox_1,,,,,,,,,,,,,,,
Running,2025-03-23 11:46:09,False,Kyiv Running,1.78,94.0,00:20:19,126,159,2.3,150,182,11:24,7:56,34.0,39.0,0.59,0.0,2850.0,No,00:09:34.2,2,00:19:52,00:20:19,151,191,0.3386111111111111,5.256767842493848,1601.123595505618,11.4,7.933333333333334,fox_1,,,,,,,,,,,,,,,
Trail Running,2025-03-22 12:05:01,False,Pyrogovo pelengacia,4.09,272.0,00:39:35,155,178,3.6,157,185,9:40,5:56,31.0,28.0,0.66,0.0,2464.0,No,00:00:51.0,5,00:38:18,00:39:35,180,196,0.6597222222222222,6.199578947368421,602.4449877750611,9.666666666666666,5.933333333333334,fox_1,,,,,,,,,,,,,,,
Trail Running,2025-03-16 12:11:16,False,Kyiv Champ obolon,4.34,185.0,00:26:44,149,189,3.3,177,195,6:10,4:02,6.0,7.0,0.91,0.0,4524.0,No,00:26:44,1,00:26:05,00:26:44,91,101,0.44555555555555554,9.740648379052368,1042.3963133640552,6.166666666666667,4.033333333333333,fox_1,,,,,,,,,,,,,,,
Trail Running,2025-03-15 11:01:08,False,Kyiv Champ Obukhivskyi raion,12.28,865.0,02:02:59,160,190,5.0,154,247,10:01,4:19,198.0,223.0,0.65,0.0,14878.0,No,00:00:02.0,14,01:47:03,02:02:59,127,180,2.049722222222222,5.991055698604147,1211.5635179153096,10.016666666666667,4.316666666666666,fox_1,,,,,,,,,,,,,,,
Trail Running,2025-03-09 12:02:09,False,Radiopelengacia Koncha zaspa,7.25,446.0,01:01:53,157,184,5.0,154,246,8:32,4:37,37.0,41.0,0.76,0.0,8530.0,No,01:01:53,1,00:56:19,01:01:53,104,121,1.031388888888889,7.029356315647724,1176.551724137931,8.533333333333333,4.616666666666667,fox_1,,,,,,,,,,,,,,,
Trail Running,2025-03-08 12:14:22,False,Radiopelengacia,4.57,307.0,00:46:24,149,185,3.8,146,239,10:09,4:50,79.0,86.0,0.67,0.0,5788.0,No,00:46:24,1,00:41:05,00:46:24,150,204,0.7733333333333333,5.90948275862069,1266.5207877461705,10.15,4.833333333333333,fox_1,,,,,,,,,,,,,,,
Trail Running,2025-03-02 11:14:42,False,Lisovyi masyv,8.36,542.0,01:23:25,154,183,4.2,158,246,9:59,5:10,36.0,31.0,0.63,0.0,11016.0,No,00:00:52.8,21,01:15:36,01:23:26,106,119,1.3902777777777777,6.013186813186813,1317.7033492822968,9.983333333333333,5.166666666666667,fox_1,,,,,,,,,,,,,,,
Trail Running,2025-03-01 11:55:29,False,"Radiopelengacia, 1 sproba ",6.51,398.0,01:01:58,146,178,4.1,169,247,9:31,4:47,82.0,76.0,0.62,0.0,8158.0,No,01:01:58,1,00:50:05,01:01:58,168,207,1.0327777777777778,6.303388918773534,1253.1490015360982,9.516666666666667,4.783333333333333,fox_1,,,,,,,,,,,,,,,
Indoor Running,2025-02-16 13:11:04,False,"Indoor-O, Champ Ukr",0.64,356.0,00:44:05,169,190,5.0,158,239,,4:50,220.0,260.0,0.09,0.0,6110.0,No,00:44:05,1,00:06:45,00:44:05,37,156,0.7347222222222223,0.8710775047258978,9546.875,,4.833333333333333,fox_1,,,,,,,,,,,,,,,
Indoor Running,2025-02-15 13:20:02,False,"Indoor-O, Champ Ukr, KAI",0.0,592.0,01:36:44,143,192,4.4,160,243,,,,,0.0,0.0,11904.0,No,01:36:44,1,00:00:00,01:36:44,,,1.6122222222222222,0.0,inf,,,fox_1,,,,,,,,,,,,,,,
Indoor Running,2025-02-09 10:22:25,False,Kyiv Champ,1.54,247.0,00:37:37,145,185,3.6,152,225,24:31,7:58,172.0,155.0,0.27,0.0,3814.0,No,00:37:37,1,00:13:28,00:37:37,92,166,0.6269444444444444,2.456357997341604,2476.6233766233768,24.516666666666666,7.966666666666667,fox_1,,,,,,,,,,,,,,,
Indoor Running,2025-02-08 15:05:52,False,Kyiv Champ,0.0,290.0,00:37:08,164,185,4.9,167,243,,,,,0.0,0.0,5278.0,No,00:37:08,1,00:00:00,00:37:08,,,0.6188888888888889,0.0,inf,,,fox_1,,,,,,,,,,,,,,,
Trail Running,2025-02-02 11:30:39,False,Koncha ozerna,15.18,961.0,03:16:41,139,180,3.7,146,244,12:57,4:33,141.0,151.0,0.53,0.0,19196.0,No,00:01:50.1,21,02:26:37,03:16:41,95,132,3.2780555555555555,4.630794000508431,1264.558629776021,12.95,4.55,fox_1,,,,,,,,,,,,,,,
Running,2025-01-26 11:18:56,False,Kyiv Other,7.57,483.0,01:33:26,135,177,3.2,149,230,12:20,5:19,34.0,35.0,0.54,0.0,10034.0,No,00:01:02.8,11,01:13:00,01:33:30,108,120,1.5572222222222223,4.861220121298609,1325.4953764861293,12.333333333333334,5.316666666666666,fox_1,,,,,,,,,,,,,,,
Running,2025-01-25 13:13:40,False,Kyiv Other,0.21,9.0,00:01:17.6,163,168,1.3,177,181,6:18,5:55,,,0.89,0.0,224.0,No,00:00:01.4,2,00:01:17.2,00:01:17.6,99,102,0.021555555555555553,9.742268041237114,1066.6666666666667,6.3,5.916666666666667,fox_1,,,,,,,,,,,,,,,
Running,2025-01-25 11:19:34,False,Kyiv Other,14.98,839.0,01:51:40,165,184,5.0,174,239,7:27,4:47,59.0,59.0,0.77,0.0,18148.0,No,00:00:01.3,34,01:47:43,01:51:41,94,111,1.8611111111111112,8.048955223880597,1211.4819759679572,7.45,4.783333333333333,fox_1,,,,,,,,,,,,,,,
Running,2025-01-19 12:27:25,False,Vyshhorodskyi raion Other,10.05,502.0,01:28:25,143,181,3.4,172,198,8:48,,43.0,45.0,0.66,0.0,15010.0,No,01:28:25,1,00:00:00,01:28:25,135,157,1.4736111111111112,6.819981149858624,1493.5323383084576,8.8,,fox_1,,,,,,,,,,,,,,,
Running,2025-01-08 17:21:47,False,Kyiv Other,3.06,102.0,00:19:40,124,175,2.1,175,188,6:26,4:59,11.0,19.0,0.89,0.0,3312.0,No,00:19:40,1,00:19:16,00:19:40,189,202,0.3277777777777778,9.335593220338984,1082.3529411764705,6.433333333333334,4.983333333333333,fox_1,,,,,,,,,,,,,,,
Running,2025-01-08 16:56:18,False,Kyiv Other,1.75,107.0,00:25:00,115,146,2.1,147,241,14:19,4:41,15.0,7.0,0.48,0.0,2212.0,No,00:25:00,1,00:17:13,00:25:00,185,204,0.4166666666666667,4.2,1264.0,14.316666666666666,4.683333333333334,fox_1,,,,,,,,,,,,,,,
Running,2025-01-02 11:25:38,False,Vyshhorodskyi raion Other,10.06,443.0,01:31:35,133,153,2.9,170,185,9:06,,37.0,36.0,0.64,0.0,15430.0,No,01:31:35,1,00:00:00,01:31:35,136,158,1.5263888888888888,6.590718835304823,1533.797216699801,9.1,,fox_1,,,,,,,,,,,,,,,
Running,2024-12-31 11:30:00,False,Kyievo-Sviatoshynskyi raion Other,7.7,540.0,01:34:50,142,174,3.5,150,242,12:19,4:55,181.0,181.0,0.54,0.0,10396.0,No,01:34:50,1,01:16:16,01:34:50,145,192,1.5805555555555555,4.8717047451669595,1350.1298701298701,12.316666666666666,4.916666666666667,fox_1,,,,,,,,,,,,,,,
Running,2024-12-27 12:01:11,False,Kyiv Other,5.17,279.0,00:36:36,160,185,4.7,171,182,7:05,,5.0,2.0,0.83,0.0,5832.0,No,00:36:36,1,00:00:00,00:36:36,98,108,0.61,8.475409836065573,1128.046421663443,7.083333333333333,,fox_1,,,,,,,,,,,,,,,
Running,2024-12-25 09:44:41,False,Vyshhorodskyi raion Other,5.89,330.0,00:45:46,153,177,4.5,173,188,7:46,,10.0,7.0,0.74,0.0,7888.0,No,00:45:46,1,00:00:00,00:45:46,135,147,0.7627777777777778,7.721777130371449,1339.2190152801359,7.766666666666667,,fox_1,,,,,,,,,,,,,,,
Running,2024-12-22 11:13:59,False,Kyiv Other,6.94,523.0,01:33:52,137,177,3.8,157,234,13:32,5:04,41.0,41.0,0.47,0.0,8552.0,No,01:33:52,1,01:02:03,01:33:52,99,111,1.5644444444444445,4.436079545454546,1232.2766570605186,13.533333333333333,5.066666666666666,fox_1,,,,,,,,,,,,,,,
Running,2024-12-13 18:06:09,False,Other,0.0,260.0,00:33:13,164,183,4.6,167,241,,,,,0.0,0.0,4066.0,No,00:33:13,1,00:00:00,00:33:13,,,0.5536111111111112,0.0,inf,,,fox_1,,,,,,,,,,,,,,,
Running,2024-02-03 10:56:27,False,Kyiv Other,7.13,448.0,01:08:25,153,194,4.9,165,244,9:36,4:03,105.0,105.0,0.63,0.0,8760.0,No,01:08:25,1,00:56:33,01:08:25,159,202,1.1402777777777777,6.252862362971985,1228.6115007012622,9.6,4.05,fox_1,,,,,,,,,,,,,,,
Running,2024-01-20 10:19:25,False,Vyshhorodskyi raion Other,10.01,470.0,01:30:10,143,170,3.6,173,242,9:01,6:16,47.0,41.0,0.64,0.0,15196.0,No,01:30:10,1,01:28:52,01:30:10,136,158,1.5027777777777778,6.660998151571165,1518.081918081918,9.016666666666667,6.266666666666667,fox_1,,,,,,,,,,,,,,,
Running,2024-01-14 11:06:55,False,Kyiv Other,5.77,491.0,01:12:55,158,181,5.0,156,234,12:38,4:38,119.0,116.0,0.51,0.0,3500.0,No,01:12:55,1,00:54:59,01:12:55,143,182,1.2152777777777777,4.747885714285714,606.5857885615252,12.633333333333333,4.633333333333333,fox_1,,,,,,,,,,,,,,,
Running,2024-01-06 11:18:18,False,Kyiv Other,3.6,288.0,00:51:34,141,166,3.4,147,241,14:20,4:37,35.0,52.0,0.47,0.0,6148.0,No,00:51:34,1,00:35:48,00:51:38,144,176,0.8594444444444445,4.188752424046542,1707.7777777777778,14.333333333333334,4.616666666666667,fox_1,,,,,,,,,,,,,,,
Running,2024-01-06 11:12:15,False,Other,0.0,37.0,00:05:38.0,147,165,2.0,145,177,,,,,0.0,0.0,688.0,No,00:05:38.0,1,00:00:00,00:05:40.8,,,0.09388888888888888,0.0,inf,,,fox_1,,,,,,,,,,,,,,,
Running,2023-12-23 10:42:08,True,Vyshhorodskyi raion Other,10.87,527.0,01:19:57,152,180,4.6,178,192,7:21,5:15,31.0,33.0,0.76,0.0,14200.0,No,01:19:57,1,01:19:45,01:19:57,136,161,1.3325,8.157598499061914,1306.3477460901565,7.35,5.25,fox_1,,,,,,,,,,,,,,,
Running,2023-12-02 11:10:14,True,Kyiv Other,7.08,466.0,01:21:24,148,174,3.5,159,245,11:30,4:41,52.0,48.0,0.55,0.0,8814.0,No,01:21:24,1,00:58:30,01:21:24,185,202,1.3566666666666667,5.218673218673219,1244.915254237288,11.5,4.683333333333334,fox_1,,,,,,,,,,,,,,,
Running,2023-11-25 11:46:32,True,Kyiv Other,8.23,533.0,01:15:59,160,192,5.0,161,243,9:14,4:17,32.0,31.0,0.67,0.0,9438.0,No,01:15:59,1,01:05:13,01:15:59,94,107,1.2663888888888888,6.498793595086642,1146.7800729040096,9.233333333333333,4.283333333333333,fox_1,,,,,,,,,,,,,,,
Running,2023-11-19 11:20:23,False,Other,0.0,250.0,00:43:52,143,167,3.4,148,247,,,,,0.0,0.0,3976.0,No,00:43:52,1,00:00:00,00:43:52,,,0.7311111111111112,0.0,inf,,,fox_1,,,,,,,,,,,,,,,
Running,2023-10-30 09:17:47,True,Murometz park,19.87,878.0,02:25:26,154,183,5.0,176,243,7:19,5:01,45.0,41.0,0.78,0.0,23258.0,No,02:25:26,1,02:13:29,02:25:26,91,105,2.423888888888889,8.197570479028192,1170.5083039758429,7.316666666666666,5.016666666666667,fox_1,,,,,,,,,,,,,,,
Running,2023-10-26 07:12:00,True,Geneva Other,3.39,190.0,00:32:42,139,163,2.9,169,186,9:38,5:29,98.0,102.0,0.62,0.0,4522.0,No,00:32:42,1,00:27:07,00:32:42,371,423,0.545,6.220183486238532,1333.9233038348082,9.633333333333333,5.483333333333333,fox_1,,,,,,,,,,,,,,,
Running,2023-10-25 06:57:08,True,Geneva Other,11.17,616.0,01:33:18,159,179,4.5,171,243,8:21,4:05,136.0,123.0,0.7,0.0,13502.0,No,01:33:18,1,01:15:01,01:33:18,370,422,1.555,7.183279742765274,1208.7735004476276,8.35,4.083333333333333,fox_1,,,,,,,,,,,,,,,
Running,2023-10-15 10:27:37,True,Vyshhorodskyi raion Other,10.18,463.0,01:00:10,169,193,5.0,178,190,5:55,4:19,47.0,54.0,0.95,0.0,10670.0,No,01:00:10,1,00:59:57,01:00:10,110,158,1.0027777777777778,10.15180055401662,1048.1335952848724,5.916666666666667,4.316666666666666,fox_1,,,,,,,,,,,,,,,
Running,2023-10-01 10:00:56,True,Half marathon,21.27,988.0,02:14:11,168,183,5.0,179,190,6:19,4:49,33.0,33.0,0.88,0.0,24002.0,No,02:14:11,1,02:14:11,02:14:11,92,105,2.236388888888889,9.510868215128555,1128.443817583451,6.316666666666666,4.816666666666666,fox_1,,,,,,,,,,,,,,,
Other,2023-09-25 11:08:26,False,Kyiv Other,1.87,89.0,01:03:18,75,149,1.2,119,133,1.8,6.0,51.0,27.0,0.25,0.0,1970.0,No,01:03:18,1,00:22:04,01:03:18,142,166,1.055,1.7725118483412325,1053.475935828877,1.8,6.0,fox_1,,,,,,,,,,,,,,,
Other,2023-09-24 11:49:15,False,Kyiv Other,1.19,81.0,00:45:16,82,127,1.1,122,140,1.6,6.0,7.0,7.0,0.22,0.0,1364.0,No,00:45:16,1,00:12:42,00:45:16,164,173,0.7544444444444445,1.577319587628866,1146.218487394958,1.6,6.0,fox_1,,,,,,,,,,,,,,,
Other,2023-09-23 16:27:15,False,Kyiv Other,2.16,116.0,00:57:37,87,135,1.2,120,139,2.2,4.9,74.0,36.0,0.31,0.0,960.0,No,00:57:37,1,00:11:05,00:57:37,151,219,0.9602777777777778,2.249349146658953,444.4444444444444,2.2,4.9,fox_1,,,,,,,,,,,,,,,
Running,2023-09-22 13:45:22,False,Kyiv Other,1.1,80.0,00:36:50,89,144,1.2,121,135,33:28,9:39,2.0,6.0,0.25,0.0,1036.0,No,00:36:50,1,00:10:24,00:36:50,167,173,0.6138888888888889,1.7918552036199096,941.8181818181818,33.46666666666667,9.65,fox_1,,,,,,,,,,,,,,,
Running,2023-09-21 08:22:59,True,Kyiv Other,13.18,615.0,01:26:14,162,171,5.0,178,188,6:33,5:02,11.0,17.0,0.86,0.0,15318.0,No,01:26:14,1,01:26:06,01:26:14,91,113,1.4372222222222222,9.170467723231543,1162.215477996965,6.55,5.033333333333333,fox_1,,,,,,,,,,,,,,,
Running,2023-09-16 10:35:19,True,Kyiv Other,3.86,200.0,00:31:27,145,165,3.4,159,249,8:08,3:23,69.0,71.0,0.77,0.0,4328.0,No,00:31:27,1,00:28:28,00:31:27,162,198,0.5241666666666667,7.364069952305246,1121.2435233160622,8.133333333333333,3.3833333333333333,fox_1,,,,,,,,,,,,,,,
Running,2023-09-15 16:24:38,True,Kyiv Other,4.44,233.0,00:33:03,157,189,4.4,166,190,7:27,3:45,87.0,93.0,0.81,0.0,5008.0,No,00:33:03,1,00:31:53,00:33:03,139,197,0.5508333333333333,8.06051437216339,1127.9279279279278,7.45,3.75,fox_1,,,,,,,,,,,,,,,
Other,2023-09-10 12:47:10,False,Kyiv Other,0.57,31.0,00:04:21.8,161,176,2.0,173,186,7.8,14.2,4.0,,0.75,0.0,574.0,No,00:04:21.8,1,00:03:45,00:04:21.8,181,187,0.07272222222222223,7.838044308632543,1007.0175438596492,7.8,14.2,fox_1,,,,,,,,,,,,,,,
Running,2023-09-10 10:13:28,True,Kyiv Other,2.58,114.0,00:16:01,162,171,3.3,170,180,6:12,3:57,13.0,5.0,0.95,0.0,2532.0,No,00:16:01,1,00:15:42,00:16:01,182,200,0.26694444444444443,9.664932362122789,981.3953488372093,6.2,3.95,fox_1,,,,,,,,,,,,,,,
Running,2023-09-09 10:05:28,True,Kyiv Other,3.93,189.0,00:25:54,164,181,4.1,170,247,6:35,3:48,15.0,19.0,0.9,0.0,3844.0,No,00:25:54,1,00:24:39,00:25:54,92,109,0.43166666666666664,9.104247104247104,978.117048346056,6.583333333333333,3.8,fox_1,,,,,,,,,,,,,,,
Other,2023-09-06 08:22:43,False,Other,0.0,151.0,00:20:17,167,179,3.7,178,184,,,,,0.0,0.0,3570.0,No,00:20:17,1,00:00:00,00:20:17,,,0.33805555555555555,0.0,inf,,,fox_1,,,,,,,,,,,,,,,
Other,2023-09-06 07:57:45,False,Other,0.0,125.0,00:17:04,164,171,,178,182,,,,,0.0,0.0,3040.0,No,00:17:04,1,00:00:00,00:17:04,,,0.28444444444444444,0.0,inf,,,fox_1,,,,,,,,,,,,,,,
Other,2023-09-06 07:41:01,False,Other,0.0,62.0,00:12:07,126,164,2.0,176,244,,,,,0.0,0.0,2014.0,No,00:00:01.2,4,00:00:00,00:12:10,,,0.20194444444444445,0.0,inf,,,fox_1,,,,,,,,,,,,,,,
Other,2023-09-03 11:22:25,False,Other,0.0,337.0,00:51:10,152,182,4.3,145,243,,,,,0.0,0.0,5070.0,No,00:51:10,1,00:00:00,00:51:10,,,0.8527777777777777,0.0,inf,,,fox_1,,,,,,,,,,,,,,,
Running,2023-08-15 08:15:53,False,Kanivskyi raion Other,1.01,50.0,00:07:51.9,145,158,2.2,175,182,7:48,6:23,47.0,4.0,0.73,0.0,438.0,No,00:07:51.9,1,00:07:50,00:07:51.9,92,139,0.13108333333333333,7.705022250476796,433.66336633663366,7.8,6.383333333333334,fox_1,,,,,,,,,,,,,,,
Running,2023-08-15 07:15:12,False,Kanivskyi raion Other,1.82,80.0,00:12:44,141,156,2.5,173,179,7:00,5:32,,37.0,0.82,0.0,496.0,No,00:12:44,1,00:12:44,00:12:44,100,141,0.21222222222222223,8.575916230366492,272.5274725274725,7.0,5.533333333333333,fox_1,,,,,,,,,,,,,,,
Running,2023-08-14 08:09:02,False,Kanivskyi raion Other,1.45,71.0,00:11:06,144,156,2.5,171,183,7:38,5:40,21.0,,0.77,0.0,650.0,No,00:11:06,1,00:11:06,00:11:06,108,140,0.185,7.837837837837838,448.2758620689655,7.633333333333333,5.666666666666667,fox_1,,,,,,,,,,,,,,,
Other,2023-08-14 07:15:19,False,Kanivskyi raion Other,0.46,74.0,00:12:02,140,156,2.4,165,180,2.3,14.0,,,0.23,0.0,964.0,No,00:12:02,1,00:02:56,00:12:02,99,106,0.20055555555555554,2.2936288088642662,2095.6521739130435,2.3,14.0,fox_1,,,,,,,,,,,,,,,
Running,2023-06-24 06:31:56,True,Vyshhorodskyi raion Other,9.77,410.0,01:25:50,132,149,2.8,171,194,8:47,4:15,47.0,49.0,0.66,0.0,13198.0,No,01:25:50,1,01:17:16,01:25:50,136,158,1.4305555555555556,6.8295145631067955,1350.8700102354146,8.783333333333333,4.25,fox_1,,,,,,,,,,,,,,,
Trail Running,2023-06-18 11:15:58,True,Korostyshivskyi raion Other,9.17,625.0,01:54:05,147,178,4.0,144,241,12:27,4:04,85.0,105.0,0.56,0.0,10412.0,No,01:54:05,1,01:26:17,01:54:05,152,182,1.9013888888888888,4.822790357925493,1135.4416575790622,12.45,4.066666666666666,fox_1,,,,,,,,,,,,,,,
Trail Running,2023-06-17 13:28:12,True,Korostyshivskyi raion Other,5.2,422.0,01:03:17,155,175,4.5,143,243,12:11,4:10,56.0,64.0,0.58,0.0,5982.0,No,01:03:17,1,00:52:19,01:03:17,144,177,1.0547222222222221,4.930208058993943,1150.3846153846152,12.183333333333334,4.166666666666667,fox_1,,,,,,,,,,,,,,,
Running,2023-06-10 10:35:35,True,Kyiv Other,3.64,199.0,00:29:04,156,179,3.8,169,186,7:59,4:47,32.0,32.0,0.74,0.0,4090.0,No,00:29:04,1,00:24:33,00:29:04,172,194,0.48444444444444446,7.513761467889909,1123.6263736263736,7.983333333333333,4.783333333333333,fox_1,,,,,,,,,,,,,,,
Running,2023-06-04 12:33:12,True,Kyiv Other,8.0,524.0,01:27:20,147,179,4.4,154,244,10:54,4:26,35.0,35.0,0.59,0.0,8984.0,No,01:27:20,1,01:00:10,01:27:20,100,119,1.4555555555555555,5.4961832061068705,1123.0,10.9,4.433333333333334,fox_1,,,,,,,,,,,,,,,
Running,2023-05-28 12:35:35,False,Kyiv Other,1.43,83.0,01:13:54,70,108,1.0,120,136,51:46,11:40,13.0,3.0,0.16,0.0,1286.0,No,01:13:54,1,00:11:54,01:13:54,164,181,1.2316666666666667,1.1610284167794316,899.3006993006993,51.766666666666666,11.666666666666666,fox_1,,,,,,,,,,,,,,,
Other,2023-05-27 12:26:49,False,Kyiv Other,2.99,284.0,01:41:35,104,171,2.0,125,144,1.8,7.2,56.0,33.0,0.24,0.0,3040.0,No,01:41:35,1,00:27:09,01:41:37,141,166,1.6930555555555555,1.7660377358490567,1016.7224080267558,1.8,7.2,fox_1,,,,,,,,,,,,,,,
Other,2023-05-26 11:36:02,False,Kyiv Other,1.5,167.0,00:57:05,105,145,1.5,120,135,1.6,7.2,28.0,15.0,0.22,0.0,1906.0,No,00:57:05,1,00:18:04,00:57:05,161,189,0.9513888888888888,1.5766423357664234,1270.6666666666667,1.6,7.2,fox_1,,,,,,,,,,,,,,,
Running,2023-05-21 11:22:02,True,Kyiv Other,6.05,313.0,00:57:31,138,172,3.5,131,244,9:30,2:51,78.0,74.0,0.8,0.0,918.0,No,00:57:31,1,00:43:38,00:57:32,152,200,0.9586111111111111,6.311214140828746,151.73553719008265,9.5,2.85,fox_1,,,,,,,,,,,,,,,
Running,2023-05-20 14:43:11,True,Kyiv Other,3.58,248.0,00:39:38,146,170,3.6,125,240,11:04,2:59,44.0,45.0,0.72,0.0,490.0,No,00:39:38,1,00:39:38,00:39:38,164,232,0.6605555555555556,5.419680403700589,136.87150837988827,11.066666666666666,2.9833333333333334,fox_1,,,,,,,,,,,,,,,
Other,2023-05-20 11:41:04,False,Kyiv Other,3.98,263.0,00:51:06,134,177,3.0,126,249,4.7,18.8,25.0,57.0,0.62,0.0,364.0,No,00:24:40,2,00:30:06,00:51:06,156,198,0.8516666666666667,4.673189823874755,91.4572864321608,4.7,18.8,fox_1,,,,,,,,,,,,,,,
Running,2023-05-14 12:51:34,True,Kyiv Other,7.49,315.0,01:14:00,130,181,2.9,125,246,9:53,3:06,57.0,43.0,0.81,0.0,176.0,No,01:14:00,1,00:48:22,01:14:00,185,202,1.2333333333333334,6.0729729729729724,23.497997329773032,9.883333333333333,3.1,fox_1,,,,,,,,,,,,,,,
Running,2023-05-04 08:50:43,True,Helsinki Other,1.23,61.0,00:09:06.1,152,165,2.5,177,187,7:25,2:50,12.0,17.0,0.76,0.0,1568.0,No,00:09:06.1,1,00:08:56,00:09:06.1,5,23,0.15169444444444444,8.10840505401941,1274.7967479674796,7.416666666666667,2.8333333333333335,fox_1,,,,,,,,,,,,,,,
Running,2023-05-04 07:47:11,True,Uusimaa Other,5.57,360.0,00:52:08,162,181,5.0,173,182,9:21,5:19,98.0,86.0,0.62,0.0,7276.0,No,00:52:08,1,00:37:05,00:52:08,-3,66,0.8688888888888889,6.410485933503836,1306.2836624775582,9.35,5.316666666666666,fox_1,,,,,,,,,,,,,,,
Running,2023-05-02 07:41:12,True,Helsinki Other,7.15,415.0,01:04:18,153,173,4.6,173,246,9:00,4:42,126.0,122.0,0.64,0.0,9016.0,No,01:04:18,1,00:50:38,01:04:18,-3,37,1.0716666666666668,6.671850699844478,1260.979020979021,9.0,4.7,fox_1,,,,,,,,,,,,,,,
Running,2023-04-28 07:10:13,True,Silai Other,10.05,537.0,01:15:42,160,184,5.0,176,202,7:32,4:59,27.0,28.0,0.76,0.0,13258.0,No,01:15:42,1,01:13:34,01:15:42,81,114,1.2616666666666667,7.965653896961691,1319.2039800995024,7.533333333333333,4.983333333333333,fox_1,,,,,,,,,,,,,,,
Running,2023-03-19 11:04:15,True,Kyiv Other,5.9,407.0,00:57:37,160,190,5.0,151,247,9:46,4:18,98.0,82.0,0.68,0.0,7218.0,No,00:57:37,1,00:52:35,00:57:37,141,182,0.9602777777777778,6.144055539485103,1223.3898305084745,9.766666666666667,4.3,fox_1,,,,,,,,,,,,,,,
Running,2023-03-18 11:58:07,True,Kyiv Other,3.2,139.0,00:20:12,154,174,3.3,170,186,6:19,,13.0,13.0,0.93,0.0,3186.0,No,00:20:12,1,00:00:00,00:20:12,174,193,0.33666666666666667,9.504950495049505,995.625,6.316666666666666,,fox_1,,,,,,,,,,,,,,,
Running,2023-03-11 11:32:53,False,Kyiv Other,1.93,173.0,00:29:08,140,168,3.1,155,188,15:06,,28.0,39.0,0.43,0.0,2886.0,No,00:29:08,1,00:00:00,00:29:08,159,191,0.4855555555555556,3.974828375286041,1495.3367875647668,15.1,,fox_1,,,,,,,,,,,,,,,
Running,2023-03-04 11:34:18,True,Kyiv Other,5.87,451.0,01:44:13,129,167,2.6,140,194,17:45,4:54,155.0,149.0,0.4,0.0,7536.0,No,01:44:13,1,00:58:48,01:44:13,137,182,1.7369444444444444,3.3794978410363026,1283.81601362862,17.75,4.9,fox_1,,,,,,,,,,,,,,,
Running,2023-02-26 11:16:04,True,Kyiv Other,7.87,543.0,02:03:25,130,172,3.0,143,243,15:41,4:47,166.0,165.0,0.45,0.0,10036.0,No,02:03:25,1,01:14:19,02:03:25,118,185,2.0569444444444445,3.826063470627954,1275.2223634053366,15.683333333333334,4.783333333333333,fox_1,,,,,,,,,,,,,,,
Running,2023-02-19 11:02:19,True,Kyiv Other,8.27,463.0,01:06:15,157,176,5.0,176,239,8:01,5:28,73.0,71.0,0.71,0.0,11124.0,No,01:06:15,1,00:55:07,01:06:15,90,160,1.1041666666666667,7.489811320754716,1345.1027811366384,8.016666666666667,5.466666666666667,fox_1,,,,,,,,,,,,,,,
Running,2023-02-12 10:34:19,True,Kyiv Other,9.16,534.0,01:32:14,147,189,4.0,172,239,10:04,4:47,37.0,37.0,0.58,0.0,11940.0,No,01:32:14,1,01:09:06,01:32:14,88,109,1.5372222222222223,5.958800144560896,1303.4934497816594,10.066666666666666,4.783333333333333,fox_1,,,,,,,,,,,,,,,
Running,2023-02-11 11:16:22,True,Kyiv Other,8.98,660.0,02:07:37,143,177,3.5,144,243,14:13,4:59,47.0,47.0,0.49,0.0,12040.0,No,02:07:37,1,01:31:42,02:07:37,109,129,2.1269444444444443,4.222019067519917,1340.7572383073496,14.216666666666667,4.983333333333333,fox_1,,,,,,,,,,,,,,,
Running,2023-02-05 11:43:42,True,Kyiv Other,4.81,309.0,00:51:24,142,190,3.7,162,238,10:41,,35.0,36.0,0.58,0.0,6116.0,No,00:51:24,1,00:00:00,143:27:48,184,203,0.8566666666666667,5.614785992217898,1271.5176715176717,10.683333333333334,,fox_1,,,,,,,,,,,,,,,
Other,2022-11-20 11:43:04,False,Kyiv Other,0.88,104.0,00:42:00,93,146,1.3,124,146,1.3,6.6,7.0,22.0,0.17,0.0,1232.0,No,00:42:00,1,00:10:14,00:42:00,174,195,0.7,1.2571428571428573,1400.0,1.3,6.6,fox_1,,,,,,,,,,,,,,,
Other,2022-11-19 13:45:55,False,Kyiv Other,3.25,220.0,01:34:34,93,144,1.4,124,243,2.1,6.8,52.0,49.0,0.28,0.0,4298.0,No,01:34:34,1,00:36:07,01:34:34,160,190,1.576111111111111,2.0620373634120552,1322.4615384615386,2.1,6.8,fox_1,,,,,,,,,,,,,,,
Other,2022-11-19 11:04:18,False,Kyiv Other,2.5,233.0,01:39:29,92,161,2.0,125,184,1.5,12.2,10.0,11.0,0.2,0.0,2626.0,No,01:39:29,1,00:22:05,01:39:29,173,182,1.6580555555555556,1.5077902496230524,1050.4,1.5,12.2,fox_1,,,,,,,,,,,,,,,
Running,2022-11-12 12:14:13,True,Kyiv Other,11.77,855.0,02:49:22,144,180,4.4,143,243,14:24,4:41,62.0,76.0,0.48,0.0,14496.0,No,02:49:22,1,01:50:24,02:49:22,109,136,2.8227777777777776,4.169651643377288,1231.60577740017,14.4,4.683333333333334,fox_1,,,,,,,,,,,,,,,
Running,2022-11-05 13:30:28,True,Vyshhorodskyi raion Other,8.2,411.0,01:02:36,150,183,4.2,174,190,7:38,,32.0,34.0,0.75,0.0,10544.0,No,01:02:36,1,00:00:00,01:02:36,136,158,1.0433333333333332,7.859424920127796,1285.8536585365855,7.633333333333333,,fox_1,,,,,,,,,,,,,,,
Other,2022-10-30 10:20:09,False,Göd Other,1.48,123.0,01:14:48,80,159,1.2,120,169,1.2,7.7,,5.0,0.16,0.0,1756.0,No,01:14:48,1,00:20:47,01:24:20,111,116,1.2466666666666666,1.1871657754010696,1186.4864864864865,1.2,7.7,fox_1,,,,,,,,,,,,,,,
Running,2022-10-28 07:32:25,True,Budapest Other,7.52,424.0,01:02:54,154,177,4.4,170,182,8:22,4:55,76.0,72.0,0.71,0.0,9692.0,No,01:02:54,1,00:54:30,01:02:54,98,126,1.0483333333333333,7.1732909379968195,1288.8297872340427,8.366666666666667,4.916666666666667,fox_1,,,,,,,,,,,,,,,
Running,2022-10-15 14:26:24,True,Vyshhorodskyi raion Other,9.72,485.0,01:13:08,152,176,4.4,173,202,7:32,4:01,26.0,24.0,0.77,0.0,12214.0,No,01:13:08,1,01:09:45,01:13:08,133,155,1.218888888888889,7.974475843208752,1256.5843621399176,7.533333333333333,4.016666666666667,fox_1,,,,,,,,,,,,,,,
Other,2022-10-09 13:53:40,False,Kyievo-Sviatoshynskyi raion Other,1.03,88.0,00:12:58,152,175,2.8,140,178,4.8,11.7,11.0,14.0,0.57,0.0,1210.0,No,00:12:58,1,00:08:57,00:12:58,157,172,0.21611111111111111,4.766066838046273,1174.7572815533981,4.8,11.7,fox_1,,,,,,,,,,,,,,,
Other,2022-10-09 12:25:44,False,Kyiv Other,0.06,6.0,00:01:01.8,133,146,1.1,159,179,3.7,8.5,,,0.39,0.0,136.0,No,00:01:01.8,1,00:00:57,00:01:01.8,185,186,0.017166666666666667,3.495145631067961,2266.666666666667,3.7,8.5,fox_1,,,,,,,,,,,,,,,
Other,2022-10-09 12:23:10,False,Kyiv Other,0.04,8.0,00:01:46.1,122,147,1.2,138,175,1.4,2.5,21.0,,0.17,0.0,226.0,No,00:01:46.1,1,00:00:12,00:01:46.1,186,208,0.02947222222222222,1.3572101790763433,5650.0,1.4,2.5,fox_1,,,,,,,,,,,,,,,
Running,2022-09-18 11:46:00,True,Kyiv Other,11.84,935.0,02:44:30,154,192,5.0,138,243,13:53,4:29,992.0,985.0,0.52,0.0,16284.0,No,02:44:30,1,02:03:30,02:44:30,95,182,2.7416666666666667,4.31854103343465,1375.337837837838,13.883333333333333,4.483333333333333,fox_1,,,,,,,,,,,,,,,
Running,2022-09-17 11:40:59,True,Kyiv Other,10.25,781.0,02:01:00,158,187,5.0,140,242,11:48,3:26,186.0,195.0,0.61,0.0,12980.0,No,02:01:00,1,01:35:31,02:01:00,144,189,2.0166666666666666,5.082644628099174,1266.341463414634,11.8,3.4333333333333336,fox_1,,,,,,,,,,,,,,,
Running,2022-08-08 16:24:22,True,Vyshhorodskyi raion Other,10.07,514.0,01:17:31,151,175,4.5,171,230,7:42,5:04,35.0,50.0,0.76,0.0,13006.0,No,01:17:31,1,01:16:04,01:17:31,135,163,1.2919444444444443,7.794452805848206,1291.5590863952334,7.7,5.066666666666666,fox_1,,,,,,,,,,,,,,,
Running,2022-07-31 18:57:26,True,Vyshhorodskyi raion Other,9.56,553.0,01:22:56,154,190,4.6,171,182,8:41,5:25,27.0,24.0,0.67,0.0,13288.0,No,01:22:56,1,01:17:42,01:22:56,133,154,1.3822222222222222,6.916398713826367,1389.958158995816,8.683333333333334,5.416666666666667,fox_1,,,,,,,,,,,,,,,
Running,2022-07-15 16:13:32,True,Vyshhorodskyi raion Other,8.74,507.0,01:08:19,161,179,5.0,172,182,7:49,5:29,77.0,41.0,0.74,0.0,11556.0,No,01:08:19,1,01:01:18,01:08:19,103,158,1.138611111111111,7.676018541107588,1322.1967963386728,7.816666666666666,5.483333333333333,fox_1,,,,,,,,,,,,,,,
Running,2022-06-15 17:28:12,True,Vyshhorodskyi raion Other,8.91,462.0,01:17:05,145,172,3.5,169,180,8:39,,51.0,33.0,0.68,0.0,12858.0,No,01:17:05,1,00:00:00,01:17:07,121,158,1.2847222222222223,6.9353513513513505,1443.0976430976432,8.65,,fox_1,,,,,,,,,,,,,,,
Running,2022-06-01 15:42:23,True,Vyshhorodskyi raion Other,10.1,580.0,01:29:51,148,170,4.0,170,183,8:54,6:02,30.0,38.0,0.66,0.0,14810.0,No,01:29:51,1,01:23:58,01:29:51,135,158,1.4975,6.74457429048414,1466.3366336633665,8.9,6.033333333333333,fox_1,,,,,,,,,,,,,,,
Other,2022-03-01 07:24:03,False,Uzhhorodskyi raion Other,7.44,409.0,00:57:41,163,193,5.0,174,188,7.7,21.4,24.0,26.0,0.74,0.0,9438.0,No,00:57:41,1,00:52:46,00:57:41,111,124,0.9613888888888888,7.738803813926611,1268.5483870967741,7.7,21.4,fox_1,,,,,,,,,,,,,,,
Running,2022-02-20 10:52:29,True,Vyshhorodskyi raion Other,8.61,432.0,01:05:55,153,171,4.5,174,184,7:39,3:44,39.0,33.0,0.75,0.0,11198.0,No,01:05:55,1,01:03:57,01:05:55,129,154,1.0986111111111112,7.837168141592919,1300.5807200929153,7.65,3.7333333333333334,fox_1,,,,,,,,,,,,,,,
Running,2022-02-19 13:53:28,True,Vyshhorodskyi raion Other,10.04,562.0,01:17:37,167,180,5.0,174,190,7:44,,37.0,35.0,0.74,0.0,13134.0,No,01:17:37,1,00:00:00,01:17:37,135,158,1.293611111111111,7.761219669315009,1308.167330677291,7.733333333333333,,fox_1,,,,,,,,,,,,,,,
Running,2022-02-05 11:32:06,True,Kyiv Other,6.48,497.0,01:34:43,142,180,3.4,147,241,14:37,4:47,42.0,49.0,0.47,0.0,8638.0,No,01:34:43,1,01:06:30,01:34:43,130,161,1.5786111111111112,4.104874186169277,1333.0246913580247,14.616666666666667,4.783333333333333,fox_1,,,,,,,,,,,,,,,
Running,2022-01-30 11:25:19,True,Kyiv Other,5.38,468.0,01:14:53,150,186,4.5,148,244,13:55,4:20,40.0,40.0,0.49,0.0,7020.0,No,01:14:53,1,00:52:30,01:14:53,110,125,1.2480555555555555,4.310705541954151,1304.8327137546469,13.916666666666666,4.333333333333333,fox_1,,,,,,,,,,,,,,,
Running,2022-01-16 12:06:19,False,Kyiv Other,4.54,322.0,01:07:47,131,183,3.0,146,186,14:56,4:13,55.0,56.0,0.46,0.0,5364.0,No,01:07:47,1,00:39:01,01:07:47,116,143,1.1297222222222223,4.018686992869437,1181.4977973568282,14.933333333333334,4.216666666666667,fox_1,,,,,,,,,,,,,,,
Running,2022-01-03 12:36:35,True,Vyshhorodskyi raion Other,9.35,447.0,01:06:33,153,171,4.3,175,194,7:07,4:36,63.0,45.0,0.81,0.0,11414.0,No,01:06:33,1,01:04:59,01:06:33,110,165,1.1091666666666666,8.429752066115702,1220.7486631016043,7.116666666666666,4.6,fox_1,,,,,,,,,,,,,,,
Running,2021-12-19 11:47:41,True,Vyshhorodskyi raion Other,20.03,685.0,02:45:12,134,157,3.0,173,192,8:15,5:22,110.0,110.0,0.7,0.0,28416.0,No,02:45:12,1,02:45:12,02:45:12,110,177,2.7533333333333334,7.274818401937046,1418.671992011982,8.25,5.366666666666666,fox_1,,,,,,,,,,,,,,,
Running,2021-12-12 11:27:10,True,Kyiv Other,9.45,598.0,01:36:38,152,185,4.5,157,247,10:13,3:36,77.0,73.0,0.62,0.0,10726.0,No,01:36:38,1,01:11:53,01:36:38,129,167,1.6105555555555555,5.867540531217661,1135.026455026455,10.216666666666667,3.6,fox_1,,,,,,,,,,,,,,,
Running,2021-12-11 09:48:02,True,Vyshhorodskyi raion Other,10.04,480.0,01:18:42,150,180,4.1,174,196,7:50,5:10,40.0,37.0,0.73,0.0,13552.0,No,01:18:42,1,01:18:18,01:18:42,135,158,1.3116666666666668,7.654383735705209,1349.800796812749,7.833333333333333,5.166666666666667,fox_1,,,,,,,,,,,,,,,
Running,2021-12-04 11:30:35,False,Kyievo-Sviatoshynskyi raion Other,6.01,428.0,01:10:38,147,192,4.3,146,190,11:45,4:31,78.0,78.0,0.58,0.0,2990.0,No,01:10:38,1,00:56:26,01:10:38,159,196,1.1772222222222222,5.105238319962246,497.50415973377704,11.75,4.516666666666667,fox_1,,,,,,,,,,,,,,,
Running,2021-11-28 13:14:07,True,Vyshhorodskyi raion Other,9.96,590.0,01:17:17,169,187,5.0,174,184,7:46,4:38,42.0,39.0,0.74,0.0,13338.0,No,01:17:17,1,01:17:16,01:17:17,136,158,1.2880555555555555,7.732585723528144,1339.156626506024,7.766666666666667,4.633333333333333,fox_1,,,,,,,,,,,,,,,
Running,2021-11-27 11:16:18,True,Kyiv Other,4.82,416.0,01:02:33,155,192,5.0,153,250,12:59,4:21,63.0,49.0,0.51,0.0,7124.0,No,01:02:33,1,00:38:19,01:02:33,173,206,1.0425,4.623501199040768,1478.0082987551866,12.983333333333333,4.35,fox_1,,,,,,,,,,,,,,,
Running,2021-10-15 16:11:56,True,Vyshhorodskyi raion Other,10.7,510.0,01:16:43,152,177,4.8,176,186,7:10,4:21,78.0,75.0,0.79,0.0,13464.0,No,01:16:43,1,01:16:43,01:16:43,121,152,1.2786111111111111,8.368455355203128,1258.3177570093458,7.166666666666667,4.35,fox_1,,,,,,,,,,,,,,,
Running,2021-10-10 12:08:54,True,Kyiv Other,6.83,448.0,01:26:31,143,181,3.3,140,243,12:40,3:37,153.0,151.0,0.56,0.0,8400.0,No,01:26:31,1,01:05:56,01:26:31,152,206,1.4419444444444445,4.736659603159314,1229.8682284040995,12.666666666666666,3.6166666666666667,fox_1,,,,,,,,,,,,,,,
Running,2021-10-09 14:15:56,True,Kyiv Other,7.52,547.0,01:25:37,155,190,4.8,143,245,11:23,,387.0,391.0,0.61,0.0,8674.0,No,01:25:37,1,00:00:44,01:25:37,138,227,1.4269444444444443,5.270001946661476,1153.4574468085107,11.383333333333333,,fox_1,,,,,,,,,,,,,,,
Running,2021-10-03 09:29:10,True,Kyiv Other,2.71,168.0,00:25:16,150,168,3.4,158,242,9:18,3:21,59.0,25.0,0.68,0.0,3298.0,No,00:25:16,1,00:22:12,00:25:16,165,202,0.4211111111111111,6.435356200527704,1216.9741697416973,9.3,3.35,fox_1,,,,,,,,,,,,,,,
Running,2021-10-02 11:23:57,True,Kyiv Other,10.46,706.0,01:55:26,156,196,4.3,147,250,11:02,,61.0,73.0,0.62,0.0,12410.0,No,01:55:26,1,00:00:00,01:55:26,107,134,1.923888888888889,5.436904418134565,1186.4244741873804,11.033333333333333,,fox_1,,,,,,,,,,,,,,,
Other,2021-09-18 11:19:56,False,Kyiv Other,4.02,268.0,00:37:12,162,190,4.6,158,239,6.5,18.3,406.0,405.0,0.68,0.0,4278.0,No,00:37:12,1,--:--:--,00:37:12,116,201,0.62,6.483870967741935,1064.179104477612,6.5,18.3,fox_1,,,,,,,,,,,,,,,
Other,2021-09-18 10:51:38,False,Other,0.0,71.0,00:11:18,141,178,2.4,169,246,,,,,0.0,0.0,1830.0,No,00:11:18,1,--:--:--,00:11:18,,,0.18833333333333332,0.0,inf,,,fox_1,,,,,,,,,,,,,,,
Running,2021-07-31 18:02:29,True,Vyshhorodskyi raion Other,9.49,489.0,01:07:47,157,176,5.0,174,188,7:09,4:27,19.0,16.0,0.8,0.0,11742.0,No,01:07:47,1,01:07:47,01:07:47,134,155,1.1297222222222223,8.400295057782149,1237.3024236037934,7.15,4.45,fox_1,,,,,,,,,,,,,,,
Running,2021-07-24 19:07:53,False,Zmiivskyi raion Other,1.0,46.0,00:06:05.5,165,177,2.4,174,180,6:07,5:01,2.0,,0.94,0.0,1052.0,No,00:06:05.5,1,00:05:52,00:06:05.5,98,103,0.10152777777777777,9.84952120383037,1052.0,6.116666666666666,5.016666666666667,fox_1,,,,,,,,,,,,,,,
Trail Running,2021-07-24 17:39:36,True,Zmiivskyi raion Other,2.68,208.0,00:54:55,118,165,2.3,133,180,20:32,5:15,14.0,11.0,0.37,0.0,3090.0,No,00:05:16.9,3,00:28:23,00:54:57,98,111,0.9152777777777777,2.928072837632777,1152.9850746268655,20.533333333333335,5.25,fox_1,,,,,,,,,,,,,,,
Trail Running,2021-07-24 10:37:36,True,Zmiivskyi raion Other,2.31,213.0,00:37:30,140,178,3.0,157,234,16:14,4:21,9.0,14.0,0.39,0.0,2496.0,No,00:37:30,1,00:17:29,00:37:30,102,114,0.625,3.696,1080.5194805194806,16.233333333333334,4.35,fox_1,,,,,,,,,,,,,,,
Trail Running,2021-07-23 12:19:00,True,Zmiivskyi raion Other,10.22,711.0,01:58:29,151,183,4.3,151,234,11:35,4:12,70.0,78.0,0.57,0.0,11930.0,No,01:58:29,1,01:29:37,01:58:29,92,115,1.9747222222222223,5.1754114502743,1167.3189823874754,11.583333333333334,4.2,fox_1,,,,,,,,,,,,,,,
Trail Running,2021-07-22 10:39:18,True,Zmiivskyi raion Other,5.32,394.0,01:28:17,126,161,2.5,137,229,16:36,3:55,38.0,38.0,0.44,0.0,6536.0,No,01:28:17,1,00:58:12,01:28:17,103,119,1.4713888888888889,3.6156314895223716,1228.5714285714284,16.6,3.9166666666666665,fox_1,,,,,,,,,,,,,,,
Trail Running,2021-07-20 11:03:40,True,Zmiivskyi raion Other,3.79,331.0,00:46:29,156,183,4.5,138,241,12:15,4:29,27.0,26.0,0.59,0.0,4588.0,No,00:46:29,1,00:36:07,00:46:29,98,114,0.7747222222222222,4.892076012907853,1210.5540897097626,12.25,4.483333333333333,fox_1,,,,,,,,,,,,,,,
Trail Running,2021-06-21 12:05:01,True,Krasnopilskyi raion Other,4.8,434.0,01:08:20,150,186,4.0,129,250,14:15,4:08,83.0,119.0,0.54,0.0,5856.0,No,00:00:29.3,6,00:52:17,01:08:29,136,195,1.1388888888888888,4.214634146341464,1220.0,14.25,4.133333333333334,fox_1,,,,,,,,,,,,,,,
Trail Running,2021-06-20 11:11:15,True,Krasnopilskyi raion Other,4.91,503.0,01:20:40,150,180,3.7,127,242,16:25,4:31,96.0,63.0,0.48,0.0,6458.0,No,01:20:40,1,01:01:19,01:20:40,152,192,1.3444444444444446,3.652066115702479,1315.274949083503,16.416666666666668,4.516666666666667,fox_1,,,,,,,,,,,,,,,
Trail Running,2021-06-19 15:41:02,True,Krasnopilskyi raion Other,9.56,971.0,02:56:48,150,188,3.9,121,247,18:29,4:35,226.0,230.0,0.45,0.0,13548.0,No,02:56:48,1,02:06:06,19:21:13,147,186,2.9466666666666668,3.244343891402715,1417.1548117154812,18.483333333333334,4.583333333333333,fox_1,,,,,,,,,,,,,,,
Running,2021-06-13 10:25:49,True,Vyshhorodskyi raion Other,9.92,514.0,01:11:00,158,188,4.6,174,180,7:10,4:06,38.0,36.0,0.81,0.0,12248.0,No,01:11:00,1,01:10:17,01:11:00,136,158,1.1833333333333333,8.383098591549295,1234.6774193548388,7.166666666666667,4.1,fox_1,,,,,,,,,,,,,,,
Running,2021-05-23 09:24:45,True,Voznesenskyi raion Other,3.67,281.0,00:38:09,159,189,4.2,146,242,10:24,3:53,53.0,69.0,0.66,0.0,4316.0,No,00:38:09,1,00:33:42,00:38:09,34,69,0.6358333333333334,5.771952817824377,1176.0217983651225,10.4,3.8833333333333333,fox_1,,,,,,,,,,,,,,,
Running,2021-05-22 10:12:55,True,Bratskyi raion Other,3.48,257.0,00:33:18,165,190,4.6,149,205,9:34,4:31,48.0,48.0,0.7,0.0,3978.0,No,00:33:18,1,00:29:28,00:33:18,52,82,0.555,6.270270270270269,1143.103448275862,9.566666666666666,4.516666666666667,fox_1,,,,,,,,,,,,,,,
Other,2021-05-21 16:44:49,False,Voznesenskyi raion Other,1.49,265.0,01:12:47,116,180,2.1,117,152,1.2,8.4,28.0,15.0,0.17,0.0,1830.0,No,01:12:47,1,00:20:08,01:12:47,41,60,1.2130555555555556,1.2283031829631326,1228.1879194630872,1.2,8.4,fox_1,,,,,,,,,,,,,,,
Trail Running,2021-05-21 12:18:18,True,Voznesenskyi raion Other,6.37,583.0,01:16:04,168,195,5.0,139,244,11:57,3:55,81.0,103.0,0.6,0.0,7938.0,No,01:16:04,1,01:03:55,01:16:04,41,78,1.2677777777777777,5.024539877300614,1246.1538461538462,11.95,3.9166666666666665,fox_1,,,,,,,,,,,,,,,
Running,2021-05-02 13:18:09,True,Vyshhorodskyi raion Other,10.07,582.0,01:08:28,170,187,5.0,174,186,6:48,5:12,31.0,27.0,0.84,0.0,11908.0,No,01:08:28,1,01:08:28,01:08:28,134,155,1.1411111111111112,8.82473222979552,1182.522343594836,6.8,5.2,fox_1,,,,,,,,,,,,,,,
Running,2021-05-01 17:14:56,True,Vyshhorodskyi raion Other,9.74,572.0,01:14:09,158,175,5.0,172,243,7:37,4:47,36.0,38.0,0.76,0.0,12448.0,No,01:14:09,1,01:12:20,01:14:09,136,158,1.2358333333333333,7.8813216453135535,1278.028747433265,7.616666666666667,4.783333333333333,fox_1,,,,,,,,,,,,,,,
Running,2021-04-04 11:26:08,False,Kyiv Hydroparc,8.17,526.0,01:02:30,168,190,5.0,167,179,7:39,4:50,31.0,28.0,0.78,0.0,9982.0,No,01:02:30,1,01:00:27,01:02:30,92,106,1.0416666666666667,7.8431999999999995,1221.7870257037944,7.65,4.833333333333333,fox_1,,,,,,,,,,,,,,,
Running,2021-01-19 08:23:05,False,Vyshhorodskyi raion Other,5.66,324.0,00:43:22,153,194,4.5,178,194,7:40,5:21,15.0,13.0,0.73,0.0,7498.0,No,00:43:22,1,00:42:46,00:43:22,136,152,0.7227777777777777,7.830899308224443,1324.7349823321554,7.666666666666667,5.35,fox_1,,,,,,,,,,,,,,,
Running,2021-01-02 14:10:58,True,Vyshhorodskyi raion Other,8.83,488.0,01:04:23,155,180,5.0,172,245,7:17,,24.0,19.0,0.8,0.0,10848.0,No,01:04:23,1,00:00:00,01:04:23,134,155,1.0730555555555557,8.228837690913798,1228.5390713476784,7.283333333333333,,fox_1,,,,,,,,,,,,,,,
Running,2020-12-26 11:03:00,True,Vyshhorodskyi raion Other,9.25,535.0,01:08:24,159,180,5.0,173,180,7:24,3:56,46.0,42.0,0.78,0.0,11800.0,No,01:08:24,1,01:08:24,01:08:24,115,152,1.14,8.1140350877193,1275.6756756756756,7.4,3.9333333333333336,fox_1,,,,,,,,,,,,,,,
Running,2020-12-19 14:44:05,False,Vyshhorodskyi raion Other,10.36,643.0,01:31:12,149,174,5.0,169,228,8:48,,39.0,43.0,0.67,0.0,15304.0,No,01:31:12,1,00:00:00,01:31:12,110,151,1.52,6.81578947368421,1477.2200772200772,8.8,,fox_1,,,,,,,,,,,,,,,
Running,2020-11-29 11:37:41,False,Vyshhorodskyi raion Other,5.96,368.0,00:47:01,156,179,4.8,172,182,7:54,5:35,17.0,12.0,0.73,0.0,7988.0,No,00:47:01,1,00:46:20,00:47:01,134,148,0.7836111111111111,7.605813541297412,1340.268456375839,7.9,5.583333333333333,fox_1,,,,,,,,,,,,,,,
Running,2020-11-28 15:38:27,False,Vyshhorodskyi raion Other,4.04,267.0,00:38:26,142,159,3.5,169,243,9:31,5:58,2.0,4.0,0.62,0.0,6460.0,No,00:38:26,1,00:33:46,00:38:26,134,142,0.6405555555555555,6.307025151777971,1599.009900990099,9.516666666666667,5.966666666666667,fox_1,,,,,,,,,,,,,,,
Running,2020-01-07 13:21:18,False,Vyshhorodskyi raion Other,4.83,212.0,01:21:15,102,144,1.4,111,158,16:48,9:21,3.0,8.0,0.53,0.0,6956.0,No,--:--:--,1,01:05:36,01:21:15,133,140,1.3541666666666667,3.5667692307692307,1440.1656314699792,16.8,9.35,fox_1,,,,,,,,,,,,,,,
Running,2020-01-02 13:25:42,False,Vyshhorodskyi raion Other,6.91,259.0,01:54:29,98,145,1.4,105,184,16:34,5:30,40.0,40.0,0.57,0.0,10334.0,No,--:--:--,1,01:39:34,01:54:29,122,156,1.9080555555555556,3.6214878439365266,1495.5137481910274,16.566666666666666,5.5,fox_1,,,,,,,,,,,,,,,
Running,2019-12-25 11:19:57,False,Vyshhorodskyi raion Running,12.87,570.0,01:25:21,164,184,5.0,179,243,6:38,5:37,68.0,65.0,0.84,0.0,15244.0,No,00:05:55.0,13,01:25:18,01:25:21,109,153,1.4225,9.04745166959578,1184.4599844599845,6.633333333333333,5.616666666666667,fox_1,,,,,,,,,,,,,,,
Running,2019-12-14 15:16:37,False,Kyiv Running,9.63,427.0,01:02:15,168,192,5.0,173,182,6:28,3:39,23.0,24.0,0.89,0.0,10458.0,No,00:04:49.5,10,01:00:55,01:02:15,90,105,1.0375,9.281927710843373,1085.981308411215,6.466666666666667,3.65,fox_1,,,,,,,,,,,,,,,
Running,2019-11-30 12:24:19,False,Vyshhorodskyi raion Running,10.64,448.0,01:14:01,157,189,5.0,178,190,6:57,5:49,57.0,54.0,0.81,0.0,13044.0,No,00:04:25.6,11,01:13:17,01:14:01,109,152,1.2336111111111112,8.625084440441341,1225.9398496240601,6.95,5.816666666666666,fox_1,,,,,,,,,,,,,,,
Running,2019-10-06 10:02:58,False,Kyiv half marathon,20.84,775.0,02:08:35,159,185,5.0,178,190,6:10,4:13,154.0,161.0,0.91,0.0,22592.0,No,--:--:--,1,02:06:45,02:08:35,93,199,2.1430555555555557,9.72443292287751,1084.0690978886757,6.166666666666667,4.216666666666667,fox_1,,,,,,,,,,,,,,,
Running,2019-09-29 12:32:06,False,Kyiv pre marathon training,18.08,717.0,01:55:25,164,178,5.0,176,190,6:23,3:51,42.0,43.0,0.89,0.0,20058.0,No,--:--:--,1,01:54:18,01:55:25,90,104,1.9236111111111112,9.398989169675088,1109.4026548672568,6.383333333333334,3.85,fox_1,,,,,,,,,,,,,,,
Running,2019-09-26 08:59:31,False,Kyiv pre marathon training,16.63,744.0,01:49:14,165,184,5.0,177,188,6:34,,42.0,41.0,0.86,0.0,19160.0,No,--:--:--,1,00:00:00,01:49:14,90,104,1.8205555555555555,9.13457430576747,1152.1346963319304,6.566666666666666,,fox_1,,,,,,,,,,,,,,,
Running,2019-09-14 12:48:36,False,Vyshhorodskyi raion Other,14.55,674.0,01:44:46,158,174,5.0,176,198,7:12,3:35,74.0,73.0,0.79,0.0,18064.0,No,--:--:--,1,01:43:22,01:44:46,109,152,1.7461111111111112,8.332803054406618,1241.5120274914088,7.2,3.5833333333333335,fox_1,,,,,,,,,,,,,,,
Running,2019-09-11 05:18:39,False,Kyiv Obolon,9.73,417.0,01:11:30,145,177,4.3,174,180,7:21,3:50,11.0,10.0,0.78,0.0,11850.0,No,--:--:--,1,01:08:16,01:11:30,90,106,1.1916666666666667,8.165034965034966,1217.8828365878726,7.35,3.8333333333333335,fox_1,,,,,,,,,,,,,,,
Running,2019-08-21 05:23:34,False,Kyiv Obolon,8.67,407.0,01:01:07,159,180,5.0,173,180,7:03,3:43,12.0,12.0,0.82,0.0,10532.0,No,--:--:--,1,00:58:30,01:01:07,91,105,1.0186111111111111,8.511589855467685,1214.7635524798154,7.05,3.716666666666667,fox_1,,,,,,,,,,,,,,,
Running,2019-08-12 05:20:25,False,Kyiv Obolon,8.34,437.0,01:04:58,161,181,5.0,171,178,7:48,3:36,3.0,10.0,0.75,0.0,11040.0,No,--:--:--,1,00:55:25,01:04:58,90,106,1.0827777777777778,7.70241149307337,1323.7410071942447,7.8,3.6,fox_1,,,,,,,,,,,,,,,
Running,2019-06-29 05:19:08,False,Tysmenytskyi raion Івано-Франківськ,10.11,456.0,01:11:03,155,178,5.0,174,239,7:02,4:27,26.0,23.0,0.82,0.0,12248.0,No,--:--:--,1,01:07:22,01:11:03,243,269,1.1841666666666666,8.53764954257565,1211.4737883283879,7.033333333333333,4.45,fox_1,,,,,,,,,,,,,,,
Running,2019-06-26 05:20:04,False,Tysmenytskyi raion Івано-Франківськ,8.07,447.0,01:16:40,151,186,4.3,166,239,9:30,4:47,31.0,15.0,0.64,0.0,11142.0,No,--:--:--,1,00:57:38,01:16:43,243,269,1.2777777777777777,6.315652173913044,1380.6691449814125,9.5,4.783333333333333,fox_1,,,,,,,,,,,,,,,
Running,2019-06-16 19:35:16,False,Vyshhorodskyi raion Other,8.53,393.0,01:15:35,143,177,3.5,164,228,8:52,5:00,80.0,80.0,0.69,0.0,10302.0,No,--:--:--,1,01:07:15,01:15:35,109,163,1.2597222222222222,6.771334068357222,1207.7373974208676,8.866666666666667,5.0,fox_1,,,,,,,,,,,,,,,
Running,2019-06-15 19:04:05,False,Vyshhorodskyi raion Other,12.31,613.0,01:35:25,157,178,5.0,174,243,7:45,,54.0,52.0,0.74,0.0,16180.0,No,--:--:--,1,00:00:00,01:35:25,106,155,1.5902777777777777,7.740786026200874,1314.378554021121,7.75,,fox_1,,,,,,,,,,,,,,,
Running,2019-06-08 18:54:24,False,Vyshhorodskyi raion Other,11.06,554.0,01:25:33,158,178,5.0,177,190,7:44,,47.0,47.0,0.73,0.0,14936.0,No,--:--:--,1,00:00:00,01:25:33,124,156,1.4258333333333333,7.756867329047341,1350.4520795660035,7.733333333333333,,fox_1,,,,,,,,,,,,,,,
Running,2019-05-19 16:20:14,False,Vyshhorodskyi raion Other,11.35,558.0,01:24:02,160,175,5.0,176,195,7:24,,46.0,47.0,0.77,0.0,14336.0,No,--:--:--,1,00:00:00,01:24:02,124,155,1.4005555555555556,8.103927013090043,1263.0837004405287,7.4,,fox_1,,,,,,,,,,,,,,,
Running,2019-05-11 13:38:28,False,Vyshhorodskyi raion Other,13.18,598.0,01:31:13,159,186,5.0,176,184,6:55,3:43,65.0,60.0,0.82,0.0,16010.0,No,--:--:--,1,01:31:11,01:31:13,116,154,1.5202777777777778,8.66946829892198,1214.7192716236723,6.916666666666667,3.716666666666667,fox_1,,,,,,,,,,,,,,,
Running,2019-05-05 11:07:41,False,Vyshhorodskyi raion Other,11.61,564.0,01:28:09,156,176,5.0,175,234,7:36,5:05,58.0,54.0,0.75,0.0,15188.0,No,--:--:--,1,01:26:50,01:28:09,124,156,1.4691666666666667,7.902439024390243,1308.182601205857,7.6,5.083333333333333,fox_1,,,,,,,,,,,,,,,
Running,2019-04-29 13:09:16,False,Vyshhorodskyi raion Other,11.55,525.0,01:21:47,156,181,5.0,178,190,7:05,3:58,50.0,53.0,0.79,0.0,6174.0,No,--:--:--,1,01:20:24,01:21:47,110,149,1.3630555555555555,8.473609129814552,534.5454545454545,7.083333333333333,3.966666666666667,fox_1,,,,,,,,,,,,,,,
Running,2019-04-08 05:16:04,False,Kyiv Other obolon,6.47,316.0,00:49:52,152,175,4.8,171,180,7:43,4:49,17.0,16.0,0.76,0.0,8484.0,No,--:--:--,1,00:45:23,00:49:52,95,106,0.8311111111111111,7.7847593582887695,1311.2828438948995,7.716666666666667,4.816666666666666,fox_1,,,,,,,,,,,,,,,
Running,2019-03-09 11:23:42,False,Vyshhorodskyi raion - Running,8.38,397.0,01:02:09,156,181,5.0,175,184,7:25,4:57,40.0,34.0,0.77,0.0,10476.0,No,00:02:16.1,9,00:59:29,01:02:09,129,152,1.0358333333333334,8.090104585679807,1250.1193317422433,7.416666666666667,4.95,fox_1,,,,,,,,,,,,,,,
Running,2019-03-08 15:15:22,False,Vyshhorodskyi raion - Running,7.23,341.0,00:53:57,158,177,5.0,174,190,7:28,3:34,28.0,29.0,0.78,0.0,8820.0,No,00:02:01.1,8,00:53:02,00:53:57,129,152,0.8991666666666667,8.040778498609825,1219.9170124481327,7.466666666666667,3.5666666666666664,fox_1,,,,,,,,,,,,,,,
Running,2019-02-15 11:26:17,False,Vyshhorodskyi raion Running,4.37,233.0,00:38:01,153,179,4.6,173,186,8:42,5:31,15.0,20.0,0.66,0.0,6120.0,No,00:07:25.7,5,00:35:42,00:38:01,134,147,0.6336111111111111,6.896975010960105,1400.45766590389,8.7,5.516666666666667,fox_1,,,,,,,,,,,,,,,
Running,2019-02-02 11:58:48,False,Vyshhorodskyi raion Running,4.52,256.0,00:37:19,161,175,4.5,171,181,8:16,6:31,16.0,13.0,0.71,0.0,6310.0,No,00:07:27.8,5,00:36:57,00:37:19,134,151,0.6219444444444444,7.267530147387226,1396.0176991150445,8.266666666666667,6.516666666666667,fox_1,,,,,,,,,,,,,,,
Running,2019-01-12 12:16:21,False,Kyiv Running,1.01,34.0,00:11:28,101,128,1.2,124,136,11:23,9:49,4.0,,0.71,0.0,926.0,No,--:--:--,2,69:45:50,00:11:28,197,202,0.19111111111111112,5.284883720930233,916.8316831683168,11.383333333333333,9.816666666666666,fox_1,,,,,,,,,,,,,,,
Running,2019-01-11 23:53:43,False,Running,0.57,15.0,00:08:40.8,82,99,1.0,122,124,15:15,10:16,,,0.54,0.0,16.0,No,--:--:--,1,00:06:50,00:08:40.8,,,0.14466666666666667,3.940092165898617,28.070175438596493,15.25,10.266666666666667,fox_1,,,,,,,,,,,,,,,
Running,2019-01-11 18:29:31,False,Kyiv Running,6.1,308.0,00:40:29,174,186,5.0,169,178,6:38,4:14,13.0,10.0,0.89,0.0,6812.0,No,--:--:--,7,00:40:29,00:40:29,94,106,0.6747222222222222,9.040757513379992,1116.72131147541,6.633333333333333,4.233333333333333,fox_1,,,,,,,,,,,,,,,
Running,2019-01-02 14:34:49,False,Vyshhorodskyi raion Running,6.61,307.0,00:47:35,158,180,5.0,173,186,7:12,5:36,31.0,29.0,0.8,0.0,7954.0,No,--:--:--,8,00:47:11,00:47:35,129,152,0.7930555555555555,8.334851138353766,1203.3282904689863,7.2,5.6,fox_1,,,,,,,,,,,,,,,
Running,2018-12-25 12:39:05,False,Vyshhorodskyi raion Running,6.18,320.0,00:46:34,164,181,5.0,176,186,7:32,5:50,22.0,19.0,0.76,0.0,8174.0,No,--:--:--,7,00:46:32,00:46:34,134,147,0.7761111111111111,7.962777380100214,1322.6537216828478,7.533333333333333,5.833333333333333,fox_1,,,,,,,,,,,,,,,
Running,2018-12-24 12:28:18,False,Vyshhorodskyi raion Running,6.16,281.0,00:42:09,163,180,5.0,180,188,6:51,5:46,22.0,17.0,0.81,0.0,7530.0,No,--:--:--,7,00:42:01,00:42:17,134,148,0.7025,8.768683274021353,1222.4025974025974,6.85,5.766666666666667,fox_1,,,,,,,,,,,,,,,
Running,2018-12-02 11:36:15,False,Vyshhorodskyi raion Running,5.66,402.0,00:48:55,165,186,5.0,174,190,8:38,6:00,9.0,7.0,0.67,0.0,3120.0,No,--:--:--,9,00:48:11,02:05:24,134,144,0.8152777777777778,6.942419080068143,551.2367491166077,8.633333333333333,6.0,fox_1,,,,,,,,,,,,,,,
Running,2026-04-19 12:30:22,False,Kyievo-Sviatoshynskyi raion Running,2.6,232.0,00:25:27,158,181,,119,239,9:47,4:41,28.0,57.0,0.87,0.0,3460.0,No,00:05:41.6,3,00:22:33,00:25:27,157,190,0.4241666666666667,6.129666011787819,1330.7692307692307,9.783333333333333,4.683333333333334,fox_2,,,,,,,,,,,,,,,
Running,2026-04-19 11:45:37,False,Kyievo-Sviatoshynskyi raion Running,4.96,410.0,00:41:47,160,180,,132,247,8:25,5:00,71.0,61.0,0.90,0.0,6346.0,No,00:07:08.9,5,00:36:49,00:41:47,158,191,0.6963888888888888,7.122457120063822,1279.4354838709678,8.416666666666666,5.0,fox_2,,,,,,,,,,,,,,,
Running,2026-04-18 13:15:35,False,Kyiv Running,2.42,171.0,00:17:55,159,190,,148,226,7:24,4:22,67.0,68.0,0.91,0.0,2892.0,No,00:02:21.9,3,00:16:20,00:17:55,124,158,0.2986111111111111,8.104186046511629,1195.0413223140497,7.4,4.366666666666666,fox_2,,,,,,,,,,,,,,,
Running,2026-04-14 16:56:03,False,Kyievo-Sviatoshynskyi raion Running,1.48,165.0,00:21:59,140,169,,82,186,14:49,6:38,23.0,13.0,0.82,0.0,2198.0,No,00:06:54.2,2,00:15:09,00:21:59,176,192,0.3663888888888889,4.039423805913571,1485.1351351351352,14.816666666666666,6.633333333333333,fox_2,,,,,,,,,,,,,,,
Running,2026-04-14 16:05:04,False,Kyievo-Sviatoshynskyi raion Running,3.98,391.0,00:41:57,157,183,,102,223,10:33,4:33,72.0,96.0,0.93,0.0,5334.0,No,00:07:55.0,4,00:32:40,00:41:57,158,192,0.6991666666666667,5.692491060786651,1340.2010050251256,10.55,4.55,fox_2,,,,,,,,,,,,,,,
Running,2026-04-12 13:21:57,False,Kyiv Running,7.92,595.0,01:06:24,159,181,,125,234,8:23,5:35,31.0,31.0,0.97,0.0,9542.0,No,00:05:58.3,8,01:01:38,01:06:24,108,130,1.1066666666666667,7.156626506024097,1204.79797979798,8.383333333333333,5.583333333333333,fox_2,,,,,,,,,,,,,,,
Running,2026-04-11 14:41:41,False,Kyievo-Sviatoshynskyi raion Running,3.02,232.0,00:27:40,150,167,,144,192,9:10,6:31,48.0,31.0,0.79,0.0,4168.0,No,00:00:14.9,4,00:25:33,00:27:40,159,192,0.46111111111111114,6.549397590361446,1380.1324503311257,9.166666666666666,6.516666666666667,fox_2,,,,,,,,,,,,,,,
Running,2026-04-11 13:34:04,False,Kyievo-Sviatoshynskyi raion Running,6.62,548.0,01:00:35,161,182,,122,237,9:09,5:57,61.0,86.0,0.90,0.0,8472.0,No,00:07:05.2,7,00:55:04,01:00:35,159,196,1.0097222222222222,6.556258596973866,1279.7583081570997,9.15,5.95,fox_2,,,,,,,,,,,,,,,
Running,2026-04-09 15:50:47,False,Kyiv Running,5.86,441.0,00:48:14,156,180,,153,240,8:14,5:07,136.0,140.0,0.79,0.0,7862.0,No,00:06:25.6,6,00:45:48,00:48:14,142,195,0.8038888888888889,7.289564616447824,1341.6382252559727,8.233333333333333,5.116666666666666,fox_2,,,,,,,,,,,,,,,
Running,2026-04-05 09:53:03,False,Vinnytskyi raion Running,7.12,562.0,00:55:27,171,207,,142,237,7:47,4:49,152.0,161.0,0.91,0.0,8618.0,No,00:00:44.8,8,00:51:58,00:55:27,244,319,0.9241666666666667,7.7042380522993685,1210.3932584269662,7.783333333333333,4.816666666666666,fox_2,,,,,,,,,,,,,,,
Running,2026-04-04 09:59:00,False,Vinnytskyi raion Running,8.74,624.0,01:01:13,170,195,,153,231,7:00,5:11,80.0,90.0,0.94,0.0,9896.0,No,00:04:10.8,9,00:58:14,01:01:13,268,310,1.0202777777777778,8.566294582085488,1132.2654462242563,7.0,5.183333333333334,fox_2,,,,,,,,,,,,,,,
Running,2026-04-03 05:00:41,False,Running,6.96,784.0,01:14:09,167,191,,121,231,10:39,4:12,2.0,,0.77,0.0,10024.0,No,00:06:48.1,7,00:58:23,01:14:09,979,982,1.2358333333333333,5.631827376938638,1440.2298850574712,10.65,4.2,fox_2,,,,,,,,,,,,,,,
Running,2026-04-02 15:31:56,False,Running,2.32,243.0,00:23:18,166,185,,123,198,10:03,4:38,,,0.80,0.0,3318.0,No,00:00:09.9,4,00:19:10,00:23:18,,,0.3883333333333333,5.9742489270386265,1430.1724137931035,10.05,4.633333333333333,fox_2,,,,,,,,,,,,,,,
Running,2026-03-29 03:30:02,False,Lima Running,13.61,471.0,00:44:46,167,194,,131,239,3:17,0:16,,,2.18,0.0,6538.0,No,00:00:02.1,14,00:36:27,00:44:46,78,"1,058",0.7461111111111111,18.24125093075205,480.38207200587806,3.283333333333333,0.26666666666666666,fox_2,,,,,,,,,,,,,,,
Running,2026-03-28 12:04:58,False,Kyievo-Sviatoshynskyi raion Running,6.15,601.0,01:08:04,156,179,,101,233,11:04,5:06,133.0,133.0,0.89,0.0,8410.0,No,00:01:41.9,7,00:50:58,01:08:28,143,192,1.1344444444444444,5.421155729676788,1367.479674796748,11.066666666666666,5.1,fox_2,,,,,,,,,,,,,,,
Treadmill Running,2026-03-27 15:58:17,False,Treadmill Running,4.22,220.0,00:24:37,143,178,,174,201,5:50,4:03,,,0.99,0.0,4284.0,No,00:01:23.5,5,00:24:27,00:24:37,,,0.4102777777777778,10.285714285714285,1015.1658767772512,5.833333333333333,4.05,fox_2,,,,,,,,,,,,,,,
Running,2026-03-22 11:59:05,False,Kyiv Running,0.19,18.0,00:05:31.2,87,93,,37,146,29:24,13:08,,12.0,0.93,0.0,292.0,No,00:05:31.2,1,00:02:43,00:05:31.2,162,174,0.092,2.0652173913043477,1536.842105263158,29.4,13.133333333333333,fox_2,,,,,,,,,,,,,,,
Running,2026-03-21 11:09:03,False,Kyievo-Sviatoshynskyi raion Running,0.47,62.0,00:11:08,111,135,,49,192,23:49,1:19,17.0,17.0,0.86,0.0,686.0,No,00:11:08,1,00:04:51,00:11:08,172,189,0.18555555555555556,2.5329341317365266,1459.5744680851064,23.816666666666666,1.3166666666666667,fox_2,,,,,,,,,,,,,,,
Running,2026-03-19 16:45:54,False,Running,1.95,201.0,00:30:06,127,166,,72,247,15:24,4:23,,,0.90,0.0,2556.0,No,00:13:28,2,00:14:52,00:30:06,,,0.5016666666666667,3.8870431893687702,1310.7692307692307,15.4,4.383333333333334,fox_2,,,,,,,,,,,,,,,
Running,2026-03-19 16:09:50,False,Kyiv Running,3.01,191.0,00:24:13,131,175,,114,202,8:03,3:56,65.0,68.0,1.12,0.0,2944.0,No,00:00:03.2,4,00:16:20,00:24:13,136,181,0.4036111111111111,7.457673778389538,978.0730897009968,8.05,3.9333333333333336,fox_2,,,,,,,,,,,,,,,
Treadmill Running,2026-03-17 09:43:12,False,Treadmill Running,4.3,232.0,00:27:34,140,152,,165,179,6:25,5:39,,,0.94,0.0,4574.0,No,00:03:19.5,5,00:26:34,00:27:34,,,0.45944444444444443,9.35912938331318,1063.7209302325582,6.416666666666667,5.65,fox_2,,,,,,,,,,,,,,,
Running,2026-03-14 12:40:54,False,Kyiv Running,10.03,820.0,01:20:30,170,185,,126,194,8:02,2:49,111.0,109.0,0.98,0.0,11668.0,No,00:00:09.7,11,01:07:45,01:20:30,59,129,1.3416666666666666,7.475776397515528,1163.3100697906282,8.033333333333333,2.8166666666666664,fox_2,,,,,,,,,,,,,,,
Running,2026-03-14 12:37:42,False,Kyiv Running,0.28,17.0,00:02:22.7,135,165,,145,182,8:38,6:37,5.0,5.0,0.80,0.0,352.0,No,00:02:22.7,1,00:01:56,00:02:22.7,115,121,0.03963888888888888,7.06377014716188,1257.142857142857,8.633333333333333,6.616666666666667,fox_2,,,,,,,,,,,,,,,
Treadmill Running,2026-03-11 16:14:20,False,Treadmill Running,3.5,229.0,00:22:44,158,173,,178,192,6:30,4:54,,,0.86,0.0,4020.0,No,00:03:17.5,4,00:22:38,00:22:44,,,0.3788888888888889,9.237536656891496,1148.5714285714287,6.5,4.9,fox_2,,,,,,,,,,,,,,,
Running,2026-03-08 11:40:05,False,Kyievo-Sviatoshynskyi raion Running,5.09,455.0,01:00:00,144,205,,94,247,11:47,5:34,95.0,95.0,0.92,0.0,6756.0,No,00:00:45.5,6,00:44:28,01:00:00,151,193,1.0,5.09,1327.3084479371316,11.783333333333333,5.566666666666666,fox_2,,,,,,,,,,,,,,,
Running,2026-03-01 11:45:03,False,Kyievo-Sviatoshynskyi raion Running,3.56,417.0,00:50:39,148,180,,88,212,14:13,6:05,65.0,38.0,0.82,0.0,5420.0,No,00:05:09.4,4,00:31:49,00:50:39,148,193,0.8441666666666666,4.217176702862784,1522.4719101123596,14.216666666666667,6.083333333333333,fox_2,,,,,,,,,,,,,,,
Running,2026-02-28 11:14:57,False,Kyievo-Sviatoshynskyi raion Running,4.01,485.0,00:44:44,171,188,,118,212,11:09,4:44,86.0,52.0,0.78,0.0,6130.0,No,00:00:18.2,5,00:35:51,00:44:44,151,192,0.7455555555555555,5.378539493293592,1528.6783042394015,11.15,4.733333333333333,fox_2,,,,,,,,,,,,,,,
Running,2025-10-13 15:18:23,False,Kyievo-Sviatoshynskyi raion - Long Easy Run,4.3,305.0,00:35:43,146,167,,157,239,8:19,5:39,62.0,88.0,0.76,0.0,5778.0,No,00:05:00,5,00:32:54,00:35:43,150,195,0.5952777777777778,7.223518432104526,1343.7209302325582,8.316666666666666,5.65,fox_2,,,,,,,,,,,,,,,
Running,2025-10-09 10:50:57,False,Kyievo-Sviatoshynskyi raion - Easy Run,4.92,321.0,00:38:55,136,162,,172,195,7:54,5:46,75.0,77.0,0.74,0.0,6696.0,No,00:03:31.9,6,00:38:43,00:38:55,154,197,0.6486111111111111,7.58543897216274,1360.9756097560976,7.9,5.766666666666667,fox_2,,,,,,,,,,,,,,,
Running,2025-10-04 11:24:04,False,Kyiv Running,4.07,218.0,00:20:21,148,189,,185,212,5:00,3:45,52.0,50.0,1.08,0.0,3758.0,No,00:00:21.6,5,00:20:05,00:20:21,126,166,0.33916666666666667,12.0,923.3415233415233,5.0,3.75,fox_2,,,,,,,,,,,,,,,
Running,2025-09-29 10:53:32,False,Kyiv - Long Easy Run,13.2,784.0,01:26:08,149,170,,182,193,6:32,5:25,64.0,64.0,0.84,0.0,15678.0,No,00:00:19.7,16,01:25:39,01:31:45,182,203,1.4355555555555555,9.195046439628483,1187.7272727272727,6.533333333333333,5.416666666666667,fox_2,,,,,,,,,,,,,,,
Running,2025-09-26 10:09:53,False,Kyievo-Sviatoshynskyi raion Running,7.58,507.0,01:01:44,139,174,,160,209,8:09,5:47,126.0,127.0,0.77,0.0,10318.0,No,00:03:35.7,8,00:59:52,01:03:34,146,198,1.028888888888889,7.367170626349892,1361.2137203166226,8.15,5.783333333333333,fox_2,,,,,,,,,,,,,,,
Running,2025-09-25 16:15:53,False,Kyiv - Easy Run,8.54,526.0,00:54:33,150,175,,178,241,6:23,4:59,151.0,155.0,0.88,0.0,9754.0,No,00:01:06.7,11,00:54:02,00:55:35,135,197,0.9091666666666667,9.39321723189734,1142.1545667447308,6.383333333333334,4.983333333333333,fox_2,,,,,,,,,,,,,,,
Running,2025-09-23 16:49:01,False,Kyievo-Sviatoshynskyi raion Running,1.01,73.0,00:08:39.1,144,162,,142,183,8:35,6:07,12.0,2.0,0.82,0.0,1312.0,No,00:00:05.5,2,00:08:31,00:08:39.1,173,191,0.14419444444444446,7.004430745521094,1299.009900990099,8.583333333333334,6.116666666666666,fox_2,,,,,,,,,,,,,,,
Running,2025-09-23 16:17:00,False,Kyievo-Sviatoshynskyi raion - Easy Run,2.72,199.0,00:19:29,163,178,,144,228,7:10,4:10,39.0,46.0,0.97,0.0,3078.0,No,00:03:37.6,4,00:18:29,00:19:29,164,198,0.32472222222222225,8.37639007698888,1131.6176470588234,7.166666666666667,4.166666666666667,fox_2,,,,,,,,,,,,,,,
Running,2025-09-22 10:45:48,False,Kyievo-Sviatoshynskyi raion - Benchmark Run,4.25,264.0,00:32:49,140,164,,163,244,7:43,4:10,66.0,74.0,0.79,0.0,5468.0,No,00:02:00,6,00:31:58,00:33:22,155,198,0.5469444444444445,7.770441848654139,1286.5882352941176,7.716666666666667,4.166666666666667,fox_2,,,,,,,,,,,,,,,
Running,2025-09-21 12:04:21,False,Kyiv Running,8.12,496.0,00:55:08,154,174,,173,209,6:47,5:31,58.0,64.0,0.85,0.0,9552.0,No,00:00:54.5,9,00:54:57,00:58:16,177,207,0.9188888888888889,8.836759371221282,1176.3546798029558,6.783333333333333,5.516666666666667,fox_2,,,,,,,,,,,,,,,
Running,2025-09-19 09:58:34,False,Kyievo-Sviatoshynskyi raion - База,7.29,459.0,00:54:18,143,164,,162,205,7:27,5:52,118.0,117.0,0.83,0.0,9084.0,No,00:04:07.9,8,00:53:37,00:58:23,160,198,0.905,8.05524861878453,1246.0905349794239,7.45,5.866666666666667,fox_2,,,,,,,,,,,,,,,
Running,2025-09-18 16:54:29,False,Kyiv Running,0.83,61.0,00:06:11.9,154,172,,176,185,7:26,6:06,36.0,4.0,0.77,0.0,1092.0,No,00:06:11.9,1,00:06:07,00:06:11.9,136,178,0.10330555555555555,8.034417854261898,1315.6626506024097,7.433333333333334,6.1,fox_2,,,,,,,,,,,,,,,
Running,2025-09-18 16:11:04,False,Kyiv - База,5.0,318.0,00:33:56,149,185,,160,244,6:47,4:38,82.0,121.0,0.91,0.0,5556.0,No,00:05:12.3,5,00:30:54,00:36:00,133,195,0.5655555555555556,8.840864440078585,1111.2,6.783333333333333,4.633333333333333,fox_2,,,,,,,,,,,,,,,
Running,2025-09-16 10:30:37,False,Kyievo-Sviatoshynskyi raion - База,6.82,469.0,00:55:03,142,167,,159,247,8:04,5:57,132.0,142.0,0.78,0.0,9060.0,No,00:01:11.7,8,00:54:26,00:57:12,145,198,0.9175,7.43324250681199,1328.4457478005866,8.066666666666666,5.95,fox_2,,,,,,,,,,,,,,,
Running,2025-09-14 11:51:08,False,Kyiv Running,11.16,799.0,01:13:26,175,206,,138,247,6:35,3:58,365.0,372.0,1.12,0.0,11370.0,No,00:00:51.7,12,01:07:12,01:13:26,-41,125,1.2238888888888888,9.118474807081254,1018.8172043010752,6.583333333333333,3.966666666666667,fox_2,,,,,,,,,,,,,,,
Running,2025-09-13 11:49:57,False,Kyievo-Sviatoshynskyi raion Running,6.86,576.0,00:56:15,169,208,,128,247,8:12,5:30,118.0,131.0,0.95,0.0,8092.0,No,00:06:12.1,7,00:51:05,00:56:15,144,196,0.9375,7.317333333333334,1179.5918367346937,8.2,5.5,fox_2,,,,,,,,,,,,,,,
Running,2025-09-12 10:32:58,False,Kyievo-Sviatoshynskyi raion - База,5.73,370.0,00:38:41,154,174,,170,196,6:45,5:27,93.0,94.0,0.87,0.0,6594.0,No,00:02:09.2,7,00:38:29,00:38:41,168,198,0.6447222222222222,8.88754847048686,1150.785340314136,6.75,5.45,fox_2,,,,,,,,,,,,,,,
Running,2025-09-10 10:29:50,False,Kyievo-Sviatoshynskyi raion Running,6.09,366.0,00:40:35,142,163,,169,177,6:40,5:36,3.0,4.0,0.89,0.0,6918.0,No,00:00:33.4,7,00:40:07,00:49:34,184,191,0.6763888888888889,9.003696098562628,1135.960591133005,6.666666666666667,5.6,fox_2,,,,,,,,,,,,,,,
Running,2025-09-09 10:45:59,False,Kyievo-Sviatoshynskyi raion Running,6.7,442.0,00:49:37,148,168,,161,234,7:24,5:25,95.0,109.0,0.84,0.0,8264.0,No,00:04:41.3,7,00:48:43,00:49:37,152,196,0.8269444444444445,8.102116224386966,1233.4328358208954,7.4,5.416666666666667,fox_2,,,,,,,,,,,,,,,
Running,2025-08-31 10:09:50,False,Running,6.01,646.0,01:07:46,162,182,,119,247,11:16,5:09,,,0.74,0.0,9176.0,No,00:00:04.0,7,00:56:37,01:07:46,,,1.1294444444444445,5.321200196753566,1526.7886855241265,11.266666666666667,5.15,fox_2,,,,,,,,,,,,,,,
Running,2025-08-30 11:22:35,False,Zinkivskyi raion Running,9.76,778.0,01:19:35,168,189,,121,247,8:09,1:35,83.0,81.0,1.03,0.0,10820.0,No,00:04:41.9,10,01:08:43,01:19:35,69,132,1.3263888888888888,7.358324607329843,1108.6065573770493,8.15,1.5833333333333335,fox_2,,,,,,,,,,,,,,,
Running,2025-08-27 11:17:18,False,Kyievo-Sviatoshynskyi raion Running,6.61,407.0,00:46:49,157,188,,162,198,7:05,3:59,57.0,57.0,0.87,0.0,7898.0,No,00:04:10.9,7,00:44:20,00:59:14,168,198,0.7802777777777777,8.471342114631542,1194.8562783661118,7.083333333333333,3.9833333333333334,fox_2,,,,,,,,,,,,,,,
Running,2025-08-21 11:47:52,False,Kyievo-Sviatoshynskyi raion Running,4.74,297.0,00:36:10,150,179,,163,198,7:38,5:20,68.0,65.0,0.80,0.0,6016.0,No,00:05:08.4,5,00:34:58,00:44:17,172,198,0.6027777777777777,7.863594470046084,1269.198312236287,7.633333333333333,5.333333333333333,fox_2,,,,,,,,,,,,,,,
Running,2025-08-17 11:26:28,False,Kyiv Running,4.25,281.0,00:27:52,173,187,,170,190,6:34,4:48,18.0,18.0,0.90,0.0,4822.0,No,00:01:18.2,5,00:27:31,00:27:52,104,119,0.46444444444444444,9.150717703349283,1134.5882352941176,6.566666666666666,4.8,fox_2,,,,,,,,,,,,,,,
Running,2025-08-16 12:17:57,False,Kyiv Running,2.38,243.0,00:26:56,157,185,,109,207,11:18,5:45,28.0,47.0,0.81,0.0,3572.0,No,00:02:52.4,3,00:20:47,00:26:56,160,191,0.4488888888888889,5.301980198019802,1500.8403361344538,11.3,5.75,fox_2,,,,,,,,,,,,,,,
Running,2025-08-03 10:15:00,False,Mlynivskyi raion Running,6.73,468.0,00:53:04,160,182,,132,232,7:53,5:38,67.0,74.0,0.97,0.0,7760.0,No,00:05:08.4,7,00:49:15,00:53:04,220,256,0.8844444444444445,7.60929648241206,1153.0460624071322,7.883333333333333,5.633333333333333,fox_2,,,,,,,,,,,,,,,
Running,2025-08-02 11:45:01,False,Kivertsivskyi raion Running,9.03,676.0,01:16:17,164,194,,128,242,8:27,5:20,69.0,70.0,0.94,0.0,10554.0,No,00:00:11.7,10,01:06:51,01:16:17,184,204,1.271388888888889,7.1024688660694775,1168.7707641196014,8.45,5.333333333333333,fox_2,,,,,,,,,,,,,,,
Running,2025-08-01 18:00:26,False,Lutskyi raion Running,3.68,232.0,00:24:57,162,174,,168,185,6:47,5:38,42.0,28.0,0.88,0.0,4246.0,No,00:04:26.3,4,00:24:36,00:24:57,202,232,0.41583333333333333,8.849699398797595,1153.804347826087,6.783333333333333,5.633333333333333,fox_2,,,,,,,,,,,,,,,
Running,2025-08-01 16:51:08,False,Lutskyi raion Running,8.04,487.0,01:01:43,140,166,,139,218,7:40,4:22,81.0,79.0,0.92,0.0,8844.0,No,00:01:28.5,9,00:53:31,01:01:43,202,241,1.0286111111111111,7.816365109370779,1100.0000000000002,7.666666666666667,4.366666666666666,fox_2,,,,,,,,,,,,,,,
Running,2025-08-01 12:31:58,False,Lutskyi raion Running,2.76,229.0,00:24:30,168,179,,126,247,8:53,6:33,20.0,13.0,0.89,0.0,3520.0,No,00:06:29.8,3,00:22:59,00:24:30,236,257,0.4083333333333333,6.759183673469387,1275.3623188405797,8.883333333333333,6.55,fox_2,,,,,,,,,,,,,,,
Running,2025-08-01 12:27:09,False,Lutskyi raion Running,0.38,28.0,00:03:40.3,144,155,,117,185,9:39,6:37,4.0,8.0,0.89,0.0,428.0,No,00:03:40.3,1,00:02:47,00:03:40.3,243,253,0.06119444444444445,6.209714026327735,1126.3157894736842,9.65,6.616666666666667,fox_2,,,,,,,,,,,,,,,
Running,2025-08-01 11:56:00,False,Lutskyi raion Running,2.93,236.0,00:25:46,165,189,,121,250,8:47,5:35,29.0,23.0,0.95,0.0,3452.0,No,00:06:38.4,3,00:22:59,00:25:46,235,257,0.42944444444444446,6.822768434670117,1178.1569965870306,8.783333333333333,5.583333333333333,fox_2,,,,,,,,,,,,,,,
Running,2025-08-01 11:51:12,False,Lutskyi raion Running,0.35,25.0,00:03:50.7,120,137,,116,177,10:59,6:51,5.0,8.0,0.79,0.0,476.0,No,00:03:50.7,1,00:02:54,00:03:50.7,242,251,0.06408333333333333,5.461638491547465,1360.0,10.983333333333333,6.85,fox_2,,,,,,,,,,,,,,,
Running,2025-07-31 17:14:59,False,Lutskyi raion Running,3.95,307.0,00:36:16,157,184,,118,247,9:11,5:41,24.0,41.0,0.93,0.0,4750.0,No,00:07:21.8,4,00:29:09,00:36:16,213,241,0.6044444444444445,6.5349264705882355,1202.5316455696202,9.183333333333334,5.683333333333334,fox_2,,,,,,,,,,,,,,,
Running,2025-07-30 10:19:57,False,Mlynivskyi raion Running,9.48,687.0,01:10:41,171,184,,144,247,7:27,5:04,97.0,94.0,0.93,0.0,11060.0,No,00:03:01.6,10,01:08:18,01:10:41,222,257,1.1780555555555556,8.047158688988446,1166.6666666666665,7.45,5.066666666666666,fox_2,,,,,,,,,,,,,,,
Running,2025-07-29 17:29:02,False,Lutskyi raion Running,0.43,24.0,00:03:55.3,126,147,,129,183,9:10,5:32,200.0,202.0,0.84,0.0,594.0,No,00:03:55.3,1,00:03:31,00:03:55.3,201,270,0.06536111111111112,6.578835529111771,1381.3953488372092,9.166666666666666,5.533333333333333,fox_2,,,,,,,,,,,,,,,
Running,2025-07-29 10:18:51,False,Lutskyi raion Running,8.43,646.0,01:08:54,169,195,,129,242,8:10,4:22,127.0,127.0,0.96,0.0,10082.0,No,00:00:05.2,10,01:03:28,01:09:00,223,262,1.1483333333333334,7.341074020319303,1195.9667852906286,8.166666666666666,4.366666666666666,fox_2,,,,,,,,,,,,,,,
Running,2025-07-29 10:09:41,False,Lutskyi raion Running,0.22,14.0,00:02:14.9,123,137,,131,185,10:11,7:34,4.0,,0.75,0.0,304.0,No,00:02:14.9,1,00:01:47,00:02:14.9,248,252,0.037472222222222226,5.87101556708673,1381.8181818181818,10.183333333333334,7.566666666666666,fox_2,,,,,,,,,,,,,,,
Running,2025-07-26 10:51:34,False,Kyievo-Sviatoshynskyi raion Running,4.09,349.0,00:37:15,163,200,,118,247,9:07,5:12,66.0,64.0,0.93,0.0,5062.0,No,00:00:35.7,5,00:33:12,00:37:15,150,193,0.6208333333333333,6.587919463087248,1237.6528117359414,9.116666666666667,5.2,fox_2,,,,,,,,,,,,,,,
Running,2025-07-13 10:23:03,False,Lutskyi raion Running,8.28,604.0,01:03:42,169,192,,137,247,7:41,4:54,84.0,90.0,0.95,0.0,9480.0,No,00:01:35.9,9,00:59:19,01:03:42,221,257,1.0616666666666668,7.799058084772369,1144.9275362318842,7.683333333333334,4.9,fox_2,,,,,,,,,,,,,,,
Running,2025-07-12 11:35:04,False,Mlynivskyi raion Running,9.28,751.0,01:19:30,168,191,,125,237,8:34,5:12,107.0,128.0,0.95,0.0,11080.0,No,00:02:04.4,10,01:10:47,01:19:30,221,259,1.325,7.00377358490566,1193.9655172413793,8.566666666666666,5.2,fox_2,,,,,,,,,,,,,,,
Running,2025-07-11 10:00:01,False,Kivertsivskyi raion Running,11.11,913.0,01:37:34,166,204,,118,247,8:47,4:35,89.0,84.0,0.98,0.0,12874.0,No,00:00:35.0,12,01:18:55,01:37:34,181,204,1.626111111111111,6.8322514519986335,1158.775877587759,8.783333333333333,4.583333333333333,fox_2,,,,,,,,,,,,,,,
Running,2025-07-10 14:59:43,False,Kivertsivskyi raion Running,3.38,228.0,00:23:30,168,184,,152,189,6:57,5:14,10.0,13.0,0.95,0.0,3844.0,No,00:02:16.4,4,00:22:51,00:23:30,196,209,0.39166666666666666,8.629787234042553,1137.2781065088757,6.95,5.233333333333333,fox_2,,,,,,,,,,,,,,,
Running,2025-07-08 12:43:10,False,Kyievo-Sviatoshynskyi raion Running,0.97,61.0,00:06:39.1,146,162,,168,183,6:50,5:42,15.0,,0.87,0.0,1140.0,No,00:06:39.1,1,00:06:25,00:06:39.1,168,189,0.11086111111111112,8.749686795289401,1175.2577319587629,6.833333333333333,5.7,fox_2,,,,,,,,,,,,,,,
Running,2025-07-08 11:38:30,False,Kyievo-Sviatoshynskyi raion Running,3.44,205.0,00:22:58,147,170,,172,200,6:41,5:31,26.0,40.0,0.87,0.0,3972.0,No,00:02:47.9,4,00:22:46,00:23:39,168,197,0.3827777777777778,8.986937590711175,1154.6511627906978,6.683333333333334,5.516666666666667,fox_2,,,,,,,,,,,,,,,
Running,2025-06-25 11:21:37,False,Kyievo-Sviatoshynskyi raion Running,2.89,195.0,00:21:52,155,179,,149,183,7:34,4:41,50.0,39.0,0.89,0.0,3572.0,No,00:06:00.6,3,00:20:54,00:21:52,170,197,0.36444444444444446,7.929878048780488,1235.98615916955,7.566666666666666,4.683333333333334,fox_2,,,,,,,,,,,,,,,
Running,2025-06-25 10:42:51,False,Kyievo-Sviatoshynskyi raion Running,3.21,207.0,00:27:58,136,167,,132,192,8:43,5:28,38.0,37.0,0.87,0.0,3814.0,No,00:06:17.5,4,00:22:24,00:27:58,170,197,0.4661111111111111,6.886769964243147,1188.1619937694704,8.716666666666667,5.466666666666667,fox_2,,,,,,,,,,,,,,,
Running,2025-06-22 14:02:36,False,Kyievo-Sviatoshynskyi raion Running,0.82,72.0,00:08:37.6,141,170,,106,247,10:30,5:33,11.0,11.0,0.90,0.0,1170.0,No,00:08:37.6,1,00:06:51,00:08:37.6,185,193,0.14377777777777778,5.7032457496136,1426.829268292683,10.5,5.55,fox_2,,,,,,,,,,,,,,,
Running,2025-06-22 12:56:01,False,Kyievo-Sviatoshynskyi raion Running,3.94,310.0,00:37:08,151,181,,115,231,9:26,4:44,55.0,56.0,0.93,0.0,4988.0,No,00:07:05.5,4,00:31:08,00:37:08,158,192,0.6188888888888889,6.366247755834829,1265.989847715736,9.433333333333334,4.733333333333333,fox_2,,,,,,,,,,,,,,,
Running,2025-06-19 12:10:19,False,Kyievo-Sviatoshynskyi raion Running,4.42,327.0,00:35:41,162,181,,133,221,8:04,4:12,50.0,52.0,0.93,0.0,5286.0,No,00:02:15.7,5,00:32:37,00:35:41,166,194,0.5947222222222223,7.4320411022886494,1195.9276018099547,8.066666666666666,4.2,fox_2,,,,,,,,,,,,,,,
Running,2025-06-19 11:39:09,False,Kyievo-Sviatoshynskyi raion Running,2.34,175.0,00:30:10,119,160,,93,187,12:53,6:06,37.0,39.0,0.85,0.0,3184.0,No,00:02:31.0,3,00:20:15,00:30:10,162,193,0.5027777777777778,4.65414364640884,1360.6837606837607,12.883333333333333,6.1,fox_2,,,,,,,,,,,,,,,
Running,2025-06-17 12:19:47,False,Kyievo-Sviatoshynskyi raion Running,1.4,122.0,00:15:50,148,168,,99,190,11:20,6:00,34.0,18.0,0.91,0.0,1942.0,No,00:05:57.2,2,00:12:21,00:15:50,170,192,0.2638888888888889,5.3052631578947365,1387.1428571428573,11.333333333333334,6.0,fox_2,,,,,,,,,,,,,,,
Running,2025-06-17 11:45:02,False,Kyievo-Sviatoshynskyi raion Running,3.47,267.0,00:31:34,156,179,,126,219,9:06,4:54,51.0,56.0,0.87,0.0,4450.0,No,00:03:17.8,4,00:27:01,00:31:34,171,198,0.5261111111111111,6.595564941921859,1282.4207492795388,9.1,4.9,fox_2,,,,,,,,,,,,,,,
Running,2025-06-17 11:34:51,False,Kyievo-Sviatoshynskyi raion Running,0.59,36.0,00:04:56.0,130,145,,132,209,8:25,2:36,,,0.89,0.0,676.0,No,00:00:02.2,2,00:03:48,00:04:56.0,178,180,0.08222222222222222,7.175675675675675,1145.7627118644068,8.416666666666666,2.6,fox_2,,,,,,,,,,,,,,,
Running,2025-06-14 11:35:04,False,Korostyshivskyi raion Running,8.05,532.0,00:53:14,173,205,,161,198,6:37,4:53,57.0,68.0,0.94,0.0,8960.0,No,00:00:13.8,9,00:50:54,00:53:14,166,197,0.8872222222222222,9.073262366938009,1113.0434782608695,6.616666666666667,4.883333333333333,fox_2,,,,,,,,,,,,,,,
Running,2025-06-13 10:10:01,False,Korostyshivskyi raion Running,10.28,749.0,01:23:41,160,189,,126,219,8:09,4:51,59.0,51.0,0.98,0.0,11448.0,No,00:01:31.5,11,01:09:49,01:23:41,179,197,1.3947222222222222,7.370643298147779,1113.6186770428017,8.15,4.85,fox_2,,,,,,,,,,,,,,,
Running,2025-06-10 10:48:33,False,Kyievo-Sviatoshynskyi raion Running,2.69,215.0,00:31:55,136,177,,101,234,11:51,5:38,35.0,22.0,0.84,0.0,3776.0,No,00:09:23.8,3,00:22:35,00:31:55,167,198,0.5319444444444444,5.056919060052219,1403.7174721189592,11.85,5.633333333333333,fox_2,,,,,,,,,,,,,,,
Running,2025-06-08 11:30:02,False,Kyiv Running,7.91,562.0,01:01:33,163,194,,143,237,7:47,4:54,148.0,128.0,0.91,0.0,9462.0,No,00:06:31.7,8,00:55:41,01:01:33,156,206,1.0258333333333334,7.710804224207961,1196.2073324905184,7.783333333333333,4.9,fox_2,,,,,,,,,,,,,,,
Running,2025-06-08 10:54:01,False,Kyiv Running,2.84,187.0,00:32:26,125,156,,108,187,11:25,5:37,27.0,46.0,0.81,0.0,3616.0,No,00:07:42.2,3,00:21:52,00:32:26,172,206,0.5405555555555556,5.253854059609455,1273.2394366197184,11.416666666666666,5.616666666666667,fox_2,,,,,,,,,,,,,,,
Running,2025-06-07 11:30:10,False,Kyievo-Sviatoshynskyi raion Running,5.82,440.0,00:49:21,163,190,,127,215,8:29,4:59,76.0,79.0,0.94,0.0,7172.0,No,00:06:31.6,6,00:46:17,00:49:21,145,197,0.8225,7.075987841945289,1232.3024054982818,8.483333333333333,4.983333333333333,fox_2,,,,,,,,,,,,,,,
Running,2025-06-07 11:18:56,False,Kyievo-Sviatoshynskyi raion Running,0.69,62.0,00:07:09.3,155,171,,124,185,10:18,6:49,34.0,28.0,0.78,0.0,992.0,No,00:00:02.2,2,00:06:27,00:07:09.3,151,187,0.11925000000000001,5.786163522012577,1437.68115942029,10.3,6.816666666666666,fox_2,,,,,,,,,,,,,,,
Running,2025-06-05 16:16:02,False,Kyievo-Sviatoshynskyi raion Running,2.66,184.0,00:19:39,165,193,,147,247,7:23,4:42,25.0,28.0,0.92,0.0,3126.0,No,00:04:13.1,3,00:18:32,00:19:39,175,198,0.3275,8.122137404580153,1175.187969924812,7.383333333333334,4.7,fox_2,,,,,,,,,,,,,,,
Treadmill Running,2025-06-04 10:40:28,False,Восстановление,4.27,233.0,00:31:07,135,159,,170,185,7:17,5:54,,,0.81,0.0,5276.0,No,00:00:07.0,6,00:30:59,00:31:07,,,0.5186111111111111,8.233529726834492,1235.5971896955505,7.283333333333333,5.9,fox_2,,,,,,,,,,,,,,,
Running,2025-06-03 16:35:02,False,Kyievo-Sviatoshynskyi raion Running,1.24,90.0,00:10:33,148,182,,130,228,8:29,6:01,8.0,9.0,0.91,0.0,1616.0,No,00:01:38.0,2,00:09:20,00:10:33,183,194,0.17583333333333334,7.052132701421801,1303.225806451613,8.483333333333333,6.016666666666667,fox_2,,,,,,,,,,,,,,,
Running,2025-06-03 16:10:24,False,Kyievo-Sviatoshynskyi raion Running,1.57,104.0,00:13:14,148,173,,149,177,8:26,6:37,19.0,22.0,0.80,0.0,2072.0,No,00:04:31.4,2,00:12:54,00:13:14,170,194,0.22055555555555556,7.1183879093199,1319.7452229299363,8.433333333333334,6.616666666666667,fox_2,,,,,,,,,,,,,,,
Treadmill Running,2025-06-02 15:05:09,False,Treadmill Running,0.97,42.0,00:06:22.5,121,134,,166,175,6:34,5:35,,,0.92,0.0,1052.0,No,00:06:22.5,1,00:06:21,00:06:22.5,,,0.10625,9.129411764705882,1084.5360824742268,6.566666666666666,5.583333333333333,fox_2,,,,,,,,,,,,,,,
Running,2025-06-01 12:31:04,False,Kyiv Running,8.12,546.0,00:56:53,168,184,,154,198,7:00,4:54,29.0,30.0,0.93,0.0,9072.0,No,00:00:43.8,9,00:51:05,00:56:53,102,116,0.9480555555555555,8.564898915909756,1117.2413793103449,7.0,4.9,fox_2,,,,,,,,,,,,,,,
Running,2025-06-01 12:08:34,False,Kyiv Running,1.61,95.0,00:19:52,102,129,,104,185,12:22,7:05,10.0,13.0,0.78,0.0,2184.0,No,00:06:27.5,2,00:17:21,00:19:52,106,115,0.33111111111111113,4.8624161073825505,1356.5217391304348,12.366666666666667,7.083333333333333,fox_2,,,,,,,,,,,,,,,
Running,2025-05-27 15:45:01,False,Kyievo-Sviatoshynskyi raion Running,6.81,526.0,01:01:47,158,188,,120,244,9:04,5:14,119.0,115.0,0.92,0.0,8756.0,No,00:06:27.8,7,00:53:04,01:01:47,150,195,1.0297222222222222,6.613434043701106,1285.7562408223203,9.066666666666666,5.233333333333333,fox_2,,,,,,,,,,,,,,,
Running,2025-05-27 15:33:25,False,Kyievo-Sviatoshynskyi raion Running,0.76,58.0,00:08:49.0,125,147,,117,212,11:38,7:46,28.0,32.0,0.74,0.0,1132.0,No,00:08:49.0,1,00:06:18,00:08:49.0,145,177,0.14694444444444443,5.172022684310019,1489.4736842105262,11.633333333333333,7.766666666666667,fox_2,,,,,,,,,,,,,,,
Running,2025-05-20 16:39:12,False,Kyievo-Sviatoshynskyi raion Running,1.15,88.0,00:11:34,145,162,,143,230,10:02,7:17,4.0,10.0,0.70,0.0,1712.0,No,00:01:20.7,2,00:10:22,00:11:34,182,195,0.19277777777777777,5.965417867435158,1488.6956521739132,10.033333333333333,7.283333333333333,fox_2,,,,,,,,,,,,,,,
Running,2025-05-20 15:50:32,False,Kyievo-Sviatoshynskyi raion Running,4.85,394.0,00:43:23,162,187,,114,250,8:57,4:39,66.0,41.0,0.98,0.0,5708.0,No,00:07:05.2,5,00:37:44,00:43:23,160,195,0.7230555555555556,6.707645024971186,1176.9072164948454,8.95,4.65,fox_2,,,,,,,,,,,,,,,
Running,2025-05-20 15:35:58,False,Kyievo-Sviatoshynskyi raion Running,1.35,76.0,00:09:01.1,141,161,,176,198,6:42,5:37,3.0,30.0,0.85,0.0,1590.0,No,00:02:27.4,2,00:08:59.4,00:09:01.1,159,192,0.15030555555555555,8.9817039364258,1177.7777777777776,6.7,5.616666666666667,fox_2,,,,,,,,,,,,,,,
Running,2025-05-18 14:01:41,False,Kyiv Running,3.02,215.0,00:22:21,163,188,,136,195,7:24,4:19,41.0,37.0,1.00,0.0,3234.0,No,00:00:04.4,4,00:18:34,00:22:21,161,193,0.3725,8.10738255033557,1070.8609271523178,7.4,4.316666666666666,fox_2,,,,,,,,,,,,,,,
Running,2025-05-17 12:34:45,False,Kyiv Running,3.56,366.0,00:39:33,156,196,,92,200,11:07,4:47,112.0,111.0,0.97,0.0,4808.0,No,00:04:43.0,4,00:27:27,00:39:33,140,178,0.6591666666666667,5.400758533501897,1350.561797752809,11.116666666666667,4.783333333333333,fox_2,,,,,,,,,,,,,,,
Running,2025-05-14 15:34:19,False,Kyievo-Sviatoshynskyi raion Running,4.99,291.0,00:37:26,134,157,,165,234,7:30,5:42,65.0,64.0,0.81,0.0,6262.0,No,00:06:32.9,5,00:36:40,00:44:24,162,195,0.6238888888888889,7.998219056099733,1254.9098196392786,7.5,5.7,fox_2,,,,,,,,,,,,,,,
Running,2025-05-11 11:20:01,False,Narol Running,4.88,390.0,00:44:47,156,191,,112,242,9:11,4:50,142.0,90.0,0.98,0.0,5726.0,No,00:05:55.0,5,00:35:48,00:44:47,302,400,0.7463888888888889,6.5381466319315225,1173.360655737705,9.183333333333334,4.833333333333333,fox_2,,,,,,,,,,,,,,,
Running,2025-05-10 11:46:03,False,Horyniec-Zdroj Running,5.36,343.0,00:45:43,136,185,,125,227,8:32,4:31,107.0,78.0,0.96,0.0,6092.0,No,00:02:29.1,6,00:39:33,00:45:43,311,366,0.7619444444444444,7.034633612832666,1136.5671641791043,8.533333333333333,4.516666666666667,fox_2,,,,,,,,,,,,,,,
Running,2025-05-09 14:46:07,False,Lubaczow (Gmina) Running,3.58,245.0,00:26:32,160,182,,143,195,7:25,4:18,15.0,19.0,0.94,0.0,4062.0,No,00:02:59.4,4,00:23:20,00:26:32,209,221,0.44222222222222224,8.095477386934673,1134.63687150838,7.416666666666667,4.3,fox_2,,,,,,,,,,,,,,,
Running,2025-05-04 12:07:36,False,Kyievo-Sviatoshynskyi raion - База,1.44,94.0,00:10:42,148,160,,180,191,7:25,5:24,14.0,10.0,0.75,0.0,1934.0,No,00:03:06.3,2,00:10:29,00:10:42,177,192,0.17833333333333334,8.074766355140186,1343.0555555555557,7.416666666666667,5.4,fox_2,,,,,,,,,,,,,,,
Running,2025-05-04 11:20:31,False,Kyievo-Sviatoshynskyi raion Running,3.35,235.0,00:25:46,161,183,,144,241,7:41,4:36,69.0,78.0,0.90,0.0,4102.0,No,00:01:43.2,4,00:24:00,00:25:46,151,192,0.42944444444444446,7.800776196636481,1224.4776119402984,7.683333333333334,4.6,fox_2,,,,,,,,,,,,,,,
Running,2025-05-03 10:50:41,False,Kyievo-Sviatoshynskyi raion Running,4.12,320.0,00:37:39,155,194,,121,234,9:09,4:25,87.0,100.0,0.92,0.0,5120.0,No,00:01:39.6,5,00:30:40,00:37:39,152,195,0.6275,6.565737051792829,1242.7184466019417,9.15,4.416666666666667,fox_2,,,,,,,,,,,,,,,
Running,2025-05-01 16:40:40,False,Kyievo-Sviatoshynskyi raion Running,0.72,43.0,00:04:35.9,155,166,,177,185,6:21,6:00,5.0,,0.89,0.0,812.0,No,00:04:35.9,1,00:04:35,00:04:35.9,183,191,0.07663888888888888,9.394708227618702,1127.7777777777778,6.35,6.0,fox_2,,,,,,,,,,,,,,,
Running,2025-05-01 16:13:00,False,Kyievo-Sviatoshynskyi raion Running,2.91,203.0,00:23:35,153,175,,135,208,8:07,3:50,54.0,57.0,0.92,0.0,3530.0,No,00:07:20.4,3,00:21:57,00:23:35,159,197,0.39305555555555555,7.403533568904594,1213.0584192439862,8.116666666666667,3.8333333333333335,fox_2,,,,,,,,,,,,,,,
Running,2025-04-29 16:36:48,False,Kyievo-Sviatoshynskyi raion - База,0.31,37.0,00:04:57.5,134,150,,77,177,15:55,7:38,,4.0,0.82,0.0,478.0,No,00:04:57.5,1,00:03:05,00:05:01.5,184,191,0.08263888888888889,3.7512605042016807,1541.9354838709678,15.916666666666666,7.633333333333333,fox_2,,,,,,,,,,,,,,,
Running,2025-04-29 15:38:02,False,Kyievo-Sviatoshynskyi raion Running,5.69,451.0,00:49:32,161,178,,127,240,8:42,5:39,133.0,124.0,0.90,0.0,7004.0,No,00:06:06.1,6,00:44:19,00:49:32,150,195,0.8255555555555556,6.892328398384926,1230.9314586994726,8.7,5.65,fox_2,,,,,,,,,,,,,,,
Running,2025-04-27 09:50:04,False,Vinnytskyi raion Running,7.26,494.0,00:52:08,164,177,,156,211,7:11,4:38,123.0,122.0,0.89,0.0,8518.0,No,00:01:31.4,8,00:49:15,00:52:08,260,312,0.8688888888888889,8.35549872122762,1173.2782369146005,7.183333333333334,4.633333333333333,fox_2,,,,,,,,,,,,,,,
Running,2025-04-26 11:25:03,False,Vinnytskyi raion Running,8.64,599.0,01:09:55,160,186,,127,221,8:06,4:46,39.0,36.0,0.99,0.0,9956.0,No,00:04:08.9,9,00:59:53,01:09:55,279,299,1.1652777777777779,7.414541120381406,1152.3148148148148,8.1,4.766666666666667,fox_2,,,,,,,,,,,,,,,
Running,2025-04-25 11:21:04,False,Vinnytskyi raion Running,7.4,530.0,00:56:52,165,189,,144,193,7:41,4:10,75.0,51.0,0.91,0.0,8496.0,No,00:02:02.8,8,00:49:16,00:56:52,278,311,0.9477777777777778,7.807737397420867,1148.1081081081081,7.683333333333334,4.166666666666667,fox_2,,,,,,,,,,,,,,,
Running,2025-04-24 15:31:03,False,Vinnytskyi raion Running,2.65,195.0,00:22:01,161,200,,127,196,8:19,4:35,39.0,45.0,0.95,0.0,3122.0,No,00:04:21.9,3,00:18:45,00:22:01,261,297,0.36694444444444446,7.221801665404995,1178.1132075471698,8.316666666666666,4.583333333333333,fox_2,,,,,,,,,,,,,,,
Running,2025-04-19 12:04:14,False,Kyievo-Sviatoshynskyi raion - Восстановление,0.95,72.0,00:08:56.6,147,161,,131,185,9:23,6:05,4.0,9.0,0.82,0.0,1194.0,No,00:08:56.6,1,00:06:38,00:08:56.6,182,192,0.14905555555555555,6.3734625419306745,1256.842105263158,9.383333333333333,6.083333333333333,fox_2,,,,,,,,,,,,,,,
Running,2025-04-19 11:07:02,False,Kyiv Running,4.22,351.0,00:41:19,154,173,,116,250,9:47,5:41,95.0,78.0,0.88,0.0,5424.0,No,00:02:29.6,5,00:36:24,00:41:19,147,189,0.6886111111111111,6.128277531262606,1285.308056872038,9.783333333333333,5.683333333333334,fox_2,,,,,,,,,,,,,,,
Running,2025-04-19 10:56:45,False,Kyievo-Sviatoshynskyi raion Running,0.84,60.0,00:07:06.2,141,154,,147,212,8:30,6:10,11.0,30.0,0.80,0.0,1102.0,No,00:07:06.2,1,00:06:16,00:07:06.2,140,188,0.11838888888888889,7.095260441107461,1311.904761904762,8.5,6.166666666666667,fox_2,,,,,,,,,,,,,,,
Running,2025-04-18 11:04:25,False,Kyievo-Sviatoshynskyi raion Running,1.1,75.0,00:08:20.2,155,164,,172,183,7:34,6:01,28.0,,0.77,0.0,1442.0,No,00:00:39.2,2,00:08:19,00:08:20.2,160,191,0.13894444444444445,7.916833266693323,1310.9090909090908,7.566666666666666,6.016666666666667,fox_2,,,,,,,,,,,,,,,
Running,2025-04-18 10:30:21,False,Kyievo-Sviatoshynskyi raion - База,4.25,262.0,00:30:02,150,168,,165,212,7:04,5:12,53.0,86.0,0.86,0.0,5096.0,No,00:01:44.8,5,00:28:57,00:30:02,154,197,0.5005555555555555,8.49056603773585,1199.0588235294117,7.066666666666666,5.2,fox_2,,,,,,,,,,,,,,,
Treadmill Running,2025-04-16 10:31:52,False,Treadmill Running,7.02,371.0,00:39:19,159,181,,174,193,5:36,4:30,,,1.03,0.0,6848.0,No,00:00:09.0,8,00:39:18,00:39:19,,,0.6552777777777777,10.71301398897838,975.4985754985755,5.6,4.5,fox_2,,,,,,,,,,,,,,,
Running,2025-04-12 12:12:57,False,Kyiv Running,7.36,510.0,00:53:08,168,191,,154,200,7:13,4:55,23.0,24.0,0.90,0.0,8470.0,No,00:02:05.5,8,00:48:54,00:53:08,99,118,0.8855555555555555,8.311166875784192,1150.8152173913043,7.216666666666667,4.916666666666667,fox_2,,,,,,,,,,,,,,,
Running,2025-04-05 10:00:04,False,Kyiv Running,8.51,611.0,01:11:11,157,192,,129,240,8:22,4:44,134.0,124.0,0.94,0.0,10136.0,No,00:02:57.1,9,00:59:27,01:11:11,139,206,1.186388888888889,7.173027394052914,1191.069330199765,8.366666666666667,4.733333333333333,fox_2,,,,,,,,,,,,,,,
Running,2025-04-04 10:30:03,False,Kyiv Running,8.85,602.0,01:08:57,158,183,,134,247,7:47,4:58,47.0,45.0,0.97,0.0,9918.0,No,00:04:59.0,9,00:58:15,01:08:57,105,130,1.1491666666666667,7.701232777374909,1120.677966101695,7.783333333333333,4.966666666666667,fox_2,,,,,,,,,,,,,,,
Running,2025-04-03 15:41:11,False,Kyiv Running,3.52,248.0,00:25:53,171,187,,143,199,7:21,5:12,13.0,18.0,0.95,0.0,4140.0,No,00:00:08.1,5,00:24:31,00:26:32,187,204,0.4313888888888889,8.159690920798456,1176.1363636363637,7.35,5.2,fox_2,,,,,,,,,,,,,,,
Running,2025-03-30 12:07:58,False,Kyievo-Sviatoshynskyi raion Running,1.3,85.0,00:09:55.6,159,174,,159,185,7:38,6:02,19.0,9.0,0.82,0.0,1654.0,No,00:02:35.9,2,00:09:27.9,00:10:58,177,193,0.16544444444444445,7.857622565480188,1272.3076923076924,7.633333333333333,6.033333333333333,fox_2,,,,,,,,,,,,,,,
Running,2025-03-30 11:41:32,False,Kyievo-Sviatoshynskyi raion Running,2.28,152.0,00:18:10,150,197,,139,223,7:57,5:06,28.0,37.0,0.90,0.0,2810.0,No,00:01:37.6,3,00:17:05,00:18:10,159,192,0.30277777777777776,7.530275229357798,1232.4561403508774,7.95,5.1,fox_2,,,,,,,,,,,,,,,
Running,2025-03-29 13:25:14,False,Kyievo-Sviatoshynskyi raion Running,1.74,115.0,00:16:02,137,167,,157,222,9:12,5:54,22.0,47.0,0.69,0.0,2580.0,No,00:06:17.0,2,00:15:43,00:16:02,158,189,0.26722222222222225,6.511434511434511,1482.7586206896551,9.2,5.9,fox_2,,,,,,,,,,,,,,,
Running,2025-03-29 11:49:33,False,Kyievo-Sviatoshynskyi raion Running,7.2,598.0,01:05:25,166,199,,119,247,9:05,4:41,117.0,95.0,0.95,0.0,8886.0,No,00:03:34.2,8,00:55:23,01:05:25,145,197,1.0902777777777777,6.603821656050957,1234.1666666666667,9.083333333333334,4.683333333333334,fox_2,,,,,,,,,,,,,,,
Running,2025-03-26 14:53:00,False,Kyievo-Sviatoshynskyi raion Running,3.83,264.0,00:30:40,157,183,,142,204,8:01,4:54,61.0,56.0,0.88,0.0,4842.0,No,00:07:10.8,4,00:28:25,00:30:40,156,191,0.5111111111111111,7.493478260869566,1264.2297650130547,8.016666666666667,4.9,fox_2,,,,,,,,,,,,,,,
Treadmill Running,2025-03-25 11:22:31,False,Восстановление,3.49,216.0,00:24:53,147,154,,171,177,7:08,6:26,,,0.82,0.0,4248.0,No,00:00:53.2,5,00:24:45,00:24:53,,,0.4147222222222222,8.415271265907569,1217.1919770773638,7.133333333333334,6.433333333333334,fox_2,,,,,,,,,,,,,,,
Running,2025-03-23 12:09:58,False,Kyiv Running,8.23,629.0,01:14:58,158,187,,135,191,9:07,5:32,124.0,118.0,0.82,0.0,10888.0,No,00:01:51.8,9,01:05:16,01:14:58,158,206,1.2494444444444444,6.586927523343709,1322.9647630619684,9.116666666666667,5.533333333333333,fox_2,,,,,,,,,,,,,,,
Running,2025-03-23 11:46:07,False,Kyiv Running,1.85,132.0,00:20:07,129,156,,126,192,10:51,3:45,43.0,45.0,0.76,0.0,2816.0,No,00:09:26.7,2,00:18:50,00:20:07,151,192,0.3352777777777778,5.51781275890638,1522.162162162162,10.85,3.75,fox_2,,,,,,,,,,,,,,,
Running,2025-03-22 12:04:59,False,Kyiv Running,4.01,350.0,00:39:38,161,181,,126,247,9:53,6:27,46.0,45.0,0.80,0.0,5552.0,No,00:00:06.9,5,00:35:39,00:39:38,175,196,0.6605555555555556,6.070647603027754,1384.5386533665835,9.883333333333333,6.45,fox_2,,,,,,,,,,,,,,,
Running,2025-03-20 15:31:29,False,Kyievo-Sviatoshynskyi raion Running,3.24,222.0,00:27:52,139,183,,133,237,8:37,4:30,45.0,45.0,0.87,0.0,3998.0,No,00:01:43.5,4,00:25:20,00:27:52,164,198,0.46444444444444444,6.976076555023924,1233.9506172839506,8.616666666666667,4.5,fox_2,,,,,,,,,,,,,,,
Treadmill Running,2025-03-19 15:15:05,False,Восстановление,3.65,175.0,00:22:40,136,146,,166,175,6:12,4:52,,,0.97,0.0,3778.0,No,00:00:39.6,5,00:22:18,00:22:40,,,0.37777777777777777,9.661764705882353,1035.0684931506848,6.2,4.866666666666667,fox_2,,,,,,,,,,,,,,,
Running,2025-03-16 11:44:57,False,Kyiv Running,7.21,564.0,01:00:42,166,192,,129,225,8:25,5:14,83.0,92.0,0.94,0.0,8632.0,No,00:01:20.1,8,00:52:05,01:00:42,162,206,1.0116666666666667,7.126853377265238,1197.2260748959777,8.416666666666666,5.233333333333333,fox_2,,,,,,,,,,,,,,,
Running,2025-03-16 11:25:59,False,Kyiv Running,1.15,78.0,00:13:19,121,140,,122,181,11:37,8:33,12.0,1.0,0.73,0.0,1652.0,No,00:03:23.9,2,00:11:20,00:13:19,192,204,0.22194444444444444,5.1814768460575715,1436.521739130435,11.616666666666667,8.55,fox_2,,,,,,,,,,,,,,,
Running,2025-03-13 11:07:37,False,Kyievo-Sviatoshynskyi raion Running,0.78,55.0,00:10:05,120,129,,95,234,12:53,9:59,11.0,23.0,0.81,0.0,1112.0,No,00:10:05,1,00:09:11,00:10:05,174,198,0.16805555555555557,4.641322314049587,1425.6410256410256,12.883333333333333,9.983333333333333,fox_2,,,,,,,,,,,,,,,
Running,2025-03-13 10:34:02,False,Kyievo-Sviatoshynskyi raion Running,2.7,218.0,00:23:05,168,186,,121,237,8:34,5:24,41.0,37.0,0.96,0.0,3322.0,No,00:06:28.9,3,00:21:58,00:23:05,173,198,0.38472222222222224,7.018050541516246,1230.3703703703702,8.566666666666666,5.4,fox_2,,,,,,,,,,,,,,,
Running,2025-03-13 10:24:21,False,Kyievo-Sviatoshynskyi raion Running,0.85,54.0,00:06:29.9,147,164,,152,185,7:37,4:19,115.0,,0.86,0.0,986.0,No,00:06:29.9,1,00:05:59,00:06:29.9,72,191,0.10830555555555554,7.848166196460632,1160.0,7.616666666666667,4.316666666666666,fox_2,,,,,,,,,,,,,,,
Treadmill Running,2025-03-03 14:34:46,False,База,11.65,366.0,00:45:27,142,159,,166,240,3:54,2:31,,,1.54,0.0,7512.0,No,00:03:26.8,12,00:45:16,00:45:27,,,0.7575,15.379537953795381,644.8068669527897,3.9,2.5166666666666666,fox_2,,,,,,,,,,,,,,,
Running,2025-02-26 12:49:24,False,Kyievo-Sviatoshynskyi raion Running,2.42,153.0,00:26:02,112,148,,17,156,10:46,6:07,14.0,1.0,12.48,0.0,702.0,No,00:06:14.6,3,00:20:31,00:26:02,167,185,0.4338888888888889,5.577464788732394,290.08264462809916,10.766666666666667,6.116666666666666,fox_2,,,,,,,,,,,,,,,
Treadmill Running,2025-02-24 11:48:44,False,Treadmill Running,15.55,584.0,01:13:19,142,160,,162,175,4:43,3:20,,,1.31,0.0,11844.0,No,00:02:12.3,16,01:12:44,01:13:19,,,1.2219444444444445,12.725619458967948,761.6720257234726,4.716666666666667,3.3333333333333335,fox_2,,,,,,,,,,,,,,,
Running,2025-02-22 11:26:00,False,Kyiv Running,6.39,404.0,00:48:32,142,187,,42,146,7:35,2:37,24.0,29.0,3.15,0.0,3246.0,No,00:02:55.1,7,00:41:14,00:48:32,189,208,0.8088888888888889,7.899725274725275,507.981220657277,7.583333333333333,2.6166666666666667,fox_2,,,,,,,,,,,,,,,
Running,2025-02-21 12:06:01,False,Kyiv Running,5.37,283.0,00:43:09,114,129,,40,247,8:02,3:09,24.0,24.0,3.15,0.0,3058.0,No,00:02:35.5,6,00:36:08,00:43:09,190,201,0.7191666666666666,7.466975666280418,569.4599627560522,8.033333333333333,3.15,fox_2,,,,,,,,,,,,,,,
Treadmill Running,2025-02-18 11:48:30,False,База,6.18,318.0,00:48:10,132,158,,155,177,7:48,5:42,,,0.83,0.0,7480.0,No,00:03:01.8,7,00:45:51,00:48:15,,,0.8027777777777778,7.698269896193771,1210.3559870550162,7.8,5.7,fox_2,,,,,,,,,,,,,,,
Running,2025-02-16 13:07:02,False,Kyiv Running,2.64,384.0,00:38:14,166,187,,94,195,14:29,5:01,91.0,83.0,0.73,0.0,4958.0,No,00:08:18.8,3,00:24:11,00:38:14,91,162,0.6372222222222222,4.142981691368788,1878.030303030303,14.483333333333333,5.016666666666667,fox_2,,,,,,,,,,,,,,,
Running,2025-02-15 13:22:02,False,Kyiv Running,7.15,729.0,01:12:20,167,201,,123,199,10:07,0:42,358.0,431.0,0.80,0.0,10934.0,No,00:01:13.1,8,00:56:01,01:12:20,64,199,1.2055555555555555,5.9308755760368665,1529.230769230769,10.116666666666667,0.7,fox_2,,,,,,,,,,,,,,,
Running,2025-02-09 10:17:29,False,Kyiv Running,2.3,237.0,00:27:06,151,189,,96,212,11:47,4:30,318.0,354.0,0.88,0.0,3192.0,No,00:03:21.1,3,00:16:05,00:27:06,31,138,0.45166666666666666,5.0922509225092245,1387.8260869565217,11.783333333333333,4.5,fox_2,,,,,,,,,,,,,,,
Running,2025-02-08 15:05:29,False,Kyiv Running,3.22,295.0,00:29:43,167,183,,161,198,9:14,5:11,260.0,214.0,0.68,0.0,4976.0,No,00:01:42.3,4,00:28:03,00:37:41,137,212,0.49527777777777776,6.501402131239485,1545.341614906832,9.233333333333333,5.183333333333334,fox_2,,,,,,,,,,,,,,,
Treadmill Running,2025-02-05 15:46:30,False,Treadmill Running,3.17,200.0,00:21:26,156,180,,171,179,6:46,5:13,,,0.86,0.0,3682.0,No,00:01:10.5,4,00:21:14,00:21:26,,,0.3572222222222222,8.87402799377916,1161.5141955835963,6.766666666666667,5.216666666666667,fox_2,,,,,,,,,,,,,,,
Running,2025-02-01 11:14:26,False,Kyiv Running,1.32,145.0,00:45:19,93,123,,32,179,34:22,4:08,13.0,49.0,0.89,0.0,2236.0,No,00:16:04,2,00:16:16,00:45:19,119,178,0.7552777777777778,1.7477013607944096,1693.9393939393938,34.36666666666667,4.133333333333334,fox_2,,,,,,,,,,,,,,,
Treadmill Running,2025-01-31 10:39:48,False,База,3.91,286.0,00:34:47,144,182,,140,198,8:54,4:42,,,0.80,0.0,5156.0,No,00:06:44.6,4,00:29:56,00:34:47,,,0.5797222222222222,6.744609487302347,1318.6700767263426,8.9,4.7,fox_2,,,,,,,,,,,,,,,
Treadmill Running,2025-01-28 10:46:44,False,База,3.04,191.0,00:21:24,149,165,,170,177,7:02,5:27,,,0.84,0.0,3646.0,No,00:00:28.7,4,00:21:23,00:21:24,,,0.3566666666666667,8.523364485981308,1199.342105263158,7.033333333333333,5.45,fox_2,,,,,,,,,,,,,,,
Treadmill Running,2025-01-22 10:29:06,False,Treadmill Running,4.5,255.0,00:33:23,134,149,,165,239,7:26,4:35,,,0.82,0.0,5504.0,No,00:03:51.5,5,00:33:04,00:33:23,,,0.5563888888888889,8.087868197703445,1223.111111111111,7.433333333333334,4.583333333333333,fox_2,,,,,,,,,,,,,,,
Running,2025-01-18 12:34:14,False,Kyievo-Sviatoshynskyi raion Running,2.29,167.0,00:27:21,128,161,,100,189,11:56,6:40,30.0,14.0,0.86,0.0,3176.0,No,00:02:15.4,3,00:23:02,00:27:21,172,192,0.4558333333333333,5.023765996343693,1386.8995633187774,11.933333333333334,6.666666666666667,fox_2,,,,,,,,,,,,,,,
Running,2025-01-18 11:38:02,False,Kyievo-Sviatoshynskyi raion Running,5.47,376.0,00:50:02,142,193,,119,222,9:09,5:29,80.0,97.0,0.93,0.0,7026.0,No,00:02:58.7,6,00:46:07,00:50:02,152,192,0.8338888888888889,6.55962691538974,1284.4606946983547,9.15,5.483333333333333,fox_2,,,,,,,,,,,,,,,
Treadmill Running,2025-01-15 11:01:01,False,База,2.4,116.0,00:15:23,131,140,,167,177,6:25,5:57,,,0.93,0.0,2646.0,No,00:02:57.5,3,00:14:46,00:15:23,,,0.2563888888888889,9.360780065005416,1102.5,6.416666666666667,5.95,fox_2,,,,,,,,,,,,,,,
Running,2025-01-11 11:24:40,False,Kyiv Running,6.42,558.0,01:03:14,156,195,,111,183,9:51,5:49,25.0,20.0,0.92,0.0,8406.0,No,00:03:26.5,7,00:54:59,01:04:09,112,129,1.0538888888888889,6.0917237743806005,1309.3457943925234,9.85,5.816666666666666,fox_2,,,,,,,,,,,,,,,
Treadmill Running,2025-01-10 10:59:05,False,Treadmill Running,6.6,386.0,00:43:27,152,171,,165,179,6:35,5:02,,,0.92,0.0,7152.0,No,00:05:03.1,7,00:43:25,00:43:27,,,0.7241666666666666,9.113924050632912,1083.6363636363637,6.583333333333333,5.033333333333333,fox_2,,,,,,,,,,,,,,,
Running,2024-12-31 11:31:00,False,Kyievo-Sviatoshynskyi raion Running,6.6,542.0,00:56:38,166,196,,135,243,8:35,3:04,124.0,128.0,0.86,0.0,8388.0,No,00:05:36.7,7,00:52:46,00:56:54,152,195,0.9438888888888889,6.992348440258976,1270.909090909091,8.583333333333334,3.066666666666667,fox_2,,,,,,,,,,,,,,,
Treadmill Running,2024-12-26 10:38:39,False,Treadmill Running,8.95,459.0,00:58:49,143,167,,150,181,6:34,4:20,,,1.01,0.0,8818.0,No,00:05:07.2,9,00:55:04,00:58:49,,,0.9802777777777778,9.13006517427033,985.2513966480448,6.566666666666666,4.333333333333333,fox_2,,,,,,,,,,,,,,,
Running,2024-12-23 12:40:33,False,Running,0.0,21.0,00:09:32.0,78,99,,,,,,,,,0.0,,No,00:09:32.0,1,00:00:00,00:09:32.0,,,0.15888888888888889,0.0,,,,fox_2,,,,,,,,,,,,,,,
Running,2024-12-22 10:52:24,False,Vyshhorodskyi raion Running,9.08,335.0,00:38:42,144,161,,166,211,4:16,4:47,,,1.40,0.0,6526.0,No,00:00:34.1,10,00:37:02,00:38:42,102,"8,046",0.645,14.077519379844961,718.7224669603524,4.266666666666667,4.783333333333333,fox_2,,,,,,,,,,,,,,,
Treadmill Running,2024-12-20 11:02:15,False,Treadmill Running,2.85,145.0,00:16:43,145,159,,169,181,5:52,4:51,,,1.01,0.0,2856.0,No,00:05:18.1,3,00:16:32,00:16:43,,,0.2786111111111111,10.229312063808575,1002.1052631578947,5.866666666666667,4.85,fox_2,,,,,,,,,,,,,,,
Treadmill Running,2024-12-16 11:52:24,False,Treadmill Running,5.58,285.0,00:29:30,163,180,,176,187,5:17,4:32,,,1.07,0.0,5182.0,No,00:03:29.2,6,00:29:28,00:29:30,,,0.49166666666666664,11.349152542372883,928.673835125448,5.283333333333333,4.533333333333333,fox_2,,,,,,,,,,,,,,,
Running,2024-12-08 10:58:32,False,Kyiv Running,6.52,426.0,00:55:00,142,182,,137,241,8:26,5:18,91.0,91.0,0.87,0.0,8248.0,No,00:03:11.4,7,00:50:21,00:55:00,173,206,0.9166666666666666,7.112727272727272,1265.0306748466257,8.433333333333334,5.3,fox_2,,,,,,,,,,,,,,,
Running,2024-12-06 12:59:32,False,Kyiv Running,6.36,287.0,00:42:40,124,144,,141,249,6:43,4:57,131.0,143.0,1.10,0.0,6576.0,No,00:01:08.5,7,00:40:03,00:42:40,158,261,0.7111111111111111,8.94375,1033.9622641509434,6.716666666666667,4.95,fox_2,,,,,,,,,,,,,,,
Running,2024-11-30 11:08:31,False,Kyiv Running,5.76,370.0,00:51:57,137,175,,131,191,9:01,5:39,35.0,34.0,0.84,0.0,7414.0,No,00:05:10.1,6,00:45:23,00:51:57,101,119,0.8658333333333333,6.652550529355149,1287.1527777777778,9.016666666666667,5.65,fox_2,,,,,,,,,,,,,,,
Treadmill Running,2024-11-25 12:03:20,False,База,4.04,247.0,00:28:37,146,157,,171,179,7:05,6:38,,,0.82,0.0,4890.0,No,00:00:19.0,5,00:28:36,00:28:37,,,0.47694444444444445,8.470588235294118,1210.3960396039604,7.083333333333333,6.633333333333333,fox_2,,,,,,,,,,,,,,,
Treadmill Running,2024-11-21 13:48:12,False,Восстановление,2.82,179.0,00:23:38,136,148,,151,180,8:22,6:37,,,0.76,0.0,3484.0,No,00:00:05.0,5,00:20:18,00:23:38,,,0.3938888888888889,7.159379407616361,1235.4609929078015,8.366666666666667,6.616666666666667,fox_2,,,,,,,,,,,,,,,
Treadmill Running,2024-11-19 11:28:41,False,Восстановление,3.33,196.0,00:23:43,141,149,,169,175,7:07,6:44,,,0.83,0.0,3990.0,No,00:01:01.8,5,00:23:41,00:23:43,,,0.3952777777777778,8.424455375966268,1198.1981981981983,7.116666666666666,6.733333333333333,fox_2,,,,,,,,,,,,,,,
Running,2024-11-16 11:32:40,False,Kyievo-Sviatoshynskyi raion Running,3.54,321.0,00:43:20,144,180,,97,243,12:15,7:07,90.0,88.0,0.86,0.0,5184.0,No,00:04:47.7,4,00:32:28,00:50:14,145,189,0.7222222222222222,4.901538461538462,1464.406779661017,12.25,7.116666666666666,fox_2,,,,,,,,,,,,,,,
Treadmill Running,2024-11-11 11:44:41,False,База,4.89,364.0,00:36:35,161,176,,165,177,7:29,6:02,,,0.81,0.0,6058.0,No,00:07:07.5,5,00:35:41,00:36:35,,,0.6097222222222223,8.02004555808656,1238.8548057259713,7.483333333333333,6.033333333333333,fox_2,,,,,,,,,,,,,,,
Treadmill Running,2024-11-06 11:28:49,False,База,5.04,323.0,00:34:08,152,160,,166,178,6:46,6:01,,,0.89,0.0,5776.0,No,00:00:07.8,7,00:33:18,00:34:08,,,0.5688888888888889,8.859375,1146.031746031746,6.766666666666667,6.016666666666667,fox_2,,,,,,,,,,,,,,,
Running,2024-10-31 10:33:39,False,Kyievo-Sviatoshynskyi raion Running,2.84,157.0,00:40:37,98,131,,87,182,14:19,6:30,39.0,35.0,0.81,0.0,4030.0,No,00:07:56.8,3,00:31:01,00:41:53,158,192,0.6769444444444445,4.1953221173574065,1419.0140845070423,14.316666666666666,6.5,fox_2,,,,,,,,,,,,,,,
Running,2024-09-22 12:15:01,False,Kyievo-Sviatoshynskyi raion Running,1.15,116.0,00:12:55,155,175,,99,220,11:12,8:19,47.0,11.0,0.92,0.0,1608.0,No,00:02:03.9,2,00:12:17,00:12:55,153,192,0.2152777777777778,5.341935483870967,1398.2608695652175,11.2,8.316666666666666,fox_2,,,,,,,,,,,,,,,
Running,2024-09-22 11:31:06,False,Kyievo-Sviatoshynskyi raion Running,5.69,446.0,00:43:38,169,199,,141,237,7:40,5:07,69.0,92.0,0.93,0.0,6714.0,No,00:06:30.3,6,00:40:46,00:43:38,152,197,0.7272222222222222,7.824293353705119,1179.964850615114,7.666666666666667,5.116666666666666,fox_2,,,,,,,,,,,,,,,
Running,2024-09-21 12:23:51,False,Kyiv Running,4.38,320.0,00:33:27,162,180,,145,179,7:38,5:15,19.0,18.0,0.91,0.0,5212.0,No,00:02:27.2,5,00:31:19,00:33:27,111,122,0.5575,7.856502242152466,1189.9543378995434,7.633333333333333,5.25,fox_2,,,,,,,,,,,,,,,
Running,2024-09-14 12:18:53,False,Kyiv Running,3.16,223.0,00:21:44,172,196,,156,199,6:53,3:44,58.0,49.0,0.94,0.0,3646.0,No,00:00:40.0,4,00:21:19,00:21:44,153,190,0.3622222222222222,8.723926380368098,1153.7974683544303,6.883333333333333,3.7333333333333334,fox_2,,,,,,,,,,,,,,,
Running,2024-09-13 13:48:13,False,Kyiv Running,5.88,545.0,00:52:50,169,209,,123,212,8:59,4:34,157.0,152.0,0.91,0.0,7558.0,No,00:05:54.7,6,00:44:41,00:52:50,133,187,0.8805555555555555,6.677602523659306,1285.3741496598639,8.983333333333333,4.566666666666666,fox_2,,,,,,,,,,,,,,,
Running,2024-09-13 13:01:03,False,Kyiv Running,0.0,20.0,00:03:44.1,108,118,,,,,,,,,0.0,,No,00:00:00.8,3,00:00:00,00:03:44.1,160,160,0.06225,0.0,,,,fox_2,,,,,,,,,,,,,,,
Running,2024-09-05 11:00:02,False,Primorsko Running,8.85,806.0,01:19:10,168,203,,111,244,8:57,3:18,158.0,131.0,1.02,0.0,10348.0,No,00:04:21.7,9,01:06:35,01:19:10,17,97,1.3194444444444444,6.707368421052632,1169.265536723164,8.95,3.3,fox_2,,,,,,,,,,,,,,,
Running,2024-09-03 11:40:02,False,Primorsko Running,6.64,562.0,00:57:53,165,200,,121,239,8:44,4:02,71.0,46.0,0.95,0.0,7842.0,No,00:05:36.3,7,00:49:55,00:57:53,35,68,0.9647222222222223,6.882810250503886,1181.0240963855422,8.733333333333333,4.033333333333333,fox_2,,,,,,,,,,,,,,,
Running,2024-08-30 10:00:02,False,Primorsko Running,7.37,703.0,01:14:38,159,204,,102,222,10:08,4:38,172.0,217.0,0.99,0.0,9352.0,No,00:02:19.1,8,00:57:33,01:14:38,38,133,1.2438888888888888,5.924966502903082,1268.9280868385347,10.133333333333333,4.633333333333333,fox_2,,,,,,,,,,,,,,,
Running,2024-08-28 17:23:02,False,Primorsko Running,2.2,183.0,00:20:08,157,179,,126,209,9:09,4:41,17.0,30.0,0.87,0.0,2694.0,No,00:01:21.9,3,00:17:06,00:20:08,13,40,0.33555555555555555,6.556291390728477,1224.5454545454545,9.15,4.683333333333334,fox_2,,,,,,,,,,,,,,,
Running,2024-08-24 11:41:00,False,Kyiv Running,6.88,533.0,00:55:21,162,182,,131,225,8:03,4:53,102.0,104.0,0.97,0.0,8276.0,No,00:05:24.5,7,00:50:11,00:55:21,150,209,0.9225,7.457994579945799,1202.906976744186,8.05,4.883333333333333,fox_2,,,,,,,,,,,,,,,
Running,2024-08-24 11:32:39,False,Kyiv - База,0.71,31.0,00:05:22.8,115,128,,156,187,7:32,6:01,9.0,10.0,0.85,0.0,858.0,No,00:05:22.8,1,00:05:17,00:05:22.8,184,195,0.08966666666666667,7.918215613382899,1208.4507042253522,7.533333333333333,6.016666666666667,fox_2,,,,,,,,,,,,,,,
Running,2024-08-21 16:55:00,False,Kyievo-Sviatoshynskyi raion Running,6.14,377.0,00:40:35,152,174,,172,247,6:37,5:32,84.0,83.0,0.88,0.0,6966.0,No,00:01:03.3,7,00:40:24,00:41:03,161,197,0.6763888888888889,9.077618069815195,1134.527687296417,6.616666666666667,5.533333333333333,fox_2,,,,,,,,,,,,,,,
Running,2024-08-17 12:01:01,False,Kyiv Running,7.68,619.0,01:01:27,166,207,,130,247,8:00,4:15,67.0,99.0,0.96,0.0,9082.0,No,00:06:15.8,8,00:53:26,01:01:27,140,203,1.0241666666666667,7.498779495524817,1182.5520833333335,8.0,4.25,fox_2,,,,,,,,,,,,,,,
Running,2024-08-17 11:25:46,False,Kyiv Running,2.15,138.0,00:21:35,129,158,,126,187,10:01,7:10,29.0,18.0,0.79,0.0,2916.0,No,00:02:05.2,3,00:21:17,00:22:37,170,198,0.3597222222222222,5.976833976833976,1356.279069767442,10.016666666666667,7.166666666666667,fox_2,,,,,,,,,,,,,,,
Running,2024-08-14 13:10:45,False,Kyievo-Sviatoshynskyi raion Running,1.6,125.0,00:12:32,165,173,,146,214,7:51,4:53,26.0,44.0,0.88,0.0,1920.0,No,00:04:01.4,2,00:12:15,00:16:15,172,198,0.2088888888888889,7.659574468085107,1200.0,7.85,4.883333333333333,fox_2,,,,,,,,,,,,,,,
Running,2024-08-14 12:19:55,False,Kyievo-Sviatoshynskyi raion Running,5.82,461.0,00:45:07,169,190,,137,236,7:45,4:41,121.0,118.0,0.95,0.0,6938.0,No,00:05:31.9,6,00:42:51,00:45:07,150,197,0.7519444444444444,7.7399335057258964,1192.0962199312714,7.75,4.683333333333334,fox_2,,,,,,,,,,,,,,,
Running,2024-08-10 14:14:39,False,Kyiv Running,0.53,50.0,00:06:38.2,133,146,,105,124,12:34,9:39,2.0,3.0,0.76,0.0,722.0,No,00:06:38.2,1,00:06:17,00:06:38.2,113,117,0.1106111111111111,4.79156202913109,1362.264150943396,12.566666666666666,9.65,fox_2,,,,,,,,,,,,,,,
Running,2024-08-10 13:19:51,False,Kyiv Running,7.09,501.0,00:54:26,157,182,,139,220,7:41,5:12,37.0,34.0,0.94,0.0,8330.0,No,00:00:55.6,8,00:50:13,00:54:26,106,129,0.9072222222222223,7.8150642988364964,1174.8942172073343,7.683333333333334,5.2,fox_2,,,,,,,,,,,,,,,
Running,2024-08-06 11:56:30,False,Kyievo-Sviatoshynskyi raion Running,6.11,520.0,00:53:34,164,179,,119,247,8:46,5:19,119.0,120.0,0.98,0.0,7676.0,No,00:01:19.5,7,00:49:17,00:53:34,152,196,0.8927777777777778,6.84380833851898,1256.3011456628478,8.766666666666667,5.316666666666666,fox_2,,,,,,,,,,,,,,,
Running,2024-08-06 11:49:40,False,Kyievo-Sviatoshynskyi raion Running,0.54,25.0,00:03:35.1,106,116,,176,185,6:41,6:23,3.0,,0.85,0.0,636.0,No,00:03:35.1,1,00:03:35,00:03:35.1,188,193,0.05975,9.037656903765692,1177.7777777777776,6.683333333333334,6.383333333333334,fox_2,,,,,,,,,,,,,,,
Running,2024-08-03 11:51:02,False,Kyiv Running,8.49,643.0,01:05:37,166,188,,137,198,7:44,4:42,33.0,36.0,0.95,0.0,9976.0,No,00:03:04.5,9,01:02:32,01:05:37,110,130,1.093611111111111,7.763271526543053,1175.0294464075382,7.733333333333333,4.7,fox_2,,,,,,,,,,,,,,,
Running,2024-08-03 11:30:14,False,Kyiv Running,2.36,157.0,00:16:51,149,162,,169,191,7:08,5:51,12.0,9.0,0.83,0.0,2900.0,No,00:03:12.2,3,00:16:05,00:16:51,108,122,0.2808333333333333,8.403560830860535,1228.813559322034,7.133333333333334,5.85,fox_2,,,,,,,,,,,,,,,
Running,2024-07-30 14:51:02,False,Kyievo-Sviatoshynskyi raion Running,0.59,40.0,00:03:57.7,165,171,,172,183,6:46,5:29,6.0,8.0,0.86,0.0,688.0,No,00:03:57.7,1,00:03:51,00:03:57.7,189,198,0.06602777777777777,8.935633151030713,1166.1016949152543,6.766666666666667,5.483333333333333,fox_2,,,,,,,,,,,,,,,
Running,2024-07-30 14:19:02,False,Kyievo-Sviatoshynskyi raion Running,3.72,311.0,00:31:18,165,184,,121,195,8:25,5:00,69.0,52.0,0.98,0.0,4524.0,No,00:06:05.6,4,00:27:53,00:31:18,170,198,0.5216666666666666,7.130990415335464,1216.1290322580644,8.416666666666666,5.0,fox_2,,,,,,,,,,,,,,,
Running,2024-07-28 12:57:19,False,Kyievo-Sviatoshynskyi raion - Восстановление,1.39,98.0,00:10:18,163,170,,176,187,7:25,6:05,14.0,9.0,0.76,0.0,1826.0,No,00:02:57.8,2,00:10:11,00:10:18,177,192,0.17166666666666666,8.097087378640776,1313.6690647482014,7.416666666666667,6.083333333333333,fox_2,,,,,,,,,,,,,,,
Running,2024-07-28 12:09:59,False,Kyievo-Sviatoshynskyi raion Running,5.49,452.0,00:46:10,165,182,,134,247,8:24,5:07,107.0,96.0,0.89,0.0,7012.0,No,00:03:31.6,6,00:43:36,00:46:10,150,197,0.7694444444444445,7.135018050541516,1277.231329690346,8.4,5.116666666666666,fox_2,,,,,,,,,,,,,,,
Running,2024-07-28 11:57:18,False,Kyievo-Sviatoshynskyi raion Running,1.26,71.0,00:10:14,131,147,,161,226,8:09,5:57,,23.0,0.76,0.0,1652.0,No,00:00:07.7,3,00:09:56.7,00:10:14,160,190,0.17055555555555554,7.387622149837134,1311.111111111111,8.15,5.95,fox_2,,,,,,,,,,,,,,,
Running,2024-07-27 11:06:06,False,Kyievo-Sviatoshynskyi raion Running,5.42,334.0,00:35:40,153,176,,170,228,6:35,5:25,92.0,85.0,0.89,0.0,6096.0,No,00:02:56.3,6,00:35:21,00:36:09,160,198,0.5944444444444444,9.117757009345794,1124.7232472324724,6.583333333333333,5.416666666666667,fox_2,,,,,,,,,,,,,,,
Running,2024-07-20 11:36:30,False,Bojnice Running,0.57,54.0,00:22:36,78,101,,17,190,39:52,5:36,1.0,2.0,1.48,0.0,770.0,No,00:22:36,1,00:03:00,00:22:36,303,310,0.37666666666666665,1.5132743362831858,1350.8771929824563,39.86666666666667,5.6,fox_2,,,,,,,,,,,,,,,
Running,2024-07-20 10:38:15,False,Bojnice Running,1.64,127.0,00:35:41,90,124,,40,198,21:47,5:12,22.0,13.0,1.15,0.0,2142.0,No,00:14:04,2,00:14:04,00:50:35,302,315,0.5947222222222223,2.7575899112564217,1306.09756097561,21.783333333333335,5.2,fox_2,,,,,,,,,,,,,,,
Running,2024-07-19 10:55:00,False,Nitrianske Pravno Running,7.69,795.0,01:23:33,163,206,,89,247,10:51,4:35,120.0,177.0,1.07,0.0,9622.0,No,00:03:46.3,8,01:05:04,01:23:33,355,426,1.3925,5.522441651705566,1251.2353706111833,10.85,4.583333333333333,fox_2,,,,,,,,,,,,,,,
Running,2024-07-18 17:06:56,False,Kamenec pod Vtacnikom Running,4.15,393.0,00:41:03,161,185,,99,209,9:54,4:39,117.0,139.0,1.05,0.0,5018.0,No,00:00:57.1,5,00:31:42,00:41:03,422,514,0.6841666666666667,6.065773447015834,1209.156626506024,9.9,4.65,fox_2,,,,,,,,,,,,,,,
Running,2024-07-14 09:30:03,False,Lutskyi raion Running,7.37,544.0,00:58:02,160,187,,132,242,7:52,5:09,87.0,92.0,0.96,0.0,8512.0,No,00:02:29.9,8,00:54:16,00:58:02,226,262,0.9672222222222222,7.619758759333717,1154.9525101763907,7.866666666666667,5.15,fox_2,,,,,,,,,,,,,,,
Running,2024-07-13 09:50:01,False,Lutskyi raion Running,9.4,685.0,01:13:19,160,187,,134,244,7:48,5:00,43.0,47.0,0.98,0.0,10328.0,No,00:02:33.6,10,01:01:25,01:13:19,217,246,1.2219444444444445,7.692657422141396,1098.723404255319,7.8,5.0,fox_2,,,,,,,,,,,,,,,
Running,2024-07-11 15:30:01,False,Lutskyi raion Running,2.65,227.0,00:24:08,158,182,,114,247,9:06,3:58,42.0,47.0,0.97,0.0,3274.0,No,00:04:28.3,3,00:20:50,00:24:08,223,255,0.4022222222222222,6.588397790055248,1235.4716981132076,9.1,3.966666666666667,fox_2,,,,,,,,,,,,,,,
Running,2024-07-07 11:35:51,False,Kyiv Running,8.09,580.0,00:59:21,166,182,,144,240,7:20,5:17,123.0,91.0,0.95,0.0,9312.0,No,00:00:57.9,9,00:55:43,00:59:21,160,206,0.9891666666666666,8.17860151642797,1151.0506798516687,7.333333333333333,5.283333333333333,fox_2,,,,,,,,,,,,,,,
Running,2024-07-07 11:19:19,False,Kyiv Running,1.16,68.0,00:10:44,127,148,,132,223,9:17,1:37,,31.0,0.82,0.0,1458.0,No,00:01:38.0,2,00:09:54.0,00:11:53,160,193,0.17888888888888888,6.484472049689441,1256.896551724138,9.283333333333333,1.6166666666666667,fox_2,,,,,,,,,,,,,,,
Running,2024-07-06 13:38:27,False,Kyiv Running,1.43,116.0,00:11:43,166,176,,144,214,8:13,5:52,55.0,29.0,0.84,0.0,1746.0,No,00:02:37.0,2,00:11:05,00:11:43,141,199,0.19527777777777777,7.322901849217638,1220.979020979021,8.216666666666667,5.866666666666667,fox_2,,,,,,,,,,,,,,,
Running,2024-07-06 12:38:02,False,Kyiv Running,7.42,549.0,00:58:30,159,191,,128,247,7:53,5:02,61.0,83.0,1.01,0.0,8716.0,No,00:04:48.4,8,00:53:36,00:58:30,164,200,0.975,7.610256410256411,1174.6630727762804,7.883333333333333,5.033333333333333,fox_2,,,,,,,,,,,,,,,
Running,2024-07-06 11:40:42,False,Kyiv Running,0.48,38.0,00:13:21,82,116,,22,175,27:49,5:55,4.0,4.0,1.60,0.0,494.0,No,00:13:21,1,00:04:03,00:13:21,189,195,0.2225,2.157303370786517,1029.1666666666667,27.816666666666666,5.916666666666667,fox_2,,,,,,,,,,,,,,,
Running,2024-06-30 11:27:59,False,Kyievo-Sviatoshynskyi raion Running,4.73,366.0,00:36:35,166,181,,134,223,7:44,4:51,62.0,59.0,0.98,0.0,5546.0,No,00:06:00.9,5,00:34:26,00:36:35,145,190,0.6097222222222223,7.757630979498861,1172.5158562367865,7.733333333333333,4.85,fox_2,,,,,,,,,,,,,,,
Running,2024-06-30 11:11:58,False,Kyievo-Sviatoshynskyi raion Running,1.51,107.0,00:14:36,134,154,,121,241,9:40,6:12,35.0,47.0,0.85,0.0,2068.0,No,00:00:02.3,3,00:13:24,00:14:36,145,182,0.24333333333333335,6.205479452054794,1369.5364238410596,9.666666666666666,6.2,fox_2,,,,,,,,,,,,,,,
Running,2024-06-29 11:15:01,False,Kyievo-Sviatoshynskyi raion Running,8.43,698.0,01:09:07,168,183,,125,250,8:12,4:33,151.0,155.0,0.99,0.0,9962.0,No,00:04:28.1,9,01:02:07,01:09:07,145,197,1.1519444444444444,7.318061249095732,1181.7319098457888,8.2,4.55,fox_2,,,,,,,,,,,,,,,
Running,2024-06-29 11:08:18,False,Kyievo-Sviatoshynskyi raion Running,0.55,32.0,00:03:48.6,134,150,,171,224,6:57,6:12,,,0.84,0.0,668.0,No,00:03:48.6,1,00:03:48.6,00:03:48.6,184,197,0.0635,8.661417322834646,1214.5454545454545,6.95,6.2,fox_2,,,,,,,,,,,,,,,
Running,2024-06-28 12:01:04,False,Kyievo-Sviatoshynskyi raion Running,1.01,67.0,00:08:25.9,135,158,,133,187,8:23,5:32,4.0,7.0,0.89,0.0,1244.0,No,00:00:03.1,2,00:06:55,00:08:25.9,168,175,0.14052777777777778,7.187191144494959,1231.6831683168316,8.383333333333333,5.533333333333333,fox_2,,,,,,,,,,,,,,,
Running,2024-06-23 09:30:03,False,Kamianets-Podilskyi raion Running,10.28,943.0,01:32:50,168,222,,118,228,9:02,4:54,370.0,362.0,0.95,0.0,12552.0,No,00:01:42.3,11,01:21:34,01:32:50,217,352,1.5472222222222223,6.644165170556552,1221.011673151751,9.033333333333333,4.9,fox_2,,,,,,,,,,,,,,,
Running,2024-06-21 11:49:01,False,Kamianets-Podilskyi raion Running,10.8,,01:42:45,167,188,,100,237,9:31,4:34,357.0,340.0,1.07,0.0,13096.0,No,00:05:40.4,11,01:23:49,01:42:45,210,347,1.7125,6.306569343065695,1212.5925925925926,9.516666666666667,4.566666666666666,fox_2,,,,,,,,,,,,,,,
Running,2024-06-20 15:28:00,False,Kamianets-Podilskyi raion Running,3.49,288.0,00:27:45,167,185,,134,247,7:57,3:58,29.0,51.0,0.94,0.0,3902.0,No,00:03:05.7,4,00:24:23,00:27:45,258,285,0.4625,7.545945945945946,1118.051575931232,7.95,3.966666666666667,fox_2,,,,,,,,,,,,,,,
Running,2024-06-17 14:20:34,False,Kyievo-Sviatoshynskyi raion Running,3.01,217.0,00:28:01,139,178,,131,234,9:19,5:16,40.0,45.0,0.80,0.0,4006.0,No,00:00:02.8,4,00:23:08,00:37:53,154,195,0.46694444444444444,6.446162998215348,1330.8970099667774,9.316666666666666,5.266666666666667,fox_2,,,,,,,,,,,,,,,
Running,2024-06-17 13:31:26,False,Kyievo-Sviatoshynskyi raion Running,2.29,143.0,00:16:45,131,148,,165,179,7:19,5:39,9.0,2.0,0.83,0.0,2814.0,No,00:03:00.8,3,00:16:13,00:18:10,184,197,0.2791666666666667,8.202985074626866,1228.82096069869,7.316666666666666,5.65,fox_2,,,,,,,,,,,,,,,
Running,2024-06-13 13:01:09,False,Kyievo-Sviatoshynskyi raion Running,7.0,572.0,00:59:09,162,175,,122,225,8:27,5:11,86.0,122.0,0.98,0.0,8672.0,No,00:00:12.9,8,00:53:51,00:59:09,149,198,0.9858333333333333,7.100591715976331,1238.857142857143,8.45,5.183333333333334,fox_2,,,,,,,,,,,,,,,
Running,2024-06-13 12:50:30,False,Kyievo-Sviatoshynskyi raion Running,0.84,59.0,00:08:51.4,130,152,,125,231,10:36,7:28,33.0,10.0,0.76,0.0,1162.0,No,00:08:51.4,1,00:06:47,00:08:51.4,169,196,0.1476111111111111,5.690628528415506,1383.3333333333335,10.6,7.466666666666667,fox_2,,,,,,,,,,,,,,,
Running,2024-06-09 12:28:51,False,Kyiv Running,7.31,508.0,00:54:09,160,182,,139,217,7:24,4:22,148.0,147.0,0.98,0.0,8590.0,No,00:01:44.6,8,00:49:41,00:54:09,143,209,0.9025,8.09972299168975,1175.1025991792067,7.4,4.366666666666666,fox_2,,,,,,,,,,,,,,,
Running,2024-06-08 12:23:22,False,Kyiv Running,6.9,482.0,00:50:41,160,184,,138,247,7:21,5:19,105.0,107.0,0.99,0.0,7922.0,No,00:05:41.0,7,00:48:26,00:50:41,142,206,0.8447222222222223,8.168365669187768,1148.1159420289855,7.35,5.316666666666666,fox_2,,,,,,,,,,,,,,,
Running,2024-06-08 11:22:19,False,Kyiv Running,0.93,107.0,00:51:38,75,99,,24,159,55:11,3:12,11.0,8.0,0.75,0.0,1918.0,No,00:51:38,1,00:11:54,00:51:38,191,201,0.8605555555555555,1.080697224015494,2062.365591397849,55.18333333333333,3.2,fox_2,,,,,,,,,,,,,,,
Running,2024-06-05 16:25:58,False,Kyievo-Sviatoshynskyi raion Running,7.98,620.0,01:09:46,156,181,,122,233,8:45,4:44,111.0,109.0,0.94,0.0,9832.0,No,00:06:14.1,8,01:02:13,01:09:46,166,197,1.1627777777777777,6.862876254180603,1232.080200501253,8.75,4.733333333333333,fox_2,,,,,,,,,,,,,,,
Running,2024-05-28 17:08:25,False,Kyievo-Sviatoshynskyi raion Running,2.99,253.0,00:24:41,163,178,,148,247,8:15,4:08,,,0.82,0.0,3952.0,No,00:07:37.8,3,00:22:04,00:24:41,153,157,0.4113888888888889,7.268062120189062,1321.7391304347825,8.25,4.133333333333334,fox_2,,,,,,,,,,,,,,,
Running,2024-05-26 09:42:04,False,Lutskyi raion Running,8.58,581.0,00:59:29,165,181,,157,247,6:56,5:02,74.0,78.0,0.92,0.0,9692.0,No,00:03:23.0,9,00:55:24,00:59:29,210,248,0.9913888888888889,8.654525077052396,1129.6037296037296,6.933333333333334,5.033333333333333,fox_2,,,,,,,,,,,,,,,
Running,2024-05-25 11:54:58,False,Lutskyi raion Running,6.47,508.0,00:54:40,158,184,,130,198,8:27,5:00,129.0,95.0,0.90,0.0,7786.0,No,00:02:45.3,7,00:46:31,00:54:40,213,262,0.9111111111111111,7.101219512195121,1203.400309119011,8.45,5.0,fox_2,,,,,,,,,,,,,,,
Running,2024-05-24 10:07:02,False,Lutskyi raion Running,8.87,645.0,01:08:01,163,184,,138,242,7:40,4:34,68.0,61.0,0.95,0.0,9928.0,No,00:05:06.9,9,01:03:01,01:08:01,219,249,1.1336111111111111,7.82455280568488,1119.2784667418264,7.666666666666667,4.566666666666666,fox_2,,,,,,,,,,,,,,,
Running,2024-05-23 16:13:03,False,Lutskyi raion Running,3.05,231.0,00:24:01,164,190,,133,234,7:52,5:05,21.0,18.0,0.95,0.0,3460.0,No,00:00:17.3,4,00:21:27,00:24:01,233,247,0.4002777777777778,7.619708535739069,1134.4262295081967,7.866666666666667,5.083333333333333,fox_2,,,,,,,,,,,,,,,
Running,2024-05-21 17:47:07,False,Kyievo-Sviatoshynskyi raion Running,1.19,83.0,00:08:48.9,163,180,,164,198,7:24,6:34,12.0,4.0,0.83,0.0,1516.0,No,00:01:56.1,2,00:08:38,00:08:48.9,178,193,0.14691666666666667,8.099829835507657,1273.9495798319329,7.4,6.566666666666666,fox_2,,,,,,,,,,,,,,,
Running,2024-05-21 16:53:29,False,Kyievo-Sviatoshynskyi raion Running,5.2,434.0,00:42:57,168,207,,128,247,8:16,5:22,73.0,82.0,0.95,0.0,6428.0,No,00:01:06.0,6,00:38:55,00:42:57,151,190,0.7158333333333333,7.264260768335274,1236.1538461538462,8.266666666666667,5.366666666666666,fox_2,,,,,,,,,,,,,,,
Running,2024-05-18 13:12:06,False,Kyiv Running,5.75,436.0,00:45:25,160,181,,130,237,7:54,4:55,70.0,63.0,0.97,0.0,6572.0,No,00:04:07.6,6,00:42:48,00:45:25,165,203,0.7569444444444444,7.596330275229358,1142.9565217391305,7.9,4.916666666666667,fox_2,,,,,,,,,,,,,,,
Running,2024-05-18 11:11:51,False,Kyiv Running,1.5,119.0,00:37:37,84,118,,42,193,25:06,6:35,14.0,19.0,0.94,0.0,2110.0,No,00:11:19,2,00:17:54,00:37:37,190,201,0.6269444444444444,2.392556490917147,1406.6666666666667,25.1,6.583333333333333,fox_2,,,,,,,,,,,,,,,
Running,2024-05-14 16:30:02,False,Kyiv Running,3.98,243.0,00:26:53,139,180,,153,211,6:45,4:37,21.0,15.0,0.97,0.0,4400.0,No,00:05:10.7,4,00:25:57,00:26:53,184,202,0.44805555555555554,8.882827030378177,1105.5276381909548,6.75,4.616666666666667,fox_2,,,,,,,,,,,,,,,
Running,2024-05-12 10:39:44,False,Zhytomyrskyi raion - База,0.32,15.0,00:01:54.8,134,153,,169,197,5:55,4:57,,11.0,1.00,0.0,352.0,No,00:01:54.8,1,00:01:49,00:01:54.8,216,231,0.03188888888888889,10.034843205574912,1100.0,5.916666666666667,4.95,fox_2,,,,,,,,,,,,,,,
Running,2024-05-11 14:06:53,False,Zhytomyrskyi raion Running,8.77,620.0,01:03:51,163,186,,144,187,7:17,4:26,43.0,55.0,0.96,0.0,9980.0,No,00:04:09.7,9,00:58:28,01:04:01,209,241,1.0641666666666667,8.241190289741581,1137.9703534777652,7.283333333333333,4.433333333333334,fox_2,,,,,,,,,,,,,,,
Running,2024-05-10 13:40:03,False,Zhytomyrskyi raion Running,5.85,472.0,00:46:02,170,189,,144,220,7:52,4:19,37.0,34.0,0.88,0.0,6974.0,No,00:06:21.2,6,00:43:27,00:46:02,217,243,0.7672222222222222,7.6249094858797966,1192.1367521367522,7.866666666666667,4.316666666666666,fox_2,,,,,,,,,,,,,,,
Running,2024-05-07 16:11:18,False,Kyiv Running,1.79,199.0,01:25:00,78,100,,19,216,47:21,2:16,54.0,41.0,1.13,0.0,2640.0,No,00:39:49,2,00:18:30,01:25:00,185,210,1.4166666666666667,1.2635294117647058,1474.8603351955308,47.35,2.2666666666666666,fox_2,,,,,,,,,,,,,,,
Running,2024-05-05 12:49:58,False,Kyievo-Sviatoshynskyi raion Running,7.73,525.0,00:55:08,170,205,,156,218,7:08,5:14,151.0,147.0,0.90,0.0,9074.0,No,00:05:06.4,8,00:52:45,00:55:08,145,193,0.9188888888888889,8.412333736396615,1173.8680465717982,7.133333333333334,5.233333333333333,fox_2,,,,,,,,,,,,,,,
Running,2024-05-05 12:47:48,False,Kyievo-Sviatoshynskyi raion Running,0.09,4.0,00:00:47.2,106,115,,149,205,9:13,6:40,,9.0,0.73,0.0,128.0,No,00:00:47.2,1,00:00:33,00:00:47.2,158,168,0.013111111111111112,6.864406779661016,1422.2222222222222,9.216666666666667,6.666666666666667,fox_2,,,,,,,,,,,,,,,
Running,2024-05-03 11:45:30,False,Kyievo-Sviatoshynskyi raion Running,0.07,2.0,00:00:23.1,107,114,,181,210,5:28,5:19,,,1.01,0.0,66.0,No,00:00:23.1,1,00:00:22,00:00:23.1,186,190,0.006416666666666667,10.90909090909091,942.8571428571428,5.466666666666667,5.316666666666666,fox_2,,,,,,,,,,,,,,,
Running,2024-04-25 13:03:38,False,Kyiv Running,5.85,301.0,00:33:53,157,175,,175,192,5:48,4:49,47.0,51.0,0.99,0.0,5950.0,No,00:04:32.1,6,00:33:39,00:40:02,185,225,0.5647222222222222,10.359075258239054,1017.0940170940172,5.8,4.816666666666666,fox_2,,,,,,,,,,,,,,,
Running,2024-04-23 16:18:13,False,Kyievo-Sviatoshynskyi raion Running,5.38,393.0,00:42:18,166,183,,134,224,7:52,4:43,126.0,88.0,0.96,0.0,6270.0,No,00:02:35.1,6,00:39:03,00:42:18,146,194,0.705,7.631205673758865,1165.4275092936803,7.866666666666667,4.716666666666667,fox_2,,,,,,,,,,,,,,,
Running,2024-04-23 16:05:27,False,Kyievo-Sviatoshynskyi raion Running,1.58,85.0,00:10:41,132,162,,171,230,6:44,5:32,9.0,41.0,0.87,0.0,1848.0,No,00:03:41.1,2,00:10:23,00:10:41,148,182,0.17805555555555555,8.873634945397816,1169.620253164557,6.733333333333333,5.533333333333333,fox_2,,,,,,,,,,,,,,,
Running,2024-04-23 12:20:48,False,Kyievo-Sviatoshynskyi raion Running,0.03,,00:00:12.7,93,96,,127,211,6:50,5:03,27.0,,1.15,0.0,22.0,No,00:00:12.7,1,00:00:11,00:00:12.7,163,190,0.0035277777777777777,8.503937007874015,733.3333333333334,6.833333333333333,5.05,fox_2,,,,,,,,,,,,,,,
Running,2024-04-20 12:30:39,False,Kyiv Running,9.16,570.0,01:00:44,168,186,,159,189,6:38,4:36,37.0,37.0,0.95,0.0,10160.0,No,00:00:45.7,10,00:59:43,01:00:44,106,126,1.0122222222222221,9.049396267837542,1109.1703056768558,6.633333333333333,4.6,fox_2,,,,,,,,,,,,,,,
Running,2024-04-20 12:05:50,False,Kyiv Running,1.48,89.0,00:11:29,140,163,,158,187,7:47,6:02,4.0,,0.81,0.0,1850.0,No,00:03:17.2,2,00:10:27,00:11:29,108,117,0.1913888888888889,7.732946298984035,1250.0,7.783333333333333,6.033333333333333,fox_2,,,,,,,,,,,,,,,
Running,2024-04-19 16:08:45,False,Kyiv Running,3.83,245.0,00:24:07,172,181,,166,197,6:18,4:54,40.0,40.0,0.95,0.0,4236.0,No,00:04:52.1,4,00:23:05,00:24:07,156,182,0.40194444444444444,9.5286800276434,1106.0052219321149,6.3,4.9,fox_2,,,,,,,,,,,,,,,
Running,2024-04-19 16:01:51,False,Kyiv Running,0.32,17.0,00:02:02.8,123,147,,172,192,6:25,5:37,,,0.91,0.0,364.0,No,00:02:02.8,1,00:02:00,00:02:02.8,153,164,0.03411111111111111,9.381107491856676,1137.5,6.416666666666667,5.616666666666667,fox_2,,,,,,,,,,,,,,,
Running,2024-04-14 13:07:39,False,Kyiv Running,5.08,355.0,00:37:24,170,200,,139,212,7:22,5:27,58.0,51.0,0.98,0.0,5664.0,No,00:00:25.4,6,00:36:07,00:37:24,156,202,0.6233333333333333,8.149732620320856,1114.9606299212599,7.366666666666666,5.45,fox_2,,,,,,,,,,,,,,,
Running,2024-04-14 12:48:45,False,Kyiv Running,1.29,77.0,00:08:15.4,148,160,,180,190,6:23,5:42,,1.0,0.87,0.0,1506.0,No,00:02:00.9,2,00:08:15.4,00:08:15.4,197,204,0.1376111111111111,9.374243035930562,1167.4418604651162,6.383333333333334,5.7,fox_2,,,,,,,,,,,,,,,
Running,2024-04-13 12:14:50,False,Kyiv Running,8.71,603.0,01:11:16,158,191,,123,230,8:11,4:14,89.0,94.0,1.00,0.0,9920.0,No,00:05:02.2,9,01:02:30,01:11:16,161,201,1.1877777777777778,7.333021515434987,1138.9207807118253,8.183333333333334,4.233333333333333,fox_2,,,,,,,,,,,,,,,
Running,2024-04-10 17:17:05,False,Kyievo-Sviatoshynskyi raion Running,1.06,51.0,00:09:01.6,112,125,,157,185,8:29,5:25,3.0,18.0,0.75,0.0,1454.0,No,00:00:39.0,2,00:08:27.0,00:09:01.6,170,189,0.15044444444444446,7.045790251107828,1371.698113207547,8.483333333333333,5.416666666666667,fox_2,,,,,,,,,,,,,,,
Running,2024-04-07 09:28:02,False,Berezhanskyi raion Running,5.91,517.0,01:00:27,159,181,,100,237,10:13,4:36,186.0,182.0,0.99,0.0,7644.0,No,00:05:21.3,6,00:48:51,01:00:27,345,432,1.0075,5.866004962779156,1293.4010152284263,10.216666666666667,4.6,fox_2,,,,,,,,,,,,,,,
Running,2024-04-06 11:14:02,False,Berezhanskyi raion Running,7.19,612.0,01:14:46,154,191,,97,237,10:24,4:19,136.0,159.0,0.99,0.0,8798.0,No,00:00:53.5,8,00:58:47,01:14:46,358,446,1.2461111111111112,5.769950958537673,1223.6439499304588,10.4,4.316666666666666,fox_2,,,,,,,,,,,,,,,
Running,2024-04-05 11:20:03,False,Berezhanskyi raion Running,9.02,748.0,01:28:06,156,191,,103,228,9:46,4:19,187.0,191.0,1.01,0.0,11252.0,No,00:00:04.7,10,01:15:24,01:28:06,321,446,1.4683333333333333,6.1430192962542565,1247.450110864745,9.766666666666667,4.316666666666666,fox_2,,,,,,,,,,,,,,,
Running,2024-04-04 14:57:02,False,Berezhanskyi raion Running,2.25,182.0,00:20:46,159,186,,117,243,9:13,5:09,20.0,42.0,0.93,0.0,2752.0,No,00:02:19.1,3,00:16:43,00:20:46,387,430,0.3461111111111111,6.500802568218299,1223.111111111111,9.216666666666667,5.15,fox_2,,,,,,,,,,,,,,,
Running,2024-04-02 16:03:18,False,Kyievo-Sviatoshynskyi raion Running,4.16,330.0,00:34:43,169,198,,124,224,8:21,5:21,79.0,63.0,0.97,0.0,5118.0,No,00:00:56.9,5,00:30:42,00:34:43,156,193,0.5786111111111111,7.189630340854538,1230.2884615384614,8.35,5.35,fox_2,,,,,,,,,,,,,,,
Running,2024-04-02 15:52:20,False,Kyievo-Sviatoshynskyi raion Running,1.24,59.0,00:08:22.6,134,166,,165,223,6:47,5:41,,28.0,0.89,0.0,1442.0,No,00:01:29.1,2,00:08:12.1,00:09:11.8,150,185,0.13961111111111113,8.881814564265817,1162.9032258064517,6.783333333333333,5.683333333333334,fox_2,,,,,,,,,,,,,,,
Running,2024-03-31 12:55:48,False,Kyiv Running,7.53,512.0,00:57:02,166,181,,140,212,7:34,5:24,40.0,44.0,0.94,0.0,8694.0,No,00:03:25.4,8,00:55:02,00:57:02,106,123,0.9505555555555556,7.921683226183518,1154.581673306773,7.566666666666666,5.4,fox_2,,,,,,,,,,,,,,,
Running,2024-03-30 12:30:35,False,Kyiv Running,7.4,487.0,00:51:58,169,194,,157,250,7:02,4:20,132.0,98.0,0.91,0.0,8486.0,No,00:02:16.7,8,00:50:03,00:51:58,139,199,0.8661111111111112,8.543938422065427,1146.7567567567567,7.033333333333333,4.333333333333333,fox_2,,,,,,,,,,,,,,,
Running,2024-03-30 11:59:36,False,Kyiv Running,1.14,59.0,00:09:13.1,126,138,,168,209,8:04,7:04,,32.0,0.74,0.0,1556.0,No,00:01:13.8,2,00:09:11.8,00:09:13.1,159,193,0.1536388888888889,7.419996384017355,1364.9122807017545,8.066666666666666,7.066666666666666,fox_2,,,,,,,,,,,,,,,
Running,2024-03-28 15:41:12,False,Kyievo-Sviatoshynskyi raion Running,3.85,262.0,00:29:07,161,197,,146,228,7:34,4:31,90.0,67.0,0.91,0.0,4694.0,No,00:05:49.1,4,00:28:03,00:29:07,151,192,0.48527777777777775,7.933600457927877,1219.2207792207791,7.566666666666666,4.516666666666667,fox_2,,,,,,,,,,,,,,,
Treadmill Running,2024-03-25 17:57:44,False,Treadmill Running,8.15,494.0,00:53:04,159,171,,177,187,6:31,5:01,,,0.95,0.0,9332.0,No,00:05:36.5,9,00:52:42,00:53:04,,,0.8844444444444445,9.214824120603016,1145.0306748466257,6.516666666666667,5.016666666666667,fox_2,,,,,,,,,,,,,,,
Running,2026-05-19 07:15:28,False,Vyshhorodskyi raion - Пороговое значен,10.32,663.0,02:02:14,103,156,"2,7",142,172,11:51,6:49,47.0,49.0,"0,59","0,0",17452.0,No,00:02:00,6,02:01:22,02:02:14,119,134,2.0372222222222223,5.065721298063813,1691.0852713178294,11.85,6.816666666666666,not_a_fox_1,"11,5","6,8",359,11:49,166,161,389,,,,,,-23,,
Running,2026-05-16 10:30:56,False,Vyshhorodskyi raion - Длит. проб.,11.26,781.0,02:13:34,112,190,"3,3",136,163,11:52,7:02,57.0,56.0,"0,62","0,0",18286.0,No,01:05:34,2,02:10:30,02:13:34,116,133,2.226111111111111,5.058148240578987,1623.9786856127887,11.866666666666667,7.033333333333333,not_a_fox_1,"10,4","6,4",390,11:49,160,152,309,,,,,,-32,,
Running,2026-05-10 08:18:24,False,Vyshhorodskyi raion - База,10.32,734.0,01:47:45,153,182,"3,1",149,176,10:26,6:08,47.0,51.0,"0,64","0,0",16140.0,No,00:27:00,2,01:46:54,01:47:45,118,134,1.7958333333333334,5.746635730858468,1563.953488372093,10.433333333333334,6.133333333333334,not_a_fox_1,"11,6","7,4",326,10:25,191,187,366,,,,,,-26,,
Running,2026-05-09 06:22:41,False,Vyshhorodskyi raion - База,10.73,722.0,01:55:54,142,158,"3,0",147,172,10:49,6:35,53.0,55.0,"0,63","0,0",17126.0,No,00:40:00,2,01:54:55,01:55:54,118,133,1.9316666666666666,5.554788610871441,1596.085740913327,10.816666666666666,6.583333333333333,not_a_fox_1,"11,6","7,2",333,10:45,186,181,378,,,,,,-25,,
Running,2026-05-07 06:00:01,False,Vyshhorodskyi raion - Пороговое значен,9.67,644.0,01:44:42,103,175,"2,9",143,170,10:50,6:31,55.0,56.0,"0,64","0,0",15192.0,No,00:02:00,6,01:42:26,01:44:42,118,133,1.745,5.541547277936963,1571.044467425026,10.833333333333334,6.516666666666667,not_a_fox_1,"11,3","7,2",339,10:47,185,176,380,,,,,,-18,,
Running,2026-05-05 17:33:24,False,Vyshhorodskyi raion - Восстановление,9.41,602.0,01:46:46,100,114,"2,5",141,170,11:21,6:49,50.0,48.0,"0,62","0,0",15274.0,No,00:18:00,2,01:44:38,01:46:46,117,134,1.7794444444444444,5.28816734311583,1623.1668437832093,11.35,6.816666666666666,not_a_fox_1,"11,5","7,1",347,11:18,177,170,340,,,,,,-13,,
Running,2026-05-04 16:48:19,False,Vyshhorodskyi raion - Восстановление,9.42,604.0,01:44:32,94,117,"2,5",144,163,11:06,8:09,43.0,42.0,"0,62","0,0",15182.0,No,00:18:00,2,01:43:31,01:44:32,119,133,1.7422222222222221,5.406887755102041,1611.6772823779193,11.1,8.15,not_a_fox_1,"11,6","7,2",339,11:05,179,175,312,,,,,,-17,,
Running,2026-05-03 08:46:43,False,Vyshhorodskyi raion - База,9.41,722.0,01:43:26,122,181,"3,5",144,168,10:59,6:27,53.0,53.0,"0,63","0,0",15072.0,No,00:27:00,2,01:41:48,01:43:26,118,135,1.7238888888888888,5.458588462777957,1601.7003188097767,10.983333333333333,6.45,not_a_fox_1,"11,6","7,2",337,10:56,185,179,322,,,,,,-23,,
Running,2026-05-02 09:17:47,False,Vyshhorodskyi raion - База,9.45,643.0,01:43:53,136,161,"2,8",141,174,11:00,6:07,42.0,44.0,"0,64","0,0",14818.0,No,00:51:00,2,01:40:25,01:43:53,119,133,1.7313888888888889,5.4580458848066735,1568.042328042328,11.0,6.116666666666666,not_a_fox_1,"11,2","7,2",344,10:59,181,172,318,,,,,,-21,,
Running,2026-04-28 16:20:10,False,Vyshhorodskyi raion - База,9.46,629.0,01:40:30,108,147,"2,7",145,175,10:37,5:36,50.0,54.0,"0,64","0,0",14754.0,No,00:27:00,2,01:39:19,01:40:30,118,132,1.675,5.647761194029851,1559.6194503171246,10.616666666666667,5.6,not_a_fox_1,"11,5","7,3",334,10:35,188,184,335,,,,,,-17,,
Running,2026-04-27 13:55:32,False,Vyshhorodskyi raion - База,10.05,673.0,01:45:19,112,165,"2,7",148,176,10:29,5:36,80.0,90.0,"0,64","0,0",15618.0,No,00:30:00,2,01:44:42,01:45:19,116,136,1.7552777777777777,5.72558949200823,1554.0298507462685,10.483333333333333,5.6,not_a_fox_1,"11,4","7,3",331,10:27,195,189,375,,,,,,-18,,
Running,2026-04-25 16:17:52,False,Vyshhorodskyi raion - База,10.02,655.0,01:59:27,98,135,"2,2",132,173,11:55,4:16,53.0,59.0,"0,62","0,0",16278.0,No,00:57:00,2,01:52:44,02:00:32,117,133,1.9908333333333332,5.03306822938468,1624.5508982035929,11.916666666666666,4.266666666666667,not_a_fox_1,"11,3","6,9",351,11:51,171,156,344,,,,,,-20,,
Running,2026-04-19 12:24:51,False,Kyiv - База,2.76,209.0,01:20:20,74,121,"0,4",36,158,29:02,9:24,67.0,43.0,"0,72","0,0",3662.0,No,00:30:00,2,00:34:08,01:20:20,92,148,1.3388888888888888,2.0614107883817425,1326.8115942028987,29.033333333333335,9.4,not_a_fox_1,"8,2","5,8",425,30:48,93,39,259,,,,,,-4,,
Running,2026-04-18 15:52:23,False,Kyiv Бег,7.33,651.0,02:09:22,120,142,"1,8",25,158,17:38,1:13,35.0,38.0,"0,75","0,0",4276.0,No,02:09:22,1,00:47:51,02:09:22,157,172,2.156111111111111,3.3996392682298375,583.356070941337,17.633333333333333,1.2166666666666668,not_a_fox_1,"7,9","5,8",439,19:19,76,25,320,,,,,,-11,,
Running,2026-04-18 10:52:53,False,Kyiv - База,8.73,576.0,01:44:13,102,139,"2,3",139,169,11:56,5:19,152.0,153.0,"0,62","0,0",14456.0,No,00:40:00,2,01:42:13,01:44:13,107,149,1.7369444444444444,5.02606748760595,1655.8991981672393,11.933333333333334,5.316666666666666,not_a_fox_1,"10,8","6,5",377,11:27,177,165,316,,,,,,-24,,
Running,2026-04-14 16:18:01,False,Vyshhorodskyi raion - База,9.69,646.0,01:44:48,109,165,"2,6",140,167,10:49,6:44,41.0,45.0,"0,65","0,0",14852.0,No,00:30:00,2,01:43:01,01:44:48,119,134,1.7466666666666666,5.547709923664122,1532.7141382868938,10.816666666666666,6.733333333333333,not_a_fox_1,"10,9","7,1",352,10:46,184,174,363,,,,,,-14,,
Running,2026-04-12 14:47:04,False,Vyshhorodskyi raion - База,9.44,623.0,01:49:46,104,133,"2,4",135,200,11:38,6:27,42.0,51.0,"0,63","0,0",15084.0,No,00:54:00,2,01:47:51,01:49:46,119,136,1.8294444444444444,5.160036440935317,1597.8813559322034,11.633333333333333,6.45,not_a_fox_1,"10,0","6,3",397,11:37,162,150,371,,,,,,-12,,
Running,2026-04-04 13:27:45,False,Vyshhorodskyi raion - База,9.45,624.0,01:43:28,101,134,"2,5",141,176,10:57,5:30,54.0,50.0,"0,64","0,0",14668.0,No,00:30:00,2,01:41:18,01:43:28,117,132,1.7244444444444444,5.480025773195876,1552.1693121693122,10.95,5.5,not_a_fox_1,"11,1","7,1",348,10:55,184,175,360,,,,,,-19,,
Running,2026-04-03 11:39:34,False,Vyshhorodskyi raion - Интенсивная трен,17.91,1.249,03:41:42,100,163,"3,2",127,174,12:23,5:33,131.0,121.0,"0,63","0,0",28554.0,No,00:03:00,8,03:26:59,03:41:42,111,160,3.695,4.847090663058187,1594.3048576214405,12.383333333333333,5.55,not_a_fox_1,"10,2","6,4",388,12:38,158,143,374,,,,,,-21,,
Running,2026-04-01 11:29:32,False,Vyshhorodskyi raion - Интенсивная трен,9.41,626.0,01:42:16,117,168,"2,6",144,175,10:52,6:01,42.0,46.0,"0,64","0,0",14796.0,No,00:03:00,8,01:41:39,01:42:16,116,132,1.7044444444444444,5.520860495436767,1572.3698193411265,10.866666666666667,6.016666666666667,not_a_fox_1,"11,1","7,0",349,10:51,183,174,377,,,,,,-13,,
Running,2026-03-28 11:33:29,False,Vyshhorodskyi raion - База,9.49,672.0,01:43:27,135,176,"2,9",141,171,10:54,6:19,41.0,46.0,"0,64","0,0",14824.0,No,00:51:00,2,01:40:48,01:43:27,118,133,1.7241666666666666,5.504108264862253,1562.0653319283456,10.9,6.316666666666666,not_a_fox_1,"11,1","7,1",345,10:54,189,175,451,,,,,,-15,,
Running,2026-03-21 10:25:20,False,Vyshhorodskyi raion - База,9.46,639.0,01:39:42,110,148,"2,5",146,177,10:33,6:12,42.0,43.0,"0,64","0,0",14718.0,No,00:30:00,2,01:39:02,01:39:42,119,133,1.6616666666666666,5.69307923771314,1555.813953488372,10.55,6.2,not_a_fox_1,"11,4","7,3",331,10:29,189,182,363,,,,,,-8,,
Running,2026-03-20 09:43:52,False,Vyshhorodskyi raion - Интенсивная трен,9.84,680.0,01:46:32,131,156,"2,5",143,187,10:50,6:12,38.0,37.0,"0,64","0,0",15510.0,No,00:10:00,4,01:45:20,01:46:43,119,137,1.7755555555555556,5.541927409261577,1576.219512195122,10.833333333333334,6.2,not_a_fox_1,"11,3","7,2",342,10:50,181,174,337,,,,,,-8,,
Running,2026-03-17 09:22:15,False,Vyshhorodskyi raion - База,9.58,649.0,01:39:39,113,154,"2,6",144,179,10:24,2:40,39.0,49.0,"0,66","0,0",14640.0,No,00:30:00,2,01:37:34,01:39:39,105,122,1.6608333333333334,5.768188660311089,1528.1837160751566,10.4,2.6666666666666665,not_a_fox_1,"11,4","7,3",331,10:23,199,182,638,,,,,,-8,,
Running,2026-03-15 11:04:13,False,Kyiv - База,8.44,593.0,01:44:03,124,151,"2,3",137,246,12:20,5:25,80.0,82.0,"0,59","0,0",14452.0,No,00:34:00,2,01:42:05,01:44:03,94,113,1.7341666666666666,4.866890917827967,1712.3222748815167,12.333333333333334,5.416666666666667,not_a_fox_1,"11,2","6,5",370,12:10,163,154,318,,,,,,-5,,
Running,2026-03-14 11:02:35,False,Kyiv - База,7.37,506.0,01:32:34,117,144,"2,1",133,165,12:34,5:18,59.0,58.0,"0,60","0,0",12508.0,No,00:46:00,2,01:30:02,01:32:34,93,113,1.5427777777777778,4.777097587324451,1697.1506105834465,12.566666666666666,5.3,not_a_fox_1,"10,9","6,3",384,12:31,156,146,399,,,,,,-4,,
Running,2026-03-08 14:56:43,False,Vyshhorodskyi raion - База,9.43,648.0,01:49:47,103,143,"2,3",140,173,11:38,6:40,44.0,42.0,"0,61","0,0",15638.0,No,00:34:00,2,01:47:48,01:49:47,117,134,1.8297222222222222,5.153787763777137,1658.3244962884412,11.633333333333333,6.666666666666667,not_a_fox_1,"11,4","6,8",354,11:37,171,162,314,,,,,,-21,,
Running,2026-03-07 09:26:17,False,Vyshhorodskyi raion - База,9.37,646.0,01:51:30,109,145,"2,4",141,178,11:54,4:40,43.0,44.0,"0,59","0,0",15908.0,No,00:46:00,2,01:50:04,01:51:30,119,135,1.8583333333333334,5.042152466367712,1697.7588046958379,11.9,4.666666666666667,not_a_fox_1,"11,5","6,7",356,11:54,168,159,478,,,,,,-16,,
Running,2026-02-28 09:19:00,False,Vyshhorodskyi raion Бег,9.36,639.0,02:04:47,96,131,"2,1",117,185,13:19,7:12,39.0,41.0,"0,61","0,0",15596.0,No,02:04:47,1,02:00:37,02:07:50,118,134,2.0797222222222222,4.500601041805797,1666.2393162393164,13.316666666666666,7.2,not_a_fox_1,"10,4","6,1",361,13:17,139,121,352,,,,,,-17,,
Running,2026-02-21 10:58:09,False,Vyshhorodskyi raion - База,11.14,735.0,02:10:27,98,162,"2,5",128,172,11:43,1:02,37.0,46.0,"0,64","0,0",17190.0,No,00:46:00,2,01:59:05,02:10:51,118,139,2.174166666666667,5.123802223073975,1543.0879712746857,11.716666666666667,1.0333333333333334,not_a_fox_1,"11,3","6,7",356,11:58,180,148,1.020,,,,,,-20,,
Running,2026-02-14 10:08:54,False,Vyshhorodskyi raion - База,9.45,629.0,02:08:11,96,124,"2,0",128,179,13:34,7:23,37.0,50.0,"0,59","0,0",16808.0,No,00:43:00,2,02:04:03,02:08:11,117,137,2.136388888888889,4.423351969834871,1778.6243386243389,13.566666666666666,7.383333333333334,not_a_fox_1,"11,4","6,1",381,13:34,147,130,310,,,,,,-19,,
Running,2026-01-26 13:25:06,False,Vyshhorodskyi raion - База,14.62,620.0,01:36:42,109,136,"2,5",148,179,6:37,6:10,45.0,43.0,"0,66","0,0",14516.0,No,00:30:00,2,01:33:36,01:36:42,121,135,1.6116666666666666,9.071354705274043,992.8864569083448,6.616666666666667,6.166666666666667,not_a_fox_1,"11,2","7,3",320,10:11,199,188,329,,,,,,-14,,
Running,2026-01-23 12:37:41,False,Vyshhorodskyi raion - База,9.29,638.0,01:41:14,110,133,"2,4",144,179,10:54,5:38,39.0,48.0,"0,64","0,0",14824.0,No,00:34:00,2,01:36:02,01:41:14,117,136,1.6872222222222222,5.506091537701679,1595.6942949407967,10.9,5.633333333333333,not_a_fox_1,"11,4","7,1",323,11:23,187,174,353,,,,,,-20,,
Running,2026-01-10 10:01:19,False,Vyshhorodskyi raion - База,10.18,724.0,02:09:00,106,139,"2,4",127,181,12:40,3:34,46.0,50.0,"0,62","0,0",16854.0,No,00:56:00,2,01:52:57,02:09:00,118,135,2.15,4.734883720930233,1655.5992141453833,12.666666666666666,3.5666666666666664,not_a_fox_1,"11,5","6,8",344,12:58,171,146,502,,,,,,-22,,
Running,2026-01-03 11:44:12,False,Vyshhorodskyi raion - Длит. проб.,9.38,647.0,01:36:15,112,139,"2,6",150,179,10:15,4:58,51.0,47.0,"0,64","0,0",14604.0,No,00:33:15,2,01:35:37,01:36:15,114,131,1.6041666666666667,5.847272727272728,1556.9296375266524,10.25,4.966666666666667,not_a_fox_1,"11,5","7,3",321,10:12,197,188,385,,,,,,-14,,
Running,2026-01-02 09:09:41,False,Vyshhorodskyi raion - База,9.39,633.0,01:42:16,102,134,"2,4",146,180,10:54,4:50,53.0,49.0,"0,62","0,0",15128.0,No,00:34:00,2,01:41:00,01:42:19,117,134,1.7044444444444444,5.509126466753586,1611.0756123535675,10.9,4.833333333333333,not_a_fox_1,"11,6","7,2",331,10:48,187,179,352,,,,,,-16,,
Running,2025-12-27 13:50:42,False,Vyshhorodskyi raion - База,9.19,634.0,01:28:36,132,159,"2,6",153,188,9:39,5:17,44.0,41.0,"0,68","0,0",13616.0,No,00:34:00,2,01:27:05,01:28:36,114,133,1.4766666666666666,6.223476297968397,1481.6104461371056,9.65,5.283333333333333,not_a_fox_1,"11,1","7,5",314,10:10,207,199,354,,,,,,-9,,
Running,2025-12-26 07:46:29,False,Vyshhorodskyi raion - База,9.43,680.0,01:21:28,121,155,"3,2",157,188,8:38,4:51,46.0,49.0,"0,74","0,0",13046.0,No,00:30:00,2,01:19:56,01:21:28,119,133,1.3577777777777778,6.945171849427169,1383.457051961824,8.633333333333333,4.85,not_a_fox_1,"10,5","7,7",293,8:32,233,222,461,,,,,,-19,,
Running,2025-12-20 09:21:42,False,Vyshhorodskyi raion - Длит. проб.,9.36,642.0,01:28:09,108,152,"2,8",150,179,9:25,4:00,42.0,50.0,"0,70","0,0",13450.0,No,00:22:09,2,01:25:06,01:28:17,120,135,1.4691666666666667,6.370958593306862,1436.965811965812,9.416666666666666,4.0,not_a_fox_1,"11,0","7,7",308,9:25,213,202,519,,,,,,-17,,
Running,2025-12-13 08:45:34,False,Vyshhorodskyi raion - Длит. проб.,9.4,672.0,01:14:59,119,146,"3,2",159,186,7:58,5:12,46.0,47.0,"0,79","0,0",12046.0,No,"00:07:59,4",2,01:13:55,01:14:59,119,131,1.2497222222222222,7.521671482551679,1281.4893617021276,7.966666666666667,5.2,not_a_fox_1,"10,2","8,0",289,7:54,244,237,413,,,,,,-19,,
Running,2025-11-30 08:39:24,False,Vyshhorodskyi raion - Длит. проб.,22.05,1.433,04:03:44,95,124,"3,1",143,170,11:03,6:03,153.0,142.0,"0,63","0,0",35048.0,No,01:42:00,2,04:01:13,04:03:44,119,161,4.062222222222222,5.428063457330416,1589.4784580498865,11.05,6.05,not_a_fox_1,"11,3","7,1",348,11:00,181,175,321,,,,,,-52,,
Running,2025-11-28 07:44:46,False,Vyshhorodskyi raion - Интенсивная трен,9.4,674.0,01:12:24,127,156,"3,4",161,184,7:42,5:24,40.0,40.0,"0,80","0,0",11762.0,No,00:10:00,4,01:11:22,01:12:32,119,131,1.2066666666666668,7.790055248618784,1251.276595744681,7.7,5.4,not_a_fox_1,"10,0","8,0",286,7:41,252,245,398,,,,,,-20,,
Running,2025-11-25 07:39:14,False,Vyshhorodskyi raion - Интенсивная трен,10.81,335.0,01:29:11,95,146,"0,8",151,192,8:15,4:21,44.0,46.0,"0,80","0,0",13550.0,No,00:03:00,10,01:24:49,01:29:11,116,128,1.486388888888889,7.272659316015698,1253.469010175763,8.25,4.35,not_a_fox_1,"10,2","8,1",298,12:14,234,222,392,,,,,,-13,,
Running,2025-11-24 07:40:01,False,Vyshhorodskyi raion - Интенсивная трен,9.41,682.0,01:21:33,133,161,"3,2",156,192,8:40,4:40,36.0,41.0,"0,73","0,0",12868.0,No,00:10:00,4,01:20:04,01:21:33,119,134,1.3591666666666666,6.923359901900675,1367.481402763018,8.666666666666666,4.666666666666667,not_a_fox_1,"10,6","7,7",299,8:38,234,223,452,,,,,,-18,,
Running,2025-11-22 07:07:38,False,Vyshhorodskyi raion Бег,21.76,1.408,04:07:00,101,130,"3,1",143,170,11:21,7:04,146.0,136.0,"0,62","0,0",35378.0,No,04:07:00,1,04:04:53,04:07:00,121,161,4.116666666666666,5.285829959514171,1625.827205882353,11.35,7.066666666666666,not_a_fox_1,"11,3","6,9",355,11:17,175,171,342,,,,,,-32,,
Running,2025-11-21 07:52:37,False,Vyshhorodskyi raion - База,9.39,662.0,01:22:29,126,146,"3,0",156,184,8:47,5:12,41.0,41.0,"0,72","0,0",12982.0,No,00:30:00,2,01:21:14,01:22:29,122,136,1.3747222222222222,6.830470802182259,1382.5346112886048,8.783333333333333,5.2,not_a_fox_1,"10,8","7,7",300,8:45,227,220,397,,,,,,-18,,
Running,2025-11-20 07:28:57,False,Vyshhorodskyi raion - Интенсивная трен,9.44,664.0,01:22:24,125,141,"3,0",158,192,8:44,4:29,36.0,45.0,"0,72","0,0",13070.0,No,00:10:00,4,01:21:28,01:22:24,119,138,1.3733333333333333,6.87378640776699,1384.533898305085,8.733333333333333,4.483333333333333,not_a_fox_1,"10,8","7,7",299,8:46,229,220,450,,,,,,-19,,
Running,2025-11-18 08:05:14,False,Vyshhorodskyi raion - Интенсивная трен,9.35,648.0,01:22:26,106,145,"2,9",156,196,8:49,4:35,47.0,66.0,"0,72","0,0",12996.0,No,00:10:00,4,01:20:05,01:22:27,95,119,1.373888888888889,6.805499393449251,1389.9465240641712,8.816666666666666,4.583333333333333,not_a_fox_1,"10,7","7,7",297,8:44,234,221,465,,,,,,-18,,
Running,2025-11-16 11:31:35,False,Kyiv - База,20.27,1.383,03:55:20,109,144,"3,1",133,194,11:37,6:11,375.0,364.0,"0,65","0,0",31674.0,No,00:30:00,2,03:38:53,03:55:20,88,183,3.922222222222222,5.167988668555241,1562.6048347311298,11.616666666666667,6.183333333333334,not_a_fox_1,"11,2","7,1",348,11:01,194,174,369,,,,,,-25,,
Running,2025-11-15 10:18:15,False,Vyshhorodskyi raion - Длит. проб.,9.32,649.0,01:21:32,130,146,"3,0",156,182,8:45,4:05,42.0,54.0,"0,73","0,0",12784.0,No,00:15:32,2,01:20:21,01:21:32,116,134,1.3588888888888888,6.858544562551105,1371.6738197424893,8.75,4.083333333333333,not_a_fox_1,"10,7","7,8",302,8:52,222,217,437,,,,,,-17,,
Running,2025-11-10 08:09:19,False,Vyshhorodskyi raion - База,9.36,639.0,01:26:03,108,140,"2,8",154,188,9:11,4:01,44.0,50.0,"0,70","0,0",13384.0,No,00:30:00,2,01:24:39,01:26:12,112,128,1.4341666666666666,6.52643811737362,1429.91452991453,9.183333333333334,4.016666666666667,not_a_fox_1,"11,0","7,6",307,9:17,216,207,439,,,,,,-18,,
Running,2025-11-09 13:57:02,False,Vyshhorodskyi raion - Длит. проб.,9.33,625.0,01:35:27,108,138,"2,6",148,181,10:13,4:38,44.0,47.0,"0,65","0,0",14246.0,No,"00:07:27,3",2,01:34:05,01:35:27,111,124,1.5908333333333333,5.864850707176532,1526.9024651661307,10.216666666666667,4.633333333333333,not_a_fox_1,"11,4","7,4",326,10:17,195,188,395,,,,,,-17,,
Running,2025-11-08 13:44:39,False,Kyiv - Длит. проб.,5.54,393.0,01:03:26,112,159,"2,2",122,175,11:27,4:19,38.0,40.0,"0,70","0,0",8290.0,No,01:03:26,1,00:59:05,01:03:26,122,141,1.0572222222222223,5.240147136100893,1496.389891696751,11.45,4.316666666666666,not_a_fox_1,"10,3","7,0",340,12:14,183,151,429,,,,,,-9,,
Running,2025-11-04 06:47:53,False,Vyshhorodskyi raion - Интенсивная трен,9.47,658.0,01:24:30,103,156,"3,1",156,183,8:55,4:20,40.0,51.0,"0,72","0,0",13264.0,No,00:10:00,4,01:23:09,01:24:30,122,141,1.4083333333333334,6.724260355029585,1400.6335797254487,8.916666666666666,4.333333333333333,not_a_fox_1,"10,8","7,7",301,8:51,224,216,443,,,,,,-19,,
Running,2025-11-02 10:14:40,False,Vyshhorodskyi raion - База,9.38,617.0,01:35:42,95,122,"2,5",147,188,10:12,3:49,46.0,51.0,"0,66","0,0",14242.0,No,00:30:00,2,01:33:59,01:35:42,118,133,1.595,5.880877742946709,1518.3368869936032,10.2,3.8166666666666664,not_a_fox_1,"11,4","7,5",325,10:11,198,191,515,,,,,,-16,,
Running,2025-11-01 08:07:03,False,Vyshhorodskyi raion - База,22.54,1.455,04:20:50,95,127,"3,2",139,161,11:34,6:11,141.0,138.0,"0,62","0,0",36328.0,No,00:49:00,2,04:17:34,04:20:50,120,160,4.347222222222222,5.184920127795527,1611.7125110913933,11.566666666666666,6.183333333333334,not_a_fox_1,"10,7","6,6",377,11:33,166,160,326,,,,,,-25,,
Running,2025-10-30 15:30:11,False,Vyshhorodskyi raion Бег,9.38,618.0,01:40:47,100,127,"2,4",144,177,10:45,5:16,50.0,52.0,"0,64","0,0",14704.0,No,01:40:47,1,01:37:57,01:41:04,118,132,1.6797222222222221,5.584256656193155,1567.5906183368868,10.75,5.266666666666667,not_a_fox_1,"11,5","7,3",329,10:45,192,181,407,,,,,,-10,,
Running,2025-10-29 07:22:18,False,Vyshhorodskyi raion - База,9.41,643.0,01:22:20,111,135,"3,1",158,187,8:45,4:41,41.0,50.0,"0,72","0,0",13112.0,No,00:30:00,2,01:21:38,01:22:20,125,140,1.3722222222222222,6.85748987854251,1393.4112646121148,8.75,4.683333333333334,not_a_fox_1,"10,8","7,6",298,8:42,229,222,419,,,,,,-17,,
Running,2025-10-28 07:00:55,False,Vyshhorodskyi raion - Интенсивная трен,9.38,643.0,01:26:11,102,139,"2,9",155,179,9:11,3:30,40.0,47.0,"0,70","0,0",13494.0,No,00:03:00,10,01:23:56,01:26:11,120,135,1.436388888888889,6.53026493908335,1438.592750533049,9.183333333333334,3.5,not_a_fox_1,"10,9","7,6",301,9:07,220,212,557,,,,,,-20,,
Running,2025-10-26 08:52:04,False,Vyshhorodskyi raion - Длит. проб.,9.41,639.0,01:34:25,109,145,"2,8",148,200,10:02,5:28,46.0,53.0,"0,67","0,0",14102.0,No,00:32:25,2,01:32:08,01:34:25,105,121,1.573611111111111,5.979876434245367,1498.6184909670562,10.033333333333333,5.466666666666667,not_a_fox_1,"11,3","7,5",318,10:02,200,192,364,,,,,,-25,,
Running,2025-10-25 09:40:10,False,Vyshhorodskyi raion - Длит. проб.,9.33,610.0,01:42:22,99,131,"2,4",144,181,10:58,6:05,38.0,52.0,"0,63","0,0",14860.0,No,00:33:22,2,01:40:29,01:42:22,101,124,1.7061111111111111,5.468577010745685,1592.7116827438372,10.966666666666667,6.083333333333333,not_a_fox_1,"11,4","7,1",341,11:05,180,174,312,,,,,,-12,,
Running,2025-10-12 16:01:03,False,Vyshhorodskyi raion - Длит. проб.,9.86,637.0,01:53:36,110,140,"2,3",141,165,11:31,7:42,49.0,39.0,"0,61","0,0",16086.0,No,00:27:36,2,01:52:54,01:53:36,116,135,1.8933333333333333,5.207746478873239,1631.4401622718053,11.516666666666667,7.7,not_a_fox_1,"10,9","6,7",371,11:34,168,164,253,,,,,,-10,,
Running,2025-10-11 10:32:19,False,Vyshhorodskyi raion - Длит. проб.,9.22,627.0,01:28:51,110,136,"2,7",151,188,9:38,4:35,44.0,52.0,"0,69","0,0",13590.0,No,"00:02:51,3",2,01:25:43,01:28:51,115,130,1.4808333333333332,6.226223972988183,1473.9696312364424,9.633333333333333,4.583333333333333,not_a_fox_1,"11,1","7,6",308,9:41,209,201,416,,,,,,-18,,
Running,2025-10-02 06:53:06,False,Пороговое значен,8.9,387.0,01:17:16,119,136,"1,5",159,179,8:41,4:35,41.0,45.0,"0,73","0,0",12308.0,No,00:05:00,6,01:16:04,01:17:16,137,151,1.2877777777777777,6.911130284728214,1382.9213483146066,8.683333333333334,4.583333333333333,not_a_fox_1,"10,7","7,7",298,,218,213,413,,,,,,-15,,
Running,2025-09-28 16:00:59,False,Vyshhorodskyi raion - База,9.48,665.0,01:34:50,107,135,"2,8",144,179,10:00,2:16,46.0,49.0,"0,69","0,0",13874.0,No,00:30:00,2,01:29:31,01:34:50,116,130,1.5805555555555555,5.9978910369068545,1463.5021097046413,10.0,2.2666666666666666,not_a_fox_1,"11,1","7,6",311,9:50,209,194,383,,,,,,-15,,
Running,2025-09-27 10:11:46,False,Vyshhorodskyi raion - База,22.15,1.387,04:24:40,99,136,"3,1",140,167,11:57,7:34,150.0,139.0,"0,60","0,0",37248.0,No,00:30:00,2,04:23:45,04:24:40,119,159,4.411111111111111,5.021410579345088,1681.625282167043,11.95,7.566666666666666,not_a_fox_1,"10,8","6,4",382,12:13,160,155,265,,,,,,-41,,
Running,2025-09-26 15:19:29,False,Vyshhorodskyi raion - База,9.53,661.0,01:19:26,122,148,"3,6",157,177,8:20,4:04,43.0,41.0,"0,76","0,0",12518.0,No,00:27:00,2,01:18:54,01:19:26,115,127,1.323888888888889,7.198489299202685,1313.5362014690452,8.333333333333334,4.066666666666666,not_a_fox_1,"10,5","7,9",299,8:13,238,230,453,,,,,,-24,,
Running,2025-09-24 17:31:22,False,Vyshhorodskyi raion - База,9.33,593.0,01:42:12,109,133,"2,6",144,167,10:57,7:34,43.0,48.0,"0,63","0,0",14732.0,No,00:27:00,2,01:41:59,01:42:12,114,129,1.7033333333333334,5.477495107632094,1578.9924973204716,10.95,7.566666666666666,not_a_fox_1,"11,1","7,0",356,11:11,178,173,316,,,,,,-14,,
Running,2025-09-23 17:59:47,False,Vyshhorodskyi raion - Интенсивная трен,9.36,627.0,01:33:04,108,133,"3,1",146,176,9:56,5:38,39.0,43.0,"0,68","0,0",13696.0,No,00:10:00,4,01:32:28,01:33:13,113,125,1.551111111111111,6.034383954154728,1463.2478632478633,9.933333333333334,5.633333333333333,not_a_fox_1,"11,0","7,4",330,9:49,205,193,385,,,,,,-22,,
Running,2025-09-21 13:17:42,False,Vyshhorodskyi raion - База,27.49,1.791,05:48:43,113,144,"3,5",123,165,12:41,5:32,174.0,168.0,"0,65","0,0",43142.0,No,00:45:00,2,05:30:56,05:48:43,122,162,5.811944444444444,4.729914448214883,1569.3706802473628,12.683333333333334,5.533333333333333,not_a_fox_1,"9,5","6,0",400,13:26,150,132,361,,,,,,-36,,
Running,2025-09-17 07:10:48,False,Vyshhorodskyi raion - Пороговое значен,9.23,626.0,01:37:38,96,116,"3,0",149,190,10:35,4:45,47.0,50.0,"0,65","0,0",14586.0,No,00:10:00,4,01:35:35,01:37:38,110,122,1.6272222222222221,5.672243086377604,1580.281690140845,10.583333333333334,4.75,not_a_fox_1,"11,4","7,3",318,10:17,200,188,415,,,,,,-17,,
Running,2025-09-15 15:58:41,False,Vyshhorodskyi raion - База,9.38,646.0,01:33:29,117,134,"3,1",150,191,9:58,1:26,47.0,50.0,"0,68","0,0",14134.0,No,00:27:00,2,01:32:35,01:33:29,110,121,1.5580555555555555,6.02032447851667,1506.82302771855,9.966666666666667,1.4333333333333333,not_a_fox_1,"11,2","7,5",321,9:46,204,196,372,,,,,,-12,,
Running,2025-09-14 08:24:44,False,Vyshhorodskyi raion - База,9.38,636.0,01:27:49,109,135,"3,2",152,179,9:22,6:02,38.0,46.0,"0,70","0,0",13490.0,No,00:40:00,2,01:26:31,01:27:49,117,135,1.4636111111111112,6.40880622509015,1438.1663113006396,9.366666666666667,6.033333333333333,not_a_fox_1,"11,1","7,7",311,9:21,212,205,330,,,,,,-15,,
Running,2025-09-12 16:43:53,False,Vyshhorodskyi raion - База,9.19,581.0,01:40:05,104,123,"2,5",146,169,10:54,5:54,39.0,49.0,"0,63","0,0",14608.0,No,00:27:00,2,01:39:05,01:40:05,118,134,1.6680555555555556,5.509408825978351,1589.5538628944505,10.9,5.9,not_a_fox_1,"11,5","7,2",339,10:54,180,177,327,,,,,,-7,,
Running,2025-09-06 11:42:38,False,Kyiv - Длит. проб.,10.03,813.0,02:45:20,120,148,"2,3",83,243,16:29,4:17,161.0,165.0,"0,70","0,0",15812.0,No,01:08:00,2,02:10:46,02:45:20,94,118,2.7555555555555555,3.6399193548387094,1576.4705882352941,16.483333333333334,4.283333333333333,not_a_fox_1,"9,7","6,0",351,17:22,127,86,454,,,,,,-17,,
Running,2025-09-03 08:09:34,False,Vyshhorodskyi raion - База,9.41,471.0,02:06:08,89,133,"2,0",112,172,13:24,6:41,45.0,49.0,"0,64","0,0",14582.0,No,00:27:00,2,01:34:49,02:06:08,114,129,2.102222222222222,4.476215644820296,1549.6280552603614,13.4,6.683333333333334,not_a_fox_1,"11,5","7,3",329,18:45,172,137,281,,,,,,-17,,
Running,2025-08-30 08:26:34,False,Vyshhorodskyi raion - База,8.96,458.0,01:38:12,96,137,"2,0",145,176,10:58,5:52,41.0,44.0,"0,63","0,0",14396.0,No,00:42:12,2,01:35:56,01:38:21,119,129,1.6366666666666667,5.474541751527496,1606.6964285714284,10.966666666666667,5.866666666666667,not_a_fox_1,"11,5","7,2",335,11:11,180,175,328,,,,,,-15,,
Running,2025-08-24 07:02:15,False,Vyshhorodskyi raion - База,9.09,564.0,01:39:11,96,119,"2,4",148,174,10:55,7:16,44.0,48.0,"0,63","0,0",14788.0,No,00:25:00,2,01:37:05,01:39:11,123,134,1.6530555555555555,5.498907746597211,1626.8426842684269,10.916666666666666,7.266666666666667,not_a_fox_1,"11,6","7,2",327,10:50,187,181,330,,,,,,-19,,
Running,2025-08-23 07:35:51,False,База,9.43,419.0,01:41:25,118,195,"3,3",148,176,10:45,6:05,40.0,42.0,"0,63","0,0",15080.0,No,00:40:00,2,01:38:24,01:41:25,141,155,1.6902777777777778,5.5789646672144615,1599.15164369035,10.75,6.083333333333333,not_a_fox_1,"11,6","7,3",326,,184,180,317,,,,,,-18,,
Running,2025-08-20 06:50:28,False,Vyshhorodskyi raion - Интенсивная трен,9.08,486.0,01:39:32,110,143,"2,0",150,179,10:57,6:26,35.0,35.0,"0,61","0,0",15044.0,No,00:10:00,4,01:37:10,01:39:32,113,126,1.6588888888888889,5.473543201607502,1656.828193832599,10.95,6.433333333333334,not_a_fox_1,"11,8","7,2",321,10:35,184,180,306,,,,,,-15,,
Running,2025-08-17 05:38:16,False,Vyshhorodskyi raion - База,12.43,809.0,02:31:19,99,117,"2,8",137,163,12:10,5:52,68.0,56.0,"0,61","0,0",20934.0,No,00:25:00,2,02:29:53,02:31:19,116,154,2.5219444444444443,4.928736645004957,1684.1512469831055,12.166666666666666,5.866666666666667,not_a_fox_1,"10,5","6,3",388,11:57,157,150,322,,,,,,-20,,
Running,2025-08-16 06:51:06,False,Vyshhorodskyi raion - База,9.88,674.0,01:38:43,106,133,"3,0",149,179,10:00,4:04,39.0,33.0,"0,66","0,0",14906.0,No,00:25:00,2,01:36:08,01:38:43,111,124,1.6452777777777778,6.0050650008441675,1508.7044534412955,10.0,4.066666666666666,not_a_fox_1,"11,3","7,5",313,9:56,201,192,347,,,,,,-22,,
Running,2025-08-15 06:13:38,False,Vyshhorodskyi raion - Интенсивная трен,9.75,645.0,01:36:49,105,129,"2,9",152,177,9:56,4:56,33.0,42.0,"0,66","0,0",14802.0,No,00:03:00,8,01:35:41,01:36:49,117,135,1.613611111111111,6.042348080564641,1518.1538461538462,9.933333333333334,4.933333333333334,not_a_fox_1,"11,3","7,5",315,9:55,199,195,407,,,,,,-19,,
Running,2025-08-10 06:21:14,False,Vyshhorodskyi raion - База,9.77,693.0,01:35:50,110,126,"3,2",149,174,9:49,3:10,27.0,35.0,"0,70","0,0",14442.0,No,00:40:00,2,01:34:43,01:35:50,107,120,1.5972222222222223,6.116869565217391,1478.1985670419654,9.816666666666666,3.1666666666666665,not_a_fox_1,"11,1","7,7",312,9:24,208,200,416,,,,,,-22,,
Running,2025-08-08 05:37:48,False,Vyshhorodskyi raion - Интенсивная трен,9.86,689.0,01:30:14,113,136,"3,3",153,181,9:09,2:03,32.0,36.0,"0,71","0,0",14040.0,No,00:10:00,4,01:28:15,01:30:14,113,126,1.5038888888888888,6.556335426671592,1423.9350912778905,9.15,2.05,not_a_fox_1,"10,9","7,7",304,9:03,217,209,406,,,,,,-21,,
Running,2025-08-05 20:03:25,False,Бег,0.0,,"00:00:36,9",72,72,"0,0",,,,8:14,,,,"0,0",,No,"00:00:36,9",1,00:00:00,"00:01:51,8",109,109,0.1025,0.0,,,8.233333333333333,not_a_fox_1,,,,,,,,,,,,,,,
Running,2025-08-05 07:23:25,False,Vyshhorodskyi raion - Интенсивная трен,9.85,662.0,01:41:43,108,138,"3,0",148,172,10:19,5:41,33.0,41.0,"0,66","0,0",15090.0,No,00:03:00,8,01:40:28,01:41:43,109,124,1.6952777777777779,5.8102572505325245,1531.9796954314722,10.316666666666666,5.683333333333334,not_a_fox_1,"11,3","7,4",332,10:18,190,185,344,,,,,,-23,,
Running,2025-08-02 07:18:41,False,Vyshhorodskyi raion - База,9.85,672.0,01:40:24,107,149,"3,2",145,174,10:12,5:42,36.0,39.0,"0,67","0,0",14662.0,No,00:47:24,2,01:38:27,01:40:24,117,135,1.6733333333333333,5.886454183266932,1488.527918781726,10.2,5.7,not_a_fox_1,"11,1","7,5",333,10:06,195,187,386,,,,,,-22,,
Running,2025-07-26 07:04:31,False,Vyshhorodskyi raion - База,9.9,655.0,01:39:21,117,144,"3,0",147,177,10:02,6:30,33.0,34.0,"0,67","0,0",14730.0,No,00:46:21,2,01:37:47,01:39:21,117,130,1.6558333333333333,5.978862606945144,1487.8787878787878,10.033333333333333,6.5,not_a_fox_1,"11,2","7,5",328,10:10,197,191,301,,,,,,-21,,
Running,2025-07-15 18:33:38,False,Vyshhorodskyi raion - База,9.88,635.0,01:55:31,108,141,"2,5",138,170,11:42,6:01,33.0,32.0,"0,62","0,0",16046.0,No,00:27:00,2,01:54:03,01:55:31,131,143,1.9252777777777779,5.13172702351753,1624.0890688259108,11.7,6.016666666666667,not_a_fox_1,"10,6","6,5",382,11:35,161,156,314,,,,,,-10,,
Running,2025-07-09 17:00:11,False,Vyshhorodskyi raion - База,10.11,634.0,01:56:36,104,131,"2,5",140,163,11:33,6:52,36.0,31.0,"0,62","0,0",16442.0,No,00:27:00,2,01:55:49,01:56:36,110,125,1.9433333333333334,5.202401372212693,1626.3105835806134,11.55,6.866666666666667,not_a_fox_1,"10,8","6,6",372,11:41,167,162,311,,,,,,-13,,
Running,2025-07-08 05:16:05,False,Vyshhorodskyi raion - База,11.69,681.0,01:53:45,107,132,"2,9",138,171,9:44,3:39,40.0,31.0,"0,69","0,0",15992.0,No,00:27:00,2,01:48:05,01:53:45,109,124,1.8958333333333333,6.166153846153846,1368.0068434559453,9.733333333333333,3.65,not_a_fox_1,"11,1","7,5",339,10:29,213,183,610,,,,,,-19,,
Running,2025-07-05 08:22:26,False,Vyshhorodskyi raion - База,10.01,643.0,01:54:24,100,133,"2,6",135,172,11:26,5:17,37.0,36.0,"0,64","0,0",15752.0,No,00:54:00,2,01:46:36,01:54:24,115,128,1.9066666666666667,5.25,1573.6263736263736,11.433333333333334,5.283333333333333,not_a_fox_1,"11,1","7,1",351,11:50,177,164,378,,,,,,-19,,
Running,2025-06-28 18:10:42,False,Vyshhorodskyi raion - База,10.82,491.0,01:53:03,116,190,"2,3",135,186,10:27,3:44,51.0,59.0,"0,70","0,0",15498.0,No,00:40:00,2,01:42:57,01:53:03,114,135,1.8841666666666668,5.742591773551526,1432.347504621072,10.45,3.7333333333333334,not_a_fox_1,"11,0","7,6",330,18:15,197,178,521,,,,,,-12,,
Running,2025-06-24 07:14:11,False,Vyshhorodskyi raion - Интенсивная трен,9.81,698.0,01:29:59,126,203,"3,7",152,192,9:10,3:46,38.0,41.0,"0,72","0,0",13732.0,No,00:03:00,8,01:27:20,01:29:59,117,130,1.4997222222222222,6.541211335432488,1399.796126401631,9.166666666666666,3.7666666666666666,not_a_fox_1,"10,8","7,8",307,9:05,218,209,483,,,,,,-25,,
Running,2025-06-21 08:12:39,False,Vyshhorodskyi raion - Длит. проб.,10.33,432.0,01:43:44,114,147,"2,0",141,177,10:02,4:35,52.0,62.0,"0,70","0,0",14924.0,No,00:30:44,2,01:36:15,01:43:44,109,132,1.728888888888889,5.974935732647815,1444.7241045498547,10.033333333333333,4.583333333333333,not_a_fox_1,"10,9","7,7",321,25:13,202,189,385,,,,,,-17,,
Running,2025-06-18 07:17:19,False,Vyshhorodskyi raion - База,10.6,478.0,01:56:53,108,141,"1,4",127,178,11:01,5:44,34.0,31.0,"0,69","0,0",15146.0,No,00:27:00,2,01:39:22,01:56:53,121,133,1.9480555555555557,5.441323256808783,1428.867924528302,11.016666666666667,5.733333333333333,not_a_fox_1,"11,0","7,6",324,20:14,195,169,327,,,,,,-19,,
Running,2025-06-14 07:27:05,False,Vyshhorodskyi raion - База,10.86,663.0,01:50:08,108,134,"2,8",146,174,10:08,5:29,35.0,39.0,"0,69","0,0",16102.0,No,00:40:00,2,01:48:29,01:50:08,122,136,1.8355555555555556,5.916464891041162,1482.6887661141805,10.133333333333333,5.483333333333333,not_a_fox_1,"11,1","7,5",327,10:27,199,191,362,,,,,,-21,,
Running,2025-06-11 11:09:50,False,Vyshhorodskyi raion - Интенсивная трен,11.84,500.0,01:40:29,124,169,"3,0",147,180,8:29,3:52,40.0,31.0,"0,79","0,0",14864.0,No,00:10:00,4,01:39:30,01:40:29,115,132,1.6747222222222222,7.069829159064521,1255.4054054054054,8.483333333333333,3.8666666666666667,not_a_fox_1,"10,1","7,9",333,11:11,238,217,465,,,,,,-17,,
Running,2025-06-08 08:05:47,False,Vyshhorodskyi raion - База,9.91,646.0,01:55:47,105,127,"2,8",138,169,11:41,6:38,38.0,36.0,"0,62","0,0",16066.0,No,00:25:00,2,01:54:52,01:55:47,132,145,1.9297222222222221,5.135454152871744,1621.1907164480322,11.683333333333334,6.633333333333333,not_a_fox_1,"10,3","6,4",390,11:39,163,152,357,,,,,,-19,,
Running,2025-06-07 07:19:19,False,Vyshhorodskyi raion - База,10.37,533.0,01:48:48,112,130,"2,0",141,178,10:29,6:13,34.0,39.0,"0,68","0,0",15536.0,No,00:52:00,2,01:45:34,01:48:48,118,134,1.8133333333333332,5.71875,1498.1677917068469,10.483333333333333,6.216666666666667,not_a_fox_1,"10,6","7,1",355,11:59,184,176,307,,,,,,-18,,
Running,2025-05-31 11:54:44,False,Vyshhorodskyi raion - База,10.2,569.0,01:53:00,119,137,"2,2",137,177,11:05,7:09,39.0,35.0,"0,66","0,0",15710.0,No,00:52:00,2,01:49:12,01:53:00,111,125,1.8833333333333333,5.4159292035398225,1540.1960784313726,11.083333333333334,7.15,not_a_fox_1,"10,1","6,7",378,12:13,172,162,265,,,,,,-24,,
Running,2025-05-24 10:38:16,False,Бег,10.74,466.0,01:51:07,118,141,"1,8",136,167,10:21,7:44,30.0,33.0,"0,71","0,0",15222.0,No,01:51:07,1,01:47:23,01:55:10,143,156,1.8519444444444444,5.7993100344982755,1417.31843575419,10.35,7.733333333333333,not_a_fox_1,"9,9","7,0",375,,177,168,257,,,,,,-17,,
Running,2025-05-18 08:41:32,False,Vyshhorodskyi raion - База,10.13,603.0,01:55:38,106,132,"2,4",129,172,11:25,6:07,35.0,35.0,"0,67","0,0",15146.0,No,00:52:00,2,01:43:15,01:55:38,122,136,1.9272222222222222,5.256269818391468,1495.162882527147,11.416666666666666,6.116666666666666,not_a_fox_1,"10,9","7,3",346,12:31,182,163,345,,,,,,-20,,
Running,2025-05-10 11:55:47,False,Vyshhorodskyi raion - База,10.36,478.0,01:43:00,114,135,"1,6",144,174,9:56,5:49,44.0,40.0,"0,70","0,0",14882.0,No,00:51:00,2,01:41:13,01:43:07,117,133,1.7166666666666666,6.034951456310679,1436.4864864864865,9.933333333333334,5.816666666666666,not_a_fox_1,"10,9","7,6",340,10:37,194,191,292,,,,,,-14,,
Running,2025-05-03 10:17:28,False,Vyshhorodskyi raion - База,9.74,534.0,01:41:51,116,150,"2,1",145,172,10:27,5:40,42.0,39.0,"0,66","0,0",14824.0,No,00:49:51,2,01:40:17,01:41:51,120,135,1.6975,5.7378497790868925,1521.971252566735,10.45,5.666666666666667,not_a_fox_1,"11,0","7,2",345,11:21,189,181,336,,,,,,-19,,
Running,2025-04-27 09:09:36,False,Vyshhorodskyi raion Бег,9.57,466.0,01:38:02,106,151,"2,0",149,177,10:15,5:10,39.0,45.0,"0,65","0,0",14616.0,No,01:38:02,1,01:36:48,01:38:02,121,136,1.633888888888889,5.857191431485889,1527.2727272727273,10.25,5.166666666666667,not_a_fox_1,"11,4","7,4",326,10:07,188,186,387,,,,,,-18,,
Running,2025-04-20 12:49:54,False,Vyshhorodskyi raion - База,9.95,670.0,01:46:40,114,139,"3,0",139,172,10:44,4:25,43.0,41.0,"0,67","0,0",14894.0,No,00:25:00,2,01:40:38,01:46:40,130,144,1.7777777777777777,5.596875,1496.8844221105528,10.733333333333333,4.416666666666667,not_a_fox_1,"11,1","7,4",337,10:41,191,178,338,,,,,,-19,,
Running,2025-04-19 12:46:56,False,Vyshhorodskyi raion - База,9.85,645.0,01:51:20,111,125,"2,8",139,169,11:18,5:40,33.0,38.0,"0,63","0,0",15600.0,No,00:52:00,2,01:49:34,01:51:20,119,136,1.8555555555555556,5.3083832335329335,1583.756345177665,11.3,5.666666666666667,not_a_fox_1,"10,5","6,6",379,11:17,170,162,385,,,,,,-15,,
Running,2025-04-12 08:35:22,False,Vyshhorodskyi raion - База,19.39,1.297,03:29:09,119,205,"3,9",142,177,10:47,5:25,127.0,115.0,"0,65","0,0",29888.0,No,00:53:00,2,03:26:45,03:29:09,118,159,3.4858333333333333,5.562514941429596,1541.4130995358432,10.783333333333333,5.416666666666667,not_a_fox_1,"10,8","7,0",359,10:45,186,173,445,,,,,,-40,,
Running,2025-04-05 09:42:03,False,Vyshhorodskyi raion - База,9.79,666.0,01:42:42,122,135,"3,0",145,177,10:29,5:56,33.0,38.0,"0,65","0,0",15128.0,No,00:51:00,2,01:41:15,01:42:42,118,137,1.7116666666666667,5.719571567672833,1545.250255362615,10.483333333333333,5.933333333333334,not_a_fox_1,"11,4","7,4",332,10:25,192,185,421,,,,,,-37,,
Running,2025-03-22 12:53:00,False,Vyshhorodskyi raion - Длит. проб.,11.15,742.0,02:02:58,116,128,"3,0",145,192,11:02,5:24,51.0,59.0,"0,62","0,0",17808.0,No,00:54:58,2,02:02:37,02:03:06,117,136,2.0494444444444446,5.440498780157224,1597.1300448430493,11.033333333333333,5.4,not_a_fox_1,"11,1","6,9",356,11:03,180,173,359,,,,,,-15,,
Running,2025-03-16 08:19:13,False,Vyshhorodskyi raion - Длит. проб.,9.89,658.0,01:43:19,112,131,"2,9",147,173,10:27,6:37,43.0,44.0,"0,65","0,0",15300.0,No,00:40:19,2,01:42:34,01:43:21,118,137,1.7219444444444445,5.743507017260849,1547.0171890798786,10.45,6.616666666666667,not_a_fox_1,"11,4","7,4",330,10:25,190,186,383,,,,,,-23,,
Running,2025-03-09 19:35:30,False,Vyshhorodskyi raion Бег,0.01,,"00:00:11,2",64,65,"0,0",,,31:38,,,,,"0,0",,No,"00:00:11,2",1,00:00:00,"00:00:14,0",133,133,0.03111111111111111,0.32142857142857145,,31.633333333333333,,not_a_fox_1,,,,,,,,,,,,,,,
Running,2025-03-08 11:27:34,False,Vyshhorodskyi raion - База,10.14,682.0,01:47:38,119,141,"3,0",145,170,10:37,6:34,45.0,45.0,"0,65","0,0",15666.0,No,00:51:00,2,01:47:01,01:47:38,120,137,1.7938888888888889,5.652524001238774,1544.9704142011833,10.616666666666667,6.566666666666666,not_a_fox_1,"10,9","7,0",351,10:34,184,178,327,,,,,,-46,,
Running,2025-03-01 11:25:34,False,Vyshhorodskyi raion Бег,10.98,736.0,01:59:11,114,139,"3,0",146,176,10:51,6:43,42.0,47.0,"0,63","0,0",17400.0,No,01:59:11,1,01:58:10,01:59:13,118,136,1.986388888888889,5.527618514893022,1584.6994535519125,10.85,6.716666666666667,not_a_fox_1,"11,5","7,2",337,10:51,183,178,292,,,,,,-22,,
Running,2025-02-22 12:00:36,False,Vyshhorodskyi raion - База,10.78,737.0,01:51:23,117,146,"3,2",147,207,10:20,4:00,41.0,39.0,"0,65","0,0",16472.0,No,00:52:00,2,01:48:27,01:51:23,117,135,1.8563888888888889,5.80697291635493,1528.0148423005567,10.333333333333334,4.0,not_a_fox_1,"11,4","7,4",323,10:18,200,188,442,,,,,,-23,,
Running,2025-02-08 10:57:18,False,Vyshhorodskyi raion - База,9.85,668.0,01:42:22,110,128,"3,0",146,177,10:24,6:15,35.0,36.0,"0,65","0,0",15052.0,No,00:50:22,2,01:40:37,01:42:22,118,136,1.7061111111111111,5.773363725170954,1528.1218274111675,10.4,6.25,not_a_fox_1,"11,3","7,4",330,10:22,196,186,364,,,,,,-21,,
Running,2025-02-01 11:12:18,False,Vyshhorodskyi raion - База,10.2,693.0,02:01:30,103,128,"3,0",126,182,11:55,6:47,38.0,40.0,"0,64","0,0",15524.0,No,00:52:00,2,01:42:55,02:01:30,117,136,2.025,5.037037037037037,1521.9607843137255,11.916666666666666,6.783333333333333,not_a_fox_1,"11,5","7,3",328,12:12,183,157,362,,,,,,-22,,
Running,2025-01-25 11:33:21,False,Vyshhorodskyi raion - База,9.91,650.0,01:49:42,112,125,"2,8",144,189,11:04,4:37,32.0,37.0,"0,61","0,0",15946.0,No,00:53:00,2,01:48:52,01:49:42,117,136,1.8283333333333334,5.420237010027347,1609.0817356205853,11.066666666666666,4.616666666666667,not_a_fox_1,"11,5","7,1",341,11:05,183,172,411,,,,,,-13,,
Running,2025-01-19 12:28:17,False,Vyshhorodskyi raion - База,9.78,681.0,01:26:48,127,136,"3,8",156,176,8:53,6:12,33.0,39.0,"0,72","0,0",13554.0,No,00:33:48,2,01:26:26,01:26:48,118,136,1.4466666666666668,6.760368663594469,1385.8895705521472,8.883333333333333,6.2,not_a_fox_1,"10,8","7,8",306,8:51,224,219,413,,,,,,-23,,
Running,2025-01-11 10:51:30,False,Vyshhorodskyi raion - База,9.87,598.0,01:40:01,112,139,"3,0",150,180,10:08,4:06,35.0,38.0,"0,65","0,0",15050.0,No,00:45:01,2,01:39:07,01:40:09,119,132,1.6669444444444443,5.921013164472588,1524.822695035461,10.133333333333333,4.1,not_a_fox_1,"11,4","7,5",323,10:34,193,191,449,,,,,,-23,,
Running,2025-01-04 09:44:42,False,Vyshhorodskyi raion - База,9.82,676.0,01:30:38,116,141,"3,6",154,179,9:13,5:46,54.0,55.0,"0,70","0,0",13950.0,No,00:35:00,2,01:28:50,01:30:42,119,135,1.5105555555555557,6.500919455682236,1420.570264765784,9.216666666666667,5.766666666666667,not_a_fox_1,"11,0","7,7",306,9:12,222,214,390,,,,,,-25,,
Running,2025-01-02 11:25:16,False,Vyshhorodskyi raion Бег,9.87,670.0,01:31:31,123,145,"3,8",153,181,9:16,5:52,40.0,45.0,"0,70","0,0",14122.0,No,01:31:31,1,01:30:52,01:31:31,118,136,1.5252777777777777,6.470952467674376,1430.8004052684905,9.266666666666667,5.866666666666667,not_a_fox_1,"11,0","7,7",312,9:15,218,213,395,,,,,,-25,,
Running,2024-12-28 09:41:32,False,Vyshhorodskyi raion - База,9.76,644.0,01:41:47,105,127,"3,3",149,174,10:26,5:57,35.0,37.0,"0,64","0,0",15190.0,No,00:38:00,2,01:41:25,01:41:47,120,135,1.696388888888889,5.753397740298018,1556.3524590163934,10.433333333333334,5.95,not_a_fox_1,"11,5","7,4",329,10:25,192,186,398,,,,,,-26,,
Running,2024-12-25 09:44:37,False,Vyshhorodskyi raion - Интенсивная трен,10.26,691.0,02:00:52,108,147,"3,6",125,184,11:47,5:56,38.0,47.0,"0,64","0,0",15628.0,No,00:03:00,8,01:43:27,02:00:52,116,136,2.0144444444444445,5.0932156646442355,1523.196881091618,11.783333333333333,5.933333333333334,not_a_fox_1,"11,4","7,3",330,12:04,186,157,365,,,,,,-27,,
Running,2024-12-22 10:41:46,False,Vyshhorodskyi raion - База,9.85,670.0,01:31:35,118,140,"4,3",154,200,9:18,4:40,35.0,38.0,"0,69","0,0",14144.0,No,00:35:35,2,01:31:17,01:35:20,120,137,1.5263888888888888,6.453139217470428,1435.9390862944163,9.3,4.666666666666667,not_a_fox_1,"11,1","7,6",312,9:17,215,208,434,,,,,,-31,,
Running,2024-12-14 11:04:20,False,Vyshhorodskyi raion - База,9.28,642.0,01:32:28,118,134,"3,7",152,181,9:58,5:55,34.0,39.0,"0,66","0,0",14132.0,No,00:36:28,2,01:31:43,01:32:28,120,137,1.541111111111111,6.0216294160057675,1522.844827586207,9.966666666666667,5.916666666666667,not_a_fox_1,"11,4","7,5",316,9:55,202,199,325,,,,,,-30,,
Running,2024-12-07 10:29:50,False,Vyshhorodskyi raion - База,8.76,574.0,01:32:39,103,124,"3,3",148,170,10:35,7:30,28.0,36.0,"0,63","0,0",13802.0,No,00:36:39,2,01:32:04,01:32:43,119,135,1.5441666666666667,5.672962763086886,1575.5707762557079,10.583333333333334,7.5,not_a_fox_1,"11,5","7,3",333,10:34,186,183,260,,,,,,-26,,
Running,2024-11-30 08:52:31,False,Vyshhorodskyi raion - База,9.83,692.0,01:21:19,127,142,"5,0",159,177,8:16,5:18,34.0,33.0,"0,76","0,0",13056.0,No,00:25:19,2,01:20:58,01:21:19,117,134,1.3552777777777778,7.2531256405001026,1328.1790437436418,8.266666666666667,5.3,not_a_fox_1,"10,4","7,8",299,8:12,234,227,407,,,,,,-73,,
Running,2024-11-23 09:10:28,False,Vyshhorodskyi raion - База,9.89,675.0,01:30:28,119,129,"4,4",154,179,9:09,5:29,38.0,57.0,"0,71","0,0",14034.0,No,00:34:28,2,01:28:17,01:30:28,115,147,1.5077777777777779,6.559322033898305,1419.0091001011122,9.15,5.483333333333333,not_a_fox_1,"10,8","7,6",306,9:08,219,210,451,,,,,,-31,,
Running,2024-11-16 12:47:53,False,Vyshhorodskyi raion Бег,9.84,655.0,01:42:09,115,133,"4,0",146,200,10:23,5:48,39.0,48.0,"0,65","0,0",15038.0,No,01:42:09,1,01:39:56,01:42:09,116,135,1.7025,5.779735682819384,1528.2520325203252,10.383333333333333,5.8,not_a_fox_1,"11,3","7,3",333,10:19,196,186,392,,,,,,-29,,
Running,2024-11-09 10:55:05,False,Vyshhorodskyi raion - База,10.09,657.0,01:28:27,132,146,"4,1",156,176,8:46,4:45,39.0,35.0,"0,74","0,0",13764.0,No,00:32:27,2,01:27:23,01:28:36,122,136,1.4741666666666666,6.844544940644432,1364.1228939544103,8.766666666666667,4.75,not_a_fox_1,"10,7","7,9",309,9:01,224,219,376,,,,,,-30,,
Running,2024-10-26 12:55:01,False,Vyshhorodskyi raion - База,9.8,654.0,01:38:24,119,134,"4,0",149,181,10:03,5:52,35.0,34.0,"0,66","0,0",14738.0,No,00:47:00,2,01:38:04,01:38:24,133,146,1.64,5.975609756097562,1503.877551020408,10.05,5.866666666666667,not_a_fox_1,"11,2","7,4",334,10:00,198,188,452,,,,,,-26,,
Running,2024-10-19 11:19:41,False,Vyshhorodskyi raion - База,9.71,652.0,01:34:15,112,126,"4,1",152,172,9:42,5:51,37.0,37.0,"0,68","0,0",14284.0,No,"00:08:06,5",10,01:33:28,01:34:15,119,134,1.5708333333333333,6.181432360742706,1471.0607621009267,9.7,5.85,not_a_fox_1,"11,2","7,5",321,9:40,202,197,323,,,,,,-33,,
Running,2021-11-06 12:40:24,False,Vyshhorodskyi raion Бег,12.0,1.158,02:15:39,146,176,"4,6",143,155,11:18,7:46,46.0,78.0,"0,62","0,0",19468.0,No,02:15:39,1,02:15:39,02:15:39,122,168,2.2608333333333333,5.307777368227055,1622.3333333333333,11.3,7.766666666666667,not_a_fox_1,,,,,,,,,,,,,,,
Running,2021-10-27 06:14:50,False,Vyshhorodskyi raion Бег,9.78,498.0,01:23:16,118,153,"2,6",162,182,8:31,5:07,42.0,38.0,"0,72","0,0",13540.0,No,"00:00:01,0",4,01:22:49,01:25:30,135,157,1.3877777777777778,7.047237790232185,1384.4580777096116,8.516666666666667,5.116666666666666,not_a_fox_1,,,,,,,,,,,,,,,
Running,2021-10-24 13:22:53,False,Vyshhorodskyi raion Бег,9.75,663.0,01:12:20,141,160,"3,2",165,180,7:25,6:02,30.0,35.0,"0,82","0,0",11800.0,No,01:12:20,1,01:12:16,01:12:32,136,157,1.2055555555555555,8.087557603686637,1210.2564102564102,7.416666666666667,6.033333333333333,not_a_fox_1,,,,,,,,,,,,,,,
Running,2021-10-16 17:28:32,False,Vyshhorodskyi raion Бег,9.84,590.0,01:11:02,138,166,"3,2",166,180,7:13,5:42,42.0,42.0,"0,83","0,0",4494.0,No,01:11:02,1,01:10:59,01:11:12,136,158,1.183888888888889,8.311590802440168,456.7073170731707,7.216666666666667,5.7,not_a_fox_1,,,,,,,,,,,,,,,
Running,2021-10-15 11:56:47,False,Vyshhorodskyi raion Бег,9.72,490.0,01:24:41,122,184,"2,8",160,179,8:42,5:57,33.0,31.0,"0,72","0,0",6388.0,No,01:24:41,1,01:24:41,01:24:41,136,158,1.4113888888888888,6.886833300531392,657.201646090535,8.7,5.95,not_a_fox_1,,,,,,,,,,,,,,,
Running,2021-10-14 09:28:28,False,Vyshhorodskyi raion Бег,12.75,550.0,01:55:46,112,144,"2,4",160,180,9:05,5:04,88.0,67.0,"0,69","0,0",18498.0,No,01:55:46,1,01:55:06,02:01:18,110,158,1.9294444444444445,6.608119781169018,1450.8235294117646,9.083333333333334,5.066666666666666,not_a_fox_1,,,,,,,,,,,,,,,
Running,2021-10-10 12:03:57,False,Kyiv Бег,5.57,536.0,01:10:09,134,175,"3,2",139,240,12:35,5:58,173.0,149.0,"0,57","0,0",10150.0,No,01:10:09,1,01:07:54,01:36:24,154,207,1.1691666666666667,4.764076977904491,1822.262118491921,12.583333333333334,5.966666666666667,not_a_fox_1,,,,,,,,,,,,,,,
Running,2021-10-06 04:48:43,False,Kemer Бег,9.54,518.0,01:34:47,113,153,"2,3",151,172,9:56,7:16,299.0,369.0,"0,67","0,0",6776.0,No,01:34:47,1,01:34:42,01:36:07,7,305,1.5797222222222222,6.039036398804289,710.2725366876311,9.933333333333334,7.266666666666667,not_a_fox_1,,,,,,,,,,,,,,,
Running,2021-10-03 04:54:53,False,Kemer Бег,10.4,456.0,01:50:49,99,123,"1,3",145,176,10:39,5:54,293.0,327.0,"0,65","0,0",7270.0,No,01:50:49,1,01:50:39,01:52:01,7,294,1.8469444444444445,5.630921943149346,699.0384615384615,10.65,5.9,not_a_fox_1,,,,,,,,,,,,,,,
Running,2021-09-26 16:17:31,False,Vyshhorodskyi raion Бег,9.37,449.0,01:25:53,113,147,"2,0",155,180,9:10,5:21,76.0,41.0,"0,70","0,0",5606.0,No,01:25:53,1,01:25:34,01:26:06,106,158,1.4313888888888888,6.5460896565107705,598.2924226254003,9.166666666666666,5.35,not_a_fox_1,,,,,,,,,,,,,,,
Running,2021-09-25 14:33:08,False,Vyshhorodskyi raion Бег,13.25,707.0,02:10:26,118,159,"2,4",152,176,9:51,5:36,71.0,69.0,"0,67","0,0",19746.0,No,02:10:26,1,02:09:43,02:12:31,110,157,2.173888888888889,6.0950677229747,1490.2641509433963,9.85,5.6,not_a_fox_1,,,,,,,,,,,,,,,
Running,2021-09-18 16:49:44,False,Vyshhorodskyi raion Бег,9.95,485.0,01:30:23,114,151,"2,0",155,177,9:05,6:08,48.0,48.0,"0,71","0,0",5964.0,No,01:30:23,1,01:30:16,01:30:45,136,158,1.506388888888889,6.60520007375991,599.3969849246232,9.083333333333334,6.133333333333334,not_a_fox_1,,,,,,,,,,,,,,,
Running,2021-09-04 17:38:37,False,Vyshhorodskyi raion Бег,9.82,527.0,01:27:43,120,148,"2,6",158,172,8:56,7:04,50.0,55.0,"0,71","0,0",13812.0,No,01:27:43,1,01:27:37,01:27:49,136,158,1.4619444444444445,6.7170815124453735,1406.5173116089613,8.933333333333334,7.066666666666666,not_a_fox_1,,,,,,,,,,,,,,,
Running,2021-09-03 18:23:09,False,Vyshhorodskyi raion Бег,9.87,533.0,01:27:05,120,150,"2,5",158,176,8:49,6:16,41.0,41.0,"0,72","0,0",13752.0,No,01:27:05,1,01:26:24,01:28:38,135,158,1.4513888888888888,6.800382775119617,1393.3130699088147,8.816666666666666,6.266666666666667,not_a_fox_1,,,,,,,,,,,,,,,
Running,2021-08-28 18:52:25,False,Vyshhorodskyi raion Бег,9.86,617.0,01:18:11,131,160,"3,0",161,192,7:56,4:31,46.0,46.0,"0,78","0,0",12632.0,No,01:18:11,1,01:17:54,01:18:50,136,157,1.3030555555555556,7.566830100191856,1281.1359026369169,7.933333333333334,4.516666666666667,not_a_fox_1,,,,,,,,,,,,,,,
Running,2021-08-23 16:32:04,False,Vyshhorodskyi raion Бег,9.92,625.0,01:30:26,130,169,"2,8",154,176,9:07,6:00,44.0,43.0,"0,71","0,0",6314.0,No,01:30:26,1,01:30:20,01:30:51,135,158,1.5072222222222222,6.581643936601548,636.491935483871,9.116666666666667,6.0,not_a_fox_1,,,,,,,,,,,,,,,
Running,2021-08-08 10:21:19,False,Vyshhorodskyi raion Бег,22.15,1.141,03:37:19,119,161,"2,7",150,180,9:49,5:14,117.0,118.0,"0,68","0,0",32536.0,No,03:37:19,1,03:37:02,04:54:37,121,177,3.6219444444444444,6.115499654881509,1468.8939051918737,9.816666666666666,5.233333333333333,not_a_fox_1,,,,,,,,,,,,,,,
Running,2021-07-31 06:31:27,False,Vyshhorodskyi raion Бег,22.14,999.0,03:43:06,108,149,"1,6",151,179,10:05,6:24,137.0,125.0,"0,66","0,0",14688.0,No,03:43:06,1,03:42:35,03:49:34,121,177,3.7183333333333333,5.954280591662932,663.4146341463414,10.083333333333334,6.4,not_a_fox_1,,,,,,,,,,,,,,,
Running,2021-07-25 05:56:55,False,Vyshhorodskyi raion Бег,10.01,499.0,01:21:24,119,155,"2,6",160,178,8:08,3:56,1.981,1.981,"0,77","0,0",5580.0,No,01:21:24,1,01:21:08,01:21:42,-500,158,1.3566666666666667,7.378378378378378,557.4425574425575,8.133333333333333,3.9333333333333336,not_a_fox_1,,,,,,,,,,,,,,,
Running,2021-07-04 08:42:59,False,Vyshhorodskyi raion Бег,9.85,501.0,01:26:35,116,161,"2,3",156,172,8:47,5:44,37.0,40.0,"0,73","0,0",6974.0,No,01:26:35,1,01:26:33,01:26:45,133,155,1.4430555555555555,6.825794032723772,708.020304568528,8.783333333333333,5.733333333333333,not_a_fox_1,,,,,,,,,,,,,,,
Running,2021-06-13 09:38:11,False,Vyshhorodskyi raion Бег,10.59,562.0,01:44:42,117,157,"2,5",153,173,9:53,6:23,63.0,63.0,"0,66","0,0",15798.0,No,01:44:42,1,01:44:17,01:46:18,121,160,1.745,6.0687679083094554,1491.784702549575,9.883333333333333,6.383333333333334,not_a_fox_1,,,,,,,,,,,,,,,
Running,2021-06-06 13:52:41,False,Vyshhorodskyi raion Бег,9.36,445.0,01:27:22,112,133,"2,1",155,180,9:21,5:55,49.0,49.0,"0,69","0,0",5932.0,No,01:27:22,1,01:27:16,01:27:56,136,158,1.4561111111111111,6.428080885158336,633.7606837606838,9.35,5.916666666666667,not_a_fox_1,,,,,,,,,,,,,,,
Running,2021-06-05 14:43:47,False,Vyshhorodskyi raion Бег,23.19,1.228,04:02:58,117,166,"2,5",149,179,10:29,7:17,110.0,110.0,"0,64","0,0",17090.0,No,04:02:58,1,04:02:36,04:05:15,122,175,4.049444444444444,5.726711483056661,736.9555843035791,10.483333333333333,7.283333333333333,not_a_fox_1,,,,,,,,,,,,,,,
Running,2021-05-23 18:44:43,False,Vyshhorodskyi raion Бег,9.84,489.0,01:27:12,116,158,"2,3",159,186,8:52,6:33,547.0,553.0,"0,71","0,0",13650.0,No,01:27:12,1,01:26:58,01:27:26,122,223,1.4533333333333334,6.770642201834862,1387.1951219512196,8.866666666666667,6.55,not_a_fox_1,,,,,,,,,,,,,,,
Running,2021-05-22 16:28:53,False,Vyshhorodskyi raion Бег,9.71,584.0,01:16:53,130,148,"2,7",162,174,7:55,6:00,38.0,41.0,"0,78","0,0",12458.0,No,01:16:53,1,01:16:14,01:17:47,135,158,1.281388888888889,7.577715152828962,1283.0072090628216,7.916666666666667,6.0,not_a_fox_1,,,,,,,,,,,,,,,
Running,2021-05-16 09:05:31,False,Vyshhorodskyi raion Бег,9.78,636.0,01:13:01,137,172,"3,1",164,186,7:28,4:33,39.0,34.0,"0,81","0,0",12040.0,No,01:13:01,1,01:12:50,01:13:45,134,155,1.2169444444444444,8.036521342159324,1231.0838445807772,7.466666666666667,4.55,not_a_fox_1,,,,,,,,,,,,,,,
Running,2021-05-15 12:15:56,False,Vyshhorodskyi raion Бег,16.67,785.0,02:29:36,119,180,"2,2",157,184,8:59,6:03,52.0,55.0,"0,71","0,0",23430.0,No,02:29:36,1,02:29:26,02:30:10,123,174,2.493333333333333,6.685828877005349,1405.5188962207558,8.983333333333333,6.05,not_a_fox_1,,,,,,,,,,,,,,,
Running,2021-05-10 16:22:56,False,Vyshhorodskyi raion Бег,11.32,486.0,01:44:47,110,147,"1,9",156,176,9:16,5:36,47.0,48.0,"0,69","0,0",16310.0,No,01:44:47,1,01:44:23,01:45:54,121,173,1.746388888888889,6.481946874502943,1440.8127208480564,9.266666666666667,5.6,not_a_fox_1,,,,,,,,,,,,,,,
Running,2021-05-05 18:05:43,False,Vyshhorodskyi raion Бег,8.51,408.0,01:19:05,114,134,"2,0",157,173,9:17,6:54,25.0,38.0,"0,69","0,0",12370.0,No,01:19:05,1,01:19:00,01:19:11,122,161,1.3180555555555555,6.456480505795574,1453.5840188014101,9.283333333333333,6.9,not_a_fox_1,,,,,,,,,,,,,,,
Running,2021-05-02 13:16:01,False,Vyshhorodskyi raion Бег,9.86,512.0,01:17:45,132,160,"3,2",161,176,7:53,5:30,46.0,46.0,"0,79","0,0",12522.0,No,01:17:45,1,01:17:30,01:19:37,136,158,1.2958333333333334,7.6090032154340825,1269.9797160243409,7.883333333333333,5.5,not_a_fox_1,,,,,,,,,,,,,,,
Running,2021-05-01 17:12:17,False,Vyshhorodskyi raion Бег,9.87,452.0,01:14:18,126,148,"2,6",165,180,7:31,5:36,48.0,48.0,"0,81","0,0",12328.0,No,01:14:18,1,01:13:49,01:16:58,136,158,1.2383333333333333,7.970390309555854,1249.0374873353599,7.516666666666667,5.6,not_a_fox_1,,,,,,,,,,,,,,,
Running,2021-04-24 11:37:55,False,Vyshhorodskyi raion Бег,11.73,1.141,01:43:36,172,186,"5,0",159,181,8:50,6:19,42.0,50.0,"0,71","0,0",16388.0,No,01:43:36,1,01:43:33,01:43:36,122,173,1.7266666666666666,6.793436293436294,1397.1014492753623,8.833333333333334,6.316666666666666,not_a_fox_1,,,,,,,,,,,,,,,
Running,2021-04-10 08:55:11,False,Vyshhorodskyi raion Бег,43.55,2.226,07:28:02,126,178,"5,0",147,174,10:17,6:37,252.0,252.0,"0,66","0,0",65526.0,No,07:28:02,1,07:27:06,07:50:07,121,179,7.467222222222222,5.832155345584406,1504.6153846153848,10.283333333333333,6.616666666666667,not_a_fox_1,,,,,,,,,,,,,,,
Running,2021-04-05 17:45:15,False,Vyshhorodskyi raion Бег,9.83,553.0,01:25:21,138,182,"4,9",156,174,8:41,5:11,25.0,34.0,"0,74","0,0",13246.0,No,01:25:21,1,01:25:11,01:26:55,133,155,1.4225,6.9103690685413,1347.5076297049848,8.683333333333334,5.183333333333334,not_a_fox_1,,,,,,,,,,,,,,,
Running,2021-03-27 10:23:02,False,Vyshhorodskyi raion Бег,19.62,859.0,02:57:25,119,159,"3,0",156,176,9:03,5:40,116.0,118.0,"0,71","0,0",27522.0,No,02:57:25,1,02:57:03,02:58:23,121,177,2.9569444444444444,6.635227806481917,1402.7522935779816,9.05,5.666666666666667,not_a_fox_1,,,,,,,,,,,,,,,
Running,2021-03-21 12:39:42,False,Vyshhorodskyi raion Бег,19.6,1.156,03:16:27,121,170,"3,3",152,173,10:01,6:05,115.0,111.0,"0,66","0,0",29556.0,No,03:16:27,1,03:16:18,03:17:31,121,177,3.2741666666666664,5.986256044795114,1507.9591836734692,10.016666666666667,6.083333333333333,not_a_fox_1,,,,,,,,,,,,,,,
Running,2020-12-26 11:03:03,False,Vyshhorodskyi raion Бег,11.03,572.0,01:37:36,122,175,"2,6",158,180,8:51,5:55,41.0,48.0,"0,72","0,0",15136.0,No,01:37:36,1,01:37:15,01:37:48,135,161,1.6266666666666667,6.780737704918033,1372.257479601088,8.85,5.916666666666667,not_a_fox_1,,,,,,,,,,,,,,,
Running,2020-11-29 11:38:53,False,Vyshhorodskyi raion Бег,9.68,467.0,01:15:48,123,141,"2,5",163,190,7:49,4:42,51.0,40.0,"0,78","0,0",12362.0,No,01:15:48,1,01:15:19,01:18:02,129,158,1.2633333333333334,7.662269129287599,1277.0661157024795,7.816666666666666,4.7,not_a_fox_1,,,,,,,,,,,,,,,
Running,2020-11-28 11:31:58,False,Kyiv Бег,10.09,862.0,01:34:30,149,182,"4,6",155,178,9:22,5:07,50.0,54.0,"0,69","0,0",14284.0,No,01:34:30,1,01:32:21,01:41:21,129,172,1.575,6.406349206349207,1415.659068384539,9.366666666666667,5.116666666666666,not_a_fox_1,,,,,,,,,,,,,,,
Running,2020-11-19 05:50:46,False,Vyshhorodskyi raion Бег,9.71,554.0,01:18:30,129,141,"3,0",165,175,8:05,6:46,51.0,52.0,"0,75","0,0",12894.0,No,01:18:30,1,01:17:55,01:19:56,136,158,1.3083333333333333,7.421656050955415,1327.9093717816684,8.083333333333334,6.766666666666667,not_a_fox_1,,,,,,,,,,,,,,,
Running,2020-11-15 10:43:59,False,Kyiv Бег,7.77,842.0,01:19:17,153,170,"5,0",156,179,10:13,5:28,85.0,81.0,"0,63","0,0",12488.0,No,01:19:17,1,01:14:16,01:42:59,117,154,1.321388888888889,5.8801765818793355,1607.2072072072074,10.216666666666667,5.466666666666667,not_a_fox_1,,,,,,,,,,,,,,,
Running,2020-11-14 12:46:11,False,Vyshhorodskyi raion Бег,9.86,610.0,01:10:43,146,175,"4,5",166,178,7:10,5:48,51.0,51.0,"0,84","0,0",11722.0,No,01:10:43,1,01:10:36,01:11:05,136,158,1.178611111111111,8.365778930002357,1188.843813387424,7.166666666666667,5.8,not_a_fox_1,,,,,,,,,,,,,,,
Running,2020-10-23 16:59:33,False,Vyshhorodskyi raion Бег,9.81,486.0,01:18:41,128,179,"3,1",160,181,8:01,5:54,46.0,46.0,"0,78","0,0",12596.0,No,01:18:41,1,01:18:12,01:21:14,136,158,1.311388888888889,7.480618513026902,1283.9959225280325,8.016666666666667,5.9,not_a_fox_1,,,,,,,,,,,,,,,
Running,2020-10-17 16:20:15,False,Vyshhorodskyi raion Бег,9.69,463.0,01:12:55,123,143,"2,8",167,184,7:32,5:44,46.0,46.0,"0,80","0,0",12108.0,No,01:12:55,1,01:11:53,01:18:15,136,158,1.2152777777777777,7.973485714285714,1249.5356037151703,7.533333333333333,5.733333333333333,not_a_fox_1,,,,,,,,,,,,,,,
Running,2020-10-14 09:47:00,False,Vyshhorodskyi raion Бег,13.25,634.0,01:51:53,127,177,"2,7",162,188,8:27,4:29,78.0,79.0,"0,73","0,0",18860.0,No,01:51:53,1,01:48:47,02:17:14,109,153,1.8647222222222222,7.105615969015344,1423.3962264150944,8.45,4.483333333333333,not_a_fox_1,,,,,,,,,,,,,,,
Running,2020-09-26 08:36:55,False,Vyshhorodskyi raion Бег,29.69,1.461,04:59:52,120,157,"3,0",148,176,10:06,5:42,213.0,214.0,"0,67","0,0",44468.0,No,04:59:52,1,04:59:03,05:12:15,121,177,4.997777777777777,5.940640284570921,1497.7433479285953,10.1,5.7,not_a_fox_1,,,,,,,,,,,,,,,
Running,2020-09-19 15:25:35,False,Vyshhorodskyi raion Бег,34.85,1.901,06:01:41,128,168,"4,0",147,176,10:23,5:42,217.0,218.0,"0,66","0,0",53082.0,No,06:01:41,1,05:59:57,06:57:56,122,174,6.0280555555555555,5.781300400903184,1523.1563845050214,10.383333333333333,5.7,not_a_fox_1,,,,,,,,,,,,,,,
Running,2020-09-01 05:39:57,False,Vyshhorodskyi raion Бег,9.79,391.0,01:24:14,113,137,"2,5",160,176,8:36,6:20,47.0,46.0,"0,72","0,0",13536.0,No,01:24:14,1,01:23:05,01:28:57,135,158,1.403888888888889,6.973486347447565,1382.6353421859042,8.6,6.333333333333333,not_a_fox_1,,,,,,,,,,,,,,,
Running,2020-08-29 12:08:40,False,Kyiv Бег,2.08,170.0,00:22:09,130,147,"2,8",153,173,10:41,7:34,6.0,4.0,"0,61","0,0",3286.0,No,00:22:09,1,00:22:00,00:23:59,122,130,0.36916666666666664,5.63431151241535,1579.8076923076922,10.683333333333334,7.566666666666666,not_a_fox_1,,,,,,,,,,,,,,,
Running,2020-08-29 11:37:08,False,Kyiv Бег,2.61,244.0,00:25:32,146,169,"4,1",159,242,9:47,5:14,3.0,5.0,"0,64","0,0",3646.0,No,00:25:32,1,00:24:29,00:28:33,119,125,0.4255555555555556,6.133159268929504,1396.934865900383,9.783333333333333,5.233333333333333,not_a_fox_1,,,,,,,,,,,,,,,
Running,2020-04-25 14:56:48,False,Vyshhorodskyi raion Бег,5.68,186.0,01:15:20,80,113,"1,1",111,132,13:16,9:01,60.0,52.0,"0,68","0,0",9576.0,No,01:15:20,1,01:14:37,01:29:52,121,159,1.2555555555555555,4.523893805309735,1685.9154929577467,13.266666666666667,9.016666666666667,not_a_fox_1,,,,,,,,,,,,,,,
Running,2020-01-01 12:04:27,False,Vyshhorodskyi raion Бег,12.5,724.0,01:55:28,134,183,"5,0",157,176,9:14,6:38,115.0,120.0,"0,69","0,0",18048.0,No,"00:00:03,5",2,01:55:10,01:57:42,110,191,1.9244444444444444,6.4953810623556585,1443.84,9.233333333333333,6.633333333333333,not_a_fox_1,,,,,,,,,,,,,,,
Running,2019-11-03 15:30:50,False,Vyshhorodskyi raion Бег,10.01,563.0,01:20:57,125,158,"2,8",165,193,8:05,4:18,38.0,34.0,"0,75","0,0",13358.0,No,--:--:--,1,01:20:30,01:24:07,133,155,1.3491666666666666,7.419394688079061,1334.4655344655346,8.083333333333334,4.3,not_a_fox_1,,,,,,,,,,,,,,,
Running,2019-10-20 16:13:42,False,Vyshhorodskyi raion Бег,9.84,507.0,01:23:46,121,147,"2,3",162,180,8:31,5:46,30.0,32.0,"0,72","0,0",13624.0,No,--:--:--,1,01:23:07,01:26:02,133,155,1.396111111111111,7.048149621965778,1384.5528455284552,8.516666666666667,5.766666666666667,not_a_fox_1,,,,,,,,,,,,,,,
Running,2019-10-16 05:33:58,False,Vyshhorodskyi raion Бег,9.88,439.0,01:19:03,115,170,"2,3",167,182,8:00,5:52,33.0,38.0,"0,75","0,0",13074.0,No,--:--:--,1,01:18:23,01:20:50,133,155,1.3175,7.499051233396585,1323.2793522267204,8.0,5.866666666666667,not_a_fox_1,,,,,,,,,,,,,,,
Running,2019-09-22 12:26:32,False,Vyshhorodskyi raion Бег,9.77,492.0,01:30:57,116,152,"2,1",156,178,9:18,5:33,42.0,40.0,"0,69","0,0",14116.0,No,--:--:--,1,01:30:30,01:31:54,133,155,1.5158333333333334,6.445299615173171,1444.8311156601842,9.3,5.55,not_a_fox_1,,,,,,,,,,,,,,,
Running,2019-09-14 13:33:54,False,Vyshhorodskyi raion Бег,30.95,1.622,05:44:24,115,158,"2,5",146,178,11:08,5:48,179.0,178.0,"0,62","0,0",51468.0,No,--:--:--,1,05:43:27,06:10:24,109,174,5.74,5.39198606271777,1662.940226171244,11.133333333333333,5.8,not_a_fox_1,,,,,,,,,,,,,,,
Running,2019-09-03 06:24:15,False,Tallinn Бег,9.81,562.0,01:20:04,127,164,"2,7",166,188,8:10,5:38,45.0,43.0,"0,74","0,0",13030.0,No,--:--:--,1,01:18:56,01:23:27,10,46,1.3344444444444445,7.351373855120732,1328.236493374108,8.166666666666666,5.633333333333333,not_a_fox_1,,,,,,,,,,,,,,,
Running,2018-12-01 07:29:15,False,Vyshhorodskyi raion Бег,4.99,362.0,01:05:57,112,145,"2,0",141,163,13:13,8:16,16.0,17.0,"0,54","0,0",10644.0,No,--:--:--,1,01:05:51,01:16:55,133,148,1.0991666666666666,4.5398028809704325,2133.066132264529,13.216666666666667,8.266666666666667,not_a_fox_1,,,,,,,,,,,,,,,
Running,2018-04-28 13:10:57,False,Vyshhorodskyi raion Бег,29.13,1.576,03:50:52,129,183,"4,7",120,177,7:56,3:04,144.0,147.0,"1,05","0,0",354.0,No,--:--:--,1,03:47:13,04:22:46,122,177,3.847777777777778,7.570603522956973,12.152420185375902,7.933333333333334,3.066666666666667,not_a_fox_1,,,,,,,,,,,,,,,
Running,2018-04-21 14:54:02,False,Vyshhorodskyi raion Бег,15.62,855.0,02:18:19,123,142,"3,0",160,186,8:51,5:20,61.0,68.0,"0,71","0,0",21920.0,No,--:--:--,1,02:17:54,02:18:50,122,173,2.305277777777778,6.775756115194601,1403.3290653008964,8.85,5.333333333333333,not_a_fox_1,,,,,,,,,,,,,,,
Running,2018-04-15 10:38:19,False,Vyshhorodskyi raion Бег,21.92,917.0,02:51:30,112,151,"2,7",121,240,7:49,4:05,105.0,113.0,"1,06","0,0",286.0,No,--:--:--,1,02:49:33,03:05:07,109,175,2.8583333333333334,7.668804664723033,13.047445255474452,7.816666666666666,4.083333333333333,not_a_fox_1,,,,,,,,,,,,,,,
Running,2018-04-09 17:13:52,False,Vyshhorodskyi raion Бег,9.95,388.0,01:20:25,107,151,"1,3",163,231,8:05,6:10,12.0,27.0,"0,76","0,0",13116.0,No,--:--:--,1,01:20:14,01:20:51,134,153,1.3402777777777777,7.423834196891192,1318.1909547738694,8.083333333333334,6.166666666666667,not_a_fox_1,,,,,,,,,,,,,,,
Running,2018-04-08 13:32:34,False,Vyshhorodskyi raion Бег,14.07,680.0,01:37:54,129,146,"3,1",168,198,6:58,4:56,52.0,58.0,"0,85","0,0",16522.0,No,--:--:--,1,01:37:48,01:39:05,122,173,1.6316666666666666,8.623084780388151,1174.2714996446339,6.966666666666667,4.933333333333334,not_a_fox_1,,,,,,,,,,,,,,,
Running,2018-04-01 08:29:29,False,Vyshhorodskyi raion Бег,9.73,454.0,01:12:21,123,143,"2,4",166,236,7:26,5:35,28.0,25.0,"0,81","0,0",12068.0,No,--:--:--,1,01:11:57,01:14:18,133,155,1.2058333333333333,8.069108500345543,1240.2877697841725,7.433333333333334,5.583333333333333,not_a_fox_1,,,,,,,,,,,,,,,
Running,2018-01-16 06:10:14,False,Vyshhorodskyi raion Бег,9.22,417.0,01:08:34,121,136,"2,3",166,176,7:26,6:16,26.0,27.0,"0,81","0,0",11264.0,No,--:--:--,1,01:08:10,01:08:48,133,155,1.1427777777777777,8.068060281964026,1221.6919739696311,7.433333333333334,6.266666666666667,not_a_fox_1,,,,,,,,,,,,,,,
Running,2018-01-11 06:14:06,False,Vyshhorodskyi raion Бег,9.72,403.0,01:09:29,118,144,"2,1",169,176,7:09,6:21,29.0,26.0,"0,83","0,0",11744.0,No,--:--:--,1,01:09:24,01:10:06,133,155,1.1580555555555556,8.393379707363877,1208.2304526748972,7.15,6.35,not_a_fox_1,,,,,,,,,,,,,,,
Running,2018-01-08 13:21:40,False,Vyshhorodskyi raion Бег,9.22,372.0,00:55:03,125,153,"2,1",174,186,5:58,4:33,24.0,25.0,"0,96","0,0",9558.0,No,--:--:--,1,00:54:49,00:55:11,134,155,0.9175,10.049046321525886,1036.6594360086767,5.966666666666667,4.55,not_a_fox_1,,,,,,,,,,,,,,,
Running,2018-01-07 11:54:29,False,Гута-межигірська Бег,11.36,419.0,01:16:12,121,178,"2,1",171,186,6:42,5:10,48.0,23.0,"0,87","0,0",13060.0,No,--:--:--,1,01:15:44,01:22:14,110,154,1.27,8.94488188976378,1149.6478873239437,6.7,5.166666666666667,not_a_fox_1,,,,,,,,,,,,,,,
Running,2018-01-06 14:47:28,False,Гута-межигірська Бег,14.23,1.215,01:55:13,158,176,"5,0",164,174,8:06,6:41,65.0,60.0,"0,75","0,0",18954.0,No,--:--:--,1,01:54:47,01:56:27,109,155,1.9202777777777778,7.410386228844207,1331.9747013352073,8.1,6.683333333333334,not_a_fox_1,,,,,,,,,,,,,,,
Running,2018-01-04 06:16:43,False,Гута-межигірська Бег,9.16,410.0,01:18:13,114,164,"1,9",162,173,8:32,6:52,35.0,35.0,"0,72","0,0",12644.0,No,--:--:--,1,01:18:08,01:18:13,134,155,1.303611111111111,7.026635414447049,1380.3493449781658,8.533333333333333,6.866666666666667,not_a_fox_1,,,,,,,,,,,,,,,
Running,2018-01-01 13:41:01,False,Гута-межигірська Бег,12.83,725.0,01:36:32,133,179,"3,9",166,176,7:31,5:55,41.0,38.0,"0,80","0,0",16022.0,No,--:--:--,1,01:36:26,01:36:49,127,155,1.6088888888888888,7.974447513812155,1248.791893998441,7.516666666666667,5.916666666666667,not_a_fox_1,,,,,,,,,,,,,,,
Running,2017-12-31 08:26:26,False,Гута-межигірська Бег,13.08,557.0,01:54:57,114,129,"1,9",161,175,8:47,6:59,64.0,59.0,"0,71","0,0",18492.0,No,--:--:--,1,01:54:27,01:55:58,120,155,1.9158333333333333,6.827316224445411,1413.7614678899083,8.783333333333333,6.983333333333333,not_a_fox_1,,,,,,,,,,,,,,,
Running,2017-12-25 12:03:45,False,Гута-межигірська Бег,8.02,751.0,01:05:59,158,179,"4,9",162,182,8:14,6:57,27.0,24.0,"0,75","0,0",10672.0,No,--:--:--,1,01:05:48,01:06:12,134,155,1.0997222222222223,7.292750694619853,1330.6733167082295,8.233333333333333,6.95,not_a_fox_1,,,,,,,,,,,,,,,
Running,2017-12-19 06:54:42,False,Гута-межигірська Бег,4.12,263.0,00:49:01,108,156,"1,5",130,167,11:54,7:19,3.0,3.0,"0,64","0,0",6360.0,No,--:--:--,1,00:48:31,00:49:47,134,140,0.8169444444444445,5.043182590955457,1543.6893203883494,11.9,7.316666666666666,not_a_fox_1,,,,,,,,,,,,,,,
Running,2017-12-17 14:36:29,False,Гута-межигірська Бег,9.87,374.0,01:04:23,114,125,"2,0",169,196,6:31,4:44,35.0,36.0,"0,91","0,0",10842.0,No,--:--:--,1,01:04:01,01:05:22,133,155,1.0730555555555557,9.198032617136938,1098.4802431610942,6.516666666666667,4.733333333333333,not_a_fox_1,,,,,,,,,,,,,,,
Running,2017-12-12 06:10:29,False,Гута-межигірська Бег,9.8,810.0,01:04:20,168,188,"5,0",170,198,6:34,4:42,37.0,37.0,"0,90","0,0",10842.0,No,--:--:--,2,01:04:05,02:31:34,133,155,1.0722222222222222,9.139896373056995,1106.3265306122448,6.566666666666666,4.7,not_a_fox_1,,,,,,,,,,,,,,,
Running,2017-12-09 13:10:44,False,Гута-межигірська Бег,28.9,2.724,03:27:28,175,190,"5,0",167,202,7:11,4:32,124.0,129.0,"0,84","0,0",34590.0,No,--:--:--,1,03:27:02,03:28:48,109,177,3.457777777777778,8.35796915167095,1196.8858131487889,7.183333333333334,4.533333333333333,not_a_fox_1,,,,,,,,,,,,,,,
Running,2017-12-05 06:18:31,False,Гута-межигірська Бег,9.83,783.0,01:03:20,167,181,"5,0",170,188,6:27,5:21,35.0,41.0,"0,91","0,0",10746.0,No,--:--:--,1,01:02:50,01:04:09,133,155,1.0555555555555556,9.312631578947368,1093.1841302136318,6.45,5.35,not_a_fox_1,,,,,,,,,,,,,,,
Running,2017-12-02 13:15:37,False,Гута-межигірська Бег,16.83,619.0,01:56:00,113,148,"2,5",168,188,6:54,4:50,65.0,66.0,"0,86","0,0",19480.0,No,--:--:--,1,01:55:04,02:01:40,122,174,1.9333333333333333,8.705172413793102,1157.4569221628046,6.9,4.833333333333333,not_a_fox_1,,,,,,,,,,,,,,,
Running,2017-11-30 06:12:41,False,Гута-межигірська Бег,9.75,345.0,01:01:52,112,131,"2,0",171,188,6:21,4:47,31.0,29.0,"0,92","0,0",10620.0,No,--:--:--,1,01:01:20,01:44:43,133,155,1.031111111111111,9.455818965517242,1089.2307692307693,6.35,4.783333333333333,not_a_fox_1,,,,,,,,,,,,,,,
Running,2017-11-21 07:14:40,False,Гута-межигірська Бег,9.62,341.0,01:02:49,110,133,"1,8",170,186,6:32,5:27,15.0,23.0,"0,90","0,0",10624.0,No,--:--:--,1,01:02:42,01:02:59,134,155,1.0469444444444445,9.188644202706287,1104.3659043659045,6.533333333333333,5.45,not_a_fox_1,,,,,,,,,,,,,,,
Running,2017-11-14 05:54:42,False,Гута-межигірська Бег,9.84,357.0,01:00:28,114,135,"2,2",172,193,6:09,4:05,30.0,29.0,"0,94","0,0",10408.0,No,--:--:--,1,01:00:04,01:01:02,134,155,1.0077777777777779,9.764057331863285,1057.7235772357724,6.15,4.083333333333333,not_a_fox_1,,,,,,,,,,,,,,,
Running,2017-11-11 09:07:48,False,Гута-межигірська Бег,56.17,3.084,07:20:10,130,180,"5,0",164,190,7:50,4:38,372.0,372.0,"0,78","0,0",72034.0,No,--:--:--,1,07:17:17,07:48:54,122,174,7.336111111111111,7.656645210147672,1282.4283425316005,7.833333333333333,4.633333333333333,not_a_fox_1,,,,,,,,,,,,,,,
Running,2017-11-09 06:21:46,False,Гута-межигірська Бег,9.89,363.0,01:03:55,112,140,"1,8",171,190,6:28,4:37,28.0,27.0,"0,91","0,0",10782.0,No,--:--:--,1,01:03:38,01:05:05,134,155,1.0652777777777778,9.283963494132987,1090.1921132457026,6.466666666666667,4.616666666666667,not_a_fox_1,,,,,,,,,,,,,,,
Running,2017-11-07 06:09:52,False,Гута-межигірська Бег,9.94,671.0,01:00:56,148,189,"5,0",173,198,6:08,4:54,30.0,30.0,"0,94","0,0",10398.0,No,--:--:--,1,01:00:51,01:01:08,134,155,1.0155555555555555,9.787746170678336,1046.0764587525152,6.133333333333334,4.9,not_a_fox_1,,,,,,,,,,,,,,,
Running,2017-11-04 08:53:36,False,Гута-межигірська Бег,33.43,1.327,04:06:12,118,171,"2,9",168,192,7:22,4:18,192.0,193.0,"0,81","0,0",41858.0,No,--:--:--,1,04:03:30,05:01:07,122,174,4.1033333333333335,8.147034930950447,1252.1088842357165,7.366666666666666,4.3,not_a_fox_1,,,,,,,,,,,,,,,
Running,2017-11-02 07:12:28,False,Гута-межигірська Бег,9.67,411.0,00:55:58,122,154,"2,5",174,190,5:47,4:49,26.0,24.0,"0,99","0,0",9750.0,No,--:--:--,1,00:55:49,00:56:11,134,155,0.9327777777777778,10.366885050625372,1008.2730093071355,5.783333333333333,4.816666666666666,not_a_fox_1,,,,,,,,,,,,,,,
Running,2017-10-31 05:56:19,False,Гута-межигірська Бег,9.82,360.0,00:59:17,115,132,"2,3",173,198,6:02,3:58,32.0,26.0,"0,96","0,0",10208.0,No,--:--:--,1,00:58:56,00:59:44,134,155,0.9880555555555556,9.938712398088276,1039.5112016293278,6.033333333333333,3.966666666666667,not_a_fox_1,,,,,,,,,,,,,,,
Running,2017-10-29 12:13:19,False,Хотів Бег,3.15,359.0,00:30:48,151,181,"3,4",157,242,9:48,4:44,72.0,69.0,"0,65","0,0",4886.0,No,--:--:--,,00:30:17,00:34:49,122,173,0.5133333333333333,6.136363636363637,1551.111111111111,9.8,4.733333333333333,not_a_fox_1,,,,,,,,,,,,,,,
Running,2017-10-29 11:54:16,False,Хотів Бег,1.67,164.0,00:13:40,149,174,"2,8",161,179,8:11,1:57,24.0,19.0,"0,76","0,0",2310.0,No,--:--:--,,00:12:49,00:16:10,122,149,0.22777777777777777,7.33170731707317,1383.2335329341317,8.183333333333334,1.95,not_a_fox_1,,,,,,,,,,,,,,,
Running,2017-10-28 07:41:17,False,Гута-межигірська Бег,9.58,376.0,01:01:03,112,161,"2,0",172,190,6:23,4:32,34.0,29.0,"0,91","0,0",10632.0,No,--:--:--,1,00:59:49,01:11:43,134,155,1.0175,9.415233415233415,1109.812108559499,6.383333333333334,4.533333333333333,not_a_fox_1,,,,,,,,,,,,,,,
Running,2017-10-22 08:19:31,False,Гута-межигірська Бег,25.16,1.413,02:50:03,128,175,"4,8",169,197,6:46,4:50,95.0,80.0,"0,87","0,0",28738.0,No,--:--:--,,02:49:45,02:50:42,136,177,2.8341666666666665,8.877389003234343,1142.2098569157392,6.766666666666667,4.833333333333333,not_a_fox_1,,,,,,,,,,,,,,,
Running,2017-10-15 11:39:24,False,Гута-межигірська Бег,17.17,711.0,02:05:07,111,128,"1,7",167,186,7:17,4:58,88.0,85.0,"0,82","0,0",20998.0,No,--:--:--,,02:04:40,02:07:18,122,174,2.085277777777778,8.233915012654856,1222.947000582411,7.283333333333333,4.966666666666667,not_a_fox_1,,,,,,,,,,,,,,,
Running,2017-10-14 12:54:16,False,Гута-межигірська Бег,11.8,503.0,01:18:20,114,127,"2,1",169,180,6:38,5:22,16.0,36.0,"0,89","0,0",13268.0,No,--:--:--,,01:18:01,01:19:22,122,159,1.3055555555555556,9.038297872340426,1124.4067796610168,6.633333333333333,5.366666666666666,not_a_fox_1,,,,,,,,,,,,,,,
Running,2017-10-12 06:14:12,False,Гута-межигірська Бег,10.64,430.0,01:06:14,114,157,"2,0",173,200,6:13,4:12,31.0,34.0,"0,93","0,0",11340.0,No,--:--:--,,01:06:00,01:06:27,134,156,1.103888888888889,9.638651233014595,1065.7894736842104,6.216666666666667,4.2,not_a_fox_1,,,,,,,,,,,,,,,
Running,2017-10-10 06:22:58,False,Гута-межигірська Бег,9.75,398.0,00:58:22,114,127,"2,1",173,192,5:59,4:38,32.0,32.0,"0,96","0,0",10198.0,No,--:--:--,,00:57:53,00:59:46,134,155,0.9727777777777777,10.022844089091947,1045.948717948718,5.983333333333333,4.633333333333333,not_a_fox_1,,,,,,,,,,,,,,,
Running,2017-10-08 14:14:57,False,Гута-межигірська Бег,9.59,478.0,01:02:36,120,140,"2,3",171,180,6:32,5:13,33.0,32.0,"0,89","0,0",10718.0,No,--:--:--,,01:02:08,01:03:29,134,155,1.0433333333333332,9.191693290734825,1117.6225234619396,6.533333333333333,5.216666666666667,not_a_fox_1,,,,,,,,,,,,,,,
Running,2017-10-07 06:30:06,False,Гута-межигірська Бег,13.42,570.0,01:24:44,117,136,"2,4",171,200,6:19,4:37,66.0,61.0,"0,93","0,0",14526.0,No,--:--:--,,01:24:00,01:27:04,110,155,1.4122222222222223,9.50275373721479,1082.4143070044709,6.316666666666666,4.616666666666667,not_a_fox_1,,,,,,,,,,,,,,,
Running,2017-09-25 19:04:08,False,Гдень Бег,9.17,787.0,00:49:24,,,,,,5:23,3:04,48.0,34.0,,"0,0",,No,--:--:--,,00:49:09,00:49:24,126,153,0.8233333333333334,11.137651821862347,,5.383333333333334,3.066666666666667,not_a_fox_1,,,,,,,,,,,,,,,
Running,2017-09-23 16:44:23,False,Гдень Бег,16.63,1.313,05:34:17,,,,,,20:06,4:42,65.0,66.0,,"0,0",,No,--:--:--,,02:33:59,05:34:17,122,173,5.5713888888888885,2.9848930547938375,,20.1,4.7,not_a_fox_1,,,,,,,,,,,,,,,
Running,2017-09-17 11:40:54,False,Гдень Бег,12.28,626.0,01:28:09,120,170,"2,3",167,179,7:11,5:15,72.0,72.0,"0,83","0,0",14830.0,No,--:--:--,,01:27:13,01:36:10,115,153,1.4691666666666667,8.358479863868405,1207.6547231270358,7.183333333333334,5.25,not_a_fox_1,,,,,,,,,,,,,,,
Running,2017-09-14 06:08:46,False,Palanca Бег,14.15,760.0,01:23:55,132,158,"3,0",175,184,5:56,5:09,107.0,107.0,"0,96","0,0",14686.0,No,--:--:--,,01:23:42,01:24:08,4,40,1.398611111111111,10.11717974180735,1037.8798586572439,5.933333333333334,5.15,not_a_fox_1,,,,,,,,,,,,,,,
Running,2017-09-10 16:46:56,False,Гдень Бег,9.63,442.0,01:09:09,114,161,"2,1",120,181,7:11,3:27,43.0,48.0,"1,16","0,0",434.0,No,--:--:--,,01:07:53,01:28:51,133,156,1.1525,8.355748373101953,45.067497403946,7.183333333333334,3.45,not_a_fox_1,,,,,,,,,,,,,,,
Running,2017-09-06 06:56:27,False,Tekirova Бег,7.24,463.0,01:09:34,117,133,"2,2",159,169,9:36,7:56,902.0,904.0,"0,66","0,0",11006.0,No,--:--:--,,01:09:26,01:09:37,6,87,1.1594444444444445,6.24436990896023,1520.1657458563536,9.6,7.933333333333334,not_a_fox_1,,,,,,,,,,,,,,,
Running,2017-09-05 15:35:38,False,Tekirova Бег,4.17,203.0,00:59:00,85,123,"1,1",112,158,14:08,10:02,45.0,43.0,"0,63","0,0",12676.0,No,--:--:--,,00:58:01,03:14:35,4,31,0.9833333333333333,4.240677966101695,3039.808153477218,14.133333333333333,10.033333333333333,not_a_fox_1,,,,,,,,,,,,,,,
Running,2017-09-03 10:19:11,False,Гдень Бег,12.44,1.052,01:15:26,,,,,,6:04,4:02,87.0,81.0,,"0,0",,No,--:--:--,,01:15:05,01:15:26,109,153,1.2572222222222222,9.894829871851524,,6.066666666666666,4.033333333333333,not_a_fox_1,,,,,,,,,,,,,,,
Running,2017-08-31 19:39:10,False,Гдень Бег,9.92,818.0,01:03:25,,,,,,6:24,2:14,32.0,27.0,,"0,0",,No,--:--:--,,01:01:23,01:03:25,134,155,1.0569444444444445,9.385545335085414,,6.4,2.2333333333333334,not_a_fox_1,,,,,,,,,,,,,,,
Running,2017-08-27 18:40:40,False,Гдень Бег,10.78,843.0,07:23:00,,,,,,41:03,4:55,39.0,42.0,,"0,0",,No,--:--:--,,01:42:22,07:23:00,133,155,7.383333333333334,1.460045146726862,,41.05,4.916666666666667,not_a_fox_1,,,,,,,,,,,,,,,
Running,2017-08-15 05:43:19,False,Гдень Бег,9.87,845.0,00:56:24,,,,,,5:43,3:57,36.0,32.0,,"0,0",,No,--:--:--,,00:56:10,00:56:27,133,155,0.94,10.5,,5.716666666666667,3.95,not_a_fox_1,,,,,,,,,,,,,,,
Running,2017-07-15 11:08:37,False,Гдень Бег,10.14,853.0,01:04:58,,,,,,6:24,3:42,39.0,33.0,,"0,0",,No,--:--:--,,--:--:--,01:04:58,134,155,1.0827777777777778,9.364802462801437,,6.4,3.7,not_a_fox_1,,,,,,,,,,,,,,,
Running,2017-07-14 06:30:53,False,Гдень Бег,9.81,861.0,00:58:46,,,,,,5:59,3:29,40.0,37.0,,"0,0",,No,--:--:--,,--:--:--,00:58:46,134,155,0.9794444444444445,10.015882019285309,,5.983333333333333,3.4833333333333334,not_a_fox_1,,,,,,,,,,,,,,,
Running,2017-07-13 05:45:24,False,Гдень Бег,9.71,831.0,01:03:07,,,,,,6:30,3:52,40.0,37.0,,"0,0",,No,--:--:--,,--:--:--,01:03:07,134,155,1.0519444444444443,9.230525481911805,,6.5,3.8666666666666667,not_a_fox_1,,,,,,,,,,,,,,,
Running,2017-07-10 05:56:12,False,Гдень Бег,9.76,823.0,01:02:42,,,,,,6:25,3:49,38.0,36.0,,"0,0",,No,--:--:--,,--:--:--,01:02:42,134,155,1.045,9.339712918660288,,6.416666666666667,3.8166666666666664,not_a_fox_1,,,,,,,,,,,,,,,
Running,2017-07-08 06:46:26,False,Гдень Бег,58.36,2.512,07:58:24,118,171,"3,0",161,190,8:12,4:21,300.0,300.0,"0,76","0,0",77002.0,No,--:--:--,,--:--:--,08:15:04,121,182,7.973333333333334,7.3193979933110365,1319.431117203564,8.2,4.35,not_a_fox_1,,,,,,,,,,,,,,,
Running,2017-07-07 05:51:52,False,Гдень Бег,9.71,840.0,00:59:26,,,,,,6:07,3:44,36.0,32.0,,"0,0",,No,--:--:--,,--:--:--,00:59:26,134,155,0.9905555555555555,9.802579921480651,,6.116666666666666,3.7333333333333334,not_a_fox_1,,,,,,,,,,,,,,,
Running,2017-07-05 05:55:29,False,Гдень Бег,9.88,834.0,01:08:21,,,,,,6:55,3:35,73.0,74.0,,"0,0",,No,--:--:--,,--:--:--,01:08:21,115,152,1.1391666666666667,8.67300658376006,,6.916666666666667,3.5833333333333335,not_a_fox_1,,,,,,,,,,,,,,,
Running,2017-07-04 05:59:37,False,Гдень Бег,9.88,821.0,00:59:34,,,,,,6:02,3:51,43.0,37.0,,"0,0",,No,--:--:--,,--:--:--,00:59:34,133,155,0.9927777777777778,9.95187465025182,,6.033333333333333,3.85,not_a_fox_1,,,,,,,,,,,,,,,
Running,2017-07-03 06:23:37,False,Гдень Бег,9.35,797.0,01:01:42,,,,,,6:36,3:33,37.0,42.0,,"0,0",,No,--:--:--,,--:--:--,01:01:53,133,155,1.0283333333333333,9.092382495948137,,6.6,3.55,not_a_fox_1,,,,,,,,,,,,,,,
Running,2017-07-02 08:24:59,False,Гдень Бег,10.96,854.0,04:04:07,,,,,,22:17,3:15,36.0,36.0,,"0,0",,No,--:--:--,,--:--:--,04:04:07,133,155,4.068611111111111,2.693793950979723,,22.283333333333335,3.25,not_a_fox_1,,,,,,,,,,,,,,,
Running,2017-07-01 05:06:47,False,Гдень Бег,18.45,687.0,02:17:42,107,133,"1,7",164,174,7:28,5:25,97.0,104.0,"0,82","0,0",22674.0,No,--:--:--,,--:--:--,02:21:54,109,174,2.295,8.03921568627451,1228.9430894308944,7.466666666666667,5.416666666666667,not_a_fox_1,,,,,,,,,,,,,,,
Running,2017-06-29 05:56:36,False,Гдень Бег,10.74,763.0,01:28:03,,,,,,8:12,1:56,68.0,68.0,,"0,0",,No,--:--:--,,--:--:--,01:28:03,110,152,1.4675,7.318568994889268,,8.2,1.9333333333333333,not_a_fox_1,,,,,,,,,,,,,,,
Running,2017-06-26 18:30:20,False,Гдень Бег,9.85,837.0,01:01:46,,,,,,6:16,3:42,34.0,30.0,,"0,0",,No,--:--:--,,--:--:--,01:01:46,133,155,1.0294444444444444,9.568267674042094,,6.266666666666667,3.7,not_a_fox_1,,,,,,,,,,,,,,,
Running,2017-06-25 19:02:34,False,Гдень Бег,10.0,816.0,01:15:38,,,,,,7:34,4:55,47.0,47.0,,"0,0",,No,--:--:--,,--:--:--,01:15:38,133,155,1.2605555555555557,7.933010136624063,,7.566666666666666,4.916666666666667,not_a_fox_1,,,,,,,,,,,,,,,
Running,2017-06-24 10:18:58,False,Гдень Бег,19.53,763.0,02:28:07,114,151,"2,2",164,178,7:35,5:11,98.0,103.0,"0,81","0,0",24282.0,No,--:--:--,,--:--:--,02:30:50,109,174,2.468611111111111,7.911331157871048,1243.3179723502303,7.583333333333333,5.183333333333334,not_a_fox_1,,,,,,,,,,,,,,,
Running,2017-06-15 05:32:24,False,Гдень Бег,9.51,835.0,01:08:52,,,,,,7:14,3:44,59.0,56.0,,"0,0",,No,--:--:--,,--:--:--,01:08:52,133,155,1.1477777777777778,8.285575992255566,,7.233333333333333,3.7333333333333334,not_a_fox_1,,,,,,,,,,,,,,,
Running,2017-06-14 06:22:35,False,Гдень Бег,9.9,778.0,01:15:55,,,,,,7:40,5:06,42.0,43.0,,"0,0",,No,--:--:--,,--:--:--,01:15:55,133,155,1.2652777777777777,7.824368825466521,,7.666666666666667,5.1,not_a_fox_1,,,,,,,,,,,,,,,
Running,2017-06-08 18:27:57,False,Гдень Бег,12.21,1.047,01:21:21,,,,,,6:40,3:25,55.0,51.0,,"0,0",,No,--:--:--,,--:--:--,01:21:21,133,155,1.3558333333333332,9.005531653349724,,6.666666666666667,3.4166666666666665,not_a_fox_1,,,,,,,,,,,,,,,
Running,2017-06-07 18:59:06,False,Гдень Бег,9.77,838.0,01:10:09,,,,,,7:11,4:02,38.0,35.0,,"0,0",,No,--:--:--,,--:--:--,01:10:09,134,155,1.1691666666666667,8.356379187455452,,7.183333333333334,4.033333333333333,not_a_fox_1,,,,,,,,,,,,,,,
Running,2017-06-06 19:40:09,False,Гдень Бег,10.11,869.0,01:06:59,,,,,,6:38,3:41,39.0,34.0,,"0,0",,No,--:--:--,,--:--:--,01:06:59,134,155,1.1163888888888889,9.055984075640707,,6.633333333333333,3.6833333333333336,not_a_fox_1,,,,,,,,,,,,,,,
Running,2017-05-28 05:52:15,False,Гдень Бег,46.36,3.473,06:39:10,,,,,,8:37,4:42,230.0,231.0,,"0,0",,No,--:--:--,,--:--:--,06:39:10,121,180,6.652777777777778,6.968517745302714,,8.616666666666667,4.7,not_a_fox_1,,,,,,,,,,,,,,,
Running,2017-04-30 11:38:38,False,Гдень Бег,0.01,,"00:00:15,7",51,55,"1,0",,,17:39,1:50,,,,"0,0",,No,--:--:--,,--:--:--,"00:01:09,7",99,99,0.043611111111111114,0.22929936305732482,,17.65,1.8333333333333335,not_a_fox_1,,,,,,,,,,,,,,,
Running,2017-02-04 13:31:17,False,Бег,6.68,567.0,00:42:29,,,,,,6:22,4:05,31.0,40.0,,"0,0",,No,--:--:--,,--:--:--,00:42:57,140,170,0.7080555555555555,9.4342879560612,,6.366666666666666,4.083333333333333,not_a_fox_1,,,,,,,,,,,,,,,
Running,2017-02-01 07:36:53,False,Бег,10.56,888.0,01:12:44,,,,,,6:53,4:24,28.0,31.0,,"0,0",,No,--:--:--,,--:--:--,01:12:44,133,155,1.2122222222222223,8.711274060494958,,6.883333333333333,4.4,not_a_fox_1,,,,,,,,,,,,,,,
Running,2017-01-29 15:39:10,False,Бег,10.77,620.0,01:43:32,,,,,,9:37,6:31,37.0,37.0,,"0,0",,No,--:--:--,,--:--:--,01:43:32,133,155,1.7255555555555555,6.241468126207341,,9.616666666666667,6.516666666666667,not_a_fox_1,,,,,,,,,,,,,,,
Running,2017-01-28 14:54:45,False,Бег,9.57,762.0,01:13:32,,,,,,7:41,5:25,29.0,35.0,,"0,0",,No,--:--:--,,--:--:--,01:13:32,133,155,1.2255555555555555,7.808703535811424,,7.683333333333334,5.416666666666667,not_a_fox_1,,,,,,,,,,,,,,,
Running,2016-09-18 13:02:17,False,Бег,10.74,715.0,01:32:58,,,,,,8:39,5:19,49.0,48.0,,"0,0",,No,--:--:--,,--:--:--,01:32:58,133,156,1.5494444444444444,6.931516672642524,,8.65,5.316666666666666,not_a_fox_1,,,,,,,,,,,,,,,
Running,2016-09-16 06:34:05,False,Palanca Бег,13.33,990.0,01:43:11,,,,,,7:44,1:55,110.0,108.0,,"0,0",,No,--:--:--,,--:--:--,01:43:11,4,37,1.7197222222222222,7.751251817153934,,7.733333333333333,1.9166666666666665,not_a_fox_1,,,,,,,,,,,,,,,
Running,2016-09-15 06:11:36,False,Palanca Бег,14.09,1.194,01:33:24,,,,,,6:38,4:55,113.0,130.0,,"0,0",,No,--:--:--,,--:--:--,01:33:24,4,52,1.5566666666666666,9.051391862955033,,6.633333333333333,4.916666666666667,not_a_fox_1,,,,,,,,,,,,,,,
Running,2016-09-11 06:09:53,False,Tekirova Бег,8.55,582.0,01:10:15,,,,,,8:13,5:21,1.005,1.002,,"0,0",,No,--:--:--,,--:--:--,01:10:18,6,86,1.1708333333333334,7.302491103202847,,8.216666666666667,5.35,not_a_fox_1,,,,,,,,,,,,,,,
Running,2016-09-10 06:44:59,False,Tekirova Бег,8.65,563.0,01:13:19,,,,,,8:29,1:28,1.068,1.066,,"0,0",,No,--:--:--,,--:--:--,01:13:19,6,86,1.2219444444444445,7.078881563991816,,8.483333333333333,1.4666666666666668,not_a_fox_1,,,,,,,,,,,,,,,
Running,2016-09-08 06:24:38,False,Tekirova Бег,8.58,605.0,01:08:59,,,,,,8:02,5:45,1.136,1.136,,"0,0",,No,--:--:--,,--:--:--,01:08:59,6,86,1.1497222222222223,7.4626721430297165,,8.033333333333333,5.75,not_a_fox_1,,,,,,,,,,,,,,,
Running,2016-09-01 18:41:19,False,Бег,8.66,590.0,01:12:39,,,,,,8:24,5:05,44.0,32.0,,"0,0",,No,--:--:--,,--:--:--,00:NaN:NaN,127,153,1.2108333333333334,7.1520991052993805,,8.4,5.083333333333333,not_a_fox_1,,,,,,,,,,,,,,,
Running,2016-08-31 18:04:38,False,Бег,10.05,842.0,01:09:58,,,,,,6:58,1:08,38.0,34.0,,"0,0",,No,--:--:--,,--:--:--,00:NaN:NaN,133,155,1.166111111111111,8.618389709385422,,6.966666666666667,1.1333333333333333,not_a_fox_1,,,,,,,,,,,,,,,
Running,2016-08-30 05:52:54,False,Бег,10.01,826.0,01:14:12,,,,,,7:25,4:51,41.0,40.0,,"0,0",,No,--:--:--,,--:--:--,00:NaN:NaN,133,155,1.2366666666666666,8.09433962264151,,7.416666666666667,4.85,not_a_fox_1,,,,,,,,,,,,,,,
Running,2016-08-27 11:43:06,False,Бег,37.16,2.394,05:58:59,,,,,,9:40,5:19,183.0,183.0,,"0,0",,No,--:--:--,,--:--:--,00:NaN:NaN,122,180,5.983055555555556,6.210873299596081,,9.666666666666666,5.316666666666666,not_a_fox_1,,,,,,,,,,,,,,,
Running,2016-08-25 18:27:39,False,Бег,9.92,822.0,01:09:35,,,,,,7:01,4:10,39.0,33.0,,"0,0",,No,--:--:--,,--:--:--,00:NaN:NaN,133,155,1.1597222222222223,8.55377245508982,,7.016666666666667,4.166666666666667,not_a_fox_1,,,,,,,,,,,,,,,
Running,2016-08-24 16:53:10,False,Бег,10.77,761.0,01:35:16,,,,,,8:51,4:41,53.0,49.0,,"0,0",,No,--:--:--,,--:--:--,00:NaN:NaN,134,156,1.5877777777777777,6.783065080475857,,8.85,4.683333333333334,not_a_fox_1,,,,,,,,,,,,,,,
Running,2016-08-23 06:15:14,False,Бег,9.83,671.0,01:24:39,,,,,,8:37,3:23,41.0,34.0,,"0,0",,No,--:--:--,,--:--:--,00:NaN:NaN,131,155,1.4108333333333334,6.9675132900177195,,8.616666666666667,3.3833333333333333,not_a_fox_1,,,,,,,,,,,,,,,
Running,2016-08-22 17:43:04,False,Бег,7.61,449.0,01:24:40,,,,,,11:08,6:49,22.0,23.0,,"0,0",,No,--:--:--,,--:--:--,00:NaN:NaN,134,155,1.4111111111111112,5.3929133858267715,,11.133333333333333,6.816666666666666,not_a_fox_1,,,,,,,,,,,,,,,
Trail Running,2016-08-20 07:04:04,False,Бег,58.6,,10:18:31,,,,,,10:33,2:03,334.0,336.0,,"0,0",,No,--:--:--,,--:--:--,00:NaN:NaN,103,173,10.30861111111111,5.684567917868018,,10.55,2.05,not_a_fox_1,,,,,,,,,,,,,,,
Running,2016-08-07 10:41:11,False,Бег,25.77,2.1,02:35:23,,,,,,6:02,2:45,148.0,149.0,,"0,0",,No,--:--:--,,--:--:--,00:NaN:NaN,101,174,2.589722222222222,9.950874182130216,,6.033333333333333,2.75,not_a_fox_1,,,,,,,,,,,,,,,
Running,2016-07-30 10:49:42,False,Бег,25.22,1.765,03:41:59,,,,,,8:48,5:19,124.0,125.0,,"0,0",,No,--:--:--,,--:--:--,00:NaN:NaN,122,174,3.6997222222222224,6.816727982581274,,8.8,5.316666666666666,not_a_fox_1,,,,,,,,,,,,,,,
Running,2016-07-24 09:11:43,False,Бег,8.3,510.0,01:33:50,,,,,,11:18,5:47,47.0,52.0,,"0,0",,No,--:--:--,,--:--:--,00:NaN:NaN,120,152,1.5638888888888889,5.307282415630551,,11.3,5.783333333333333,not_a_fox_1,,,,,,,,,,,,,,,
Running,2016-07-16 08:21:31,False,Бег,35.45,2.283,05:30:14,,,,,,9:19,4:27,172.0,175.0,,"0,0",,No,--:--:--,,--:--:--,00:NaN:NaN,122,180,5.503888888888889,6.440900373473302,,9.316666666666666,4.45,not_a_fox_1,,,,,,,,,,,,,,,
Running,2016-07-02 05:33:05,False,Бег,35.38,2.615,04:59:17,,,,,,8:28,5:26,167.0,167.0,,"0,0",,No,--:--:--,,--:--:--,00:NaN:NaN,122,180,4.9880555555555555,7.092944255722003,,8.466666666666667,5.433333333333334,not_a_fox_1,,,,,,,,,,,,,,,
Running,2016-06-18 07:25:32,False,Бег,39.06,2.332,07:28:56,,,,,,11:30,3:02,194.0,194.0,,"0,0",,No,--:--:--,,--:--:--,00:NaN:NaN,122,180,7.482222222222222,5.220374220374221,,11.5,3.033333333333333,not_a_fox_1,,,,,,,,,,,,,,,
Running,2016-06-14 06:40:45,False,Бег,10.35,662.0,01:34:34,,,,,,9:09,5:31,48.0,54.0,,"0,0",,No,--:--:--,,--:--:--,00:NaN:NaN,133,157,1.576111111111111,6.5667959111737755,,9.15,5.516666666666667,not_a_fox_1,,,,,,,,,,,,,,,
Running,2016-06-11 07:12:54,False,Не входящий в классификацию,50.15,,08:46:40,,,,,,10:30,4:25,200.0,200.0,,"0,0",,No,--:--:--,,--:--:--,00:NaN:NaN,99,181,8.777777777777779,5.713291139240505,,10.5,4.416666666666667,not_a_fox_1,,,,,,,,,,,,,,,
Running,2016-06-04 14:22:47,False,Бег,33.29,1.999,06:03:14,,,,,,10:55,3:32,179.0,180.0,,"0,0",,No,--:--:--,,--:--:--,00:NaN:NaN,122,180,6.053888888888889,5.498944663668899,,10.916666666666666,3.533333333333333,not_a_fox_1,,,,,,,,,,,,,,,
Other,2016-05-08 12:11:45,False,Не входящий в классификацию,32.87,,03:40:08,,,,,,"9,0","45,8",174.0,173.0,,"0,0",,No,--:--:--,,--:--:--,00:NaN:NaN,99,174,3.668888888888889,8.959115687462143,,9.0,45.8,not_a_fox_1,,,,,,,,,,,,,,,
Other,2016-05-03 10:46:49,False,Не входящий в классификацию,20.58,,03:03:58,,,,,,"6,7","18,7",134.0,133.0,,"0,0",,No,--:--:--,,--:--:--,00:NaN:NaN,98,162,3.0661111111111112,6.712085522739626,,6.7,18.7,not_a_fox_1,,,,,,,,,,,,,,,
Other,2016-04-30 11:32:58,False,Не входящий в классификацию,20.37,,02:53:00,,,,,,"7,1","19,9",117.0,119.0,,"0,0",,No,--:--:--,,--:--:--,00:NaN:NaN,109,162,2.8833333333333333,7.064739884393064,,7.1,19.9,not_a_fox_1,,,,,,,,,,,,,,,
Other,2016-04-23 13:26:01,False,Не входящий в классификацию,27.13,,03:19:10,,,,,,"8,2","20,0",142.0,142.0,,"0,0",,No,--:--:--,,--:--:--,00:NaN:NaN,103,174,3.3194444444444446,8.173054393305438,,8.2,20.0,not_a_fox_1,,,,,,,,,,,,,,,
Other,2016-04-17 12:55:48,False,Не входящий в классификацию,29.05,,03:34:42,,,,,,"8,1","360,6",149.0,148.0,,"0,0",,No,--:--:--,,--:--:--,00:NaN:NaN,99,162,3.578333333333333,8.118304611085236,,8.1,360.6,not_a_fox_1,,,,,,,,,,,,,,,
Other,2016-04-16 17:04:41,False,Не входящий в классификацию,18.39,,02:25:41,,,,,,"7,6","23,1",108.0,108.0,,"0,0",,No,--:--:--,,--:--:--,00:NaN:NaN,109,174,2.4280555555555554,7.573961789268963,,7.6,23.1,not_a_fox_1,,,,,,,,,,,,,,,
Other,2016-04-14 18:38:51,False,Не входящий в классификацию,12.21,,01:47:31,,,,,,"6,8","520,2",108.0,107.0,,"0,0",,No,--:--:--,,--:--:--,00:NaN:NaN,100,168,1.7919444444444443,6.813827313594793,,6.8,520.2,not_a_fox_1,,,,,,,,,,,,,,,
Other,2016-04-09 08:43:12,False,Не входящий в классификацию,57.91,,07:12:42,,,,,,"8,0","25,0",272.0,272.0,,"0,0",,No,--:--:--,,--:--:--,00:NaN:NaN,101,168,7.211666666666667,8.030043910330482,,8.0,25.0,not_a_fox_1,,,,,,,,,,,,,,,
Other,2016-03-26 10:56:24,False,Не входящий в классификацию,26.51,,03:08:52,,,,,,"8,4","18,2",136.0,135.0,,"0,0",,No,--:--:--,,--:--:--,00:NaN:NaN,103,159,3.147777777777778,8.421814331097776,,8.4,18.2,not_a_fox_1,,,,,,,,,,,,,,,
Other,2016-03-19 11:14:58,False,Не входящий в классификацию,59.09,,07:07:15,,,,,,"8,3","24,4",283.0,282.0,,"0,0",,No,--:--:--,,--:--:--,00:NaN:NaN,99,154,7.120833333333334,8.298186073727326,,8.3,24.4,not_a_fox_1,,,,,,,,,,,,,,,
Other,2016-03-13 09:24:01,False,Не входящий в классификацию,17.2,,01:57:53,,,,,,"8,8","20,4",108.0,109.0,,"0,0",,No,--:--:--,,--:--:--,00:NaN:NaN,97,155,1.9647222222222223,8.754418210094727,,8.8,20.4,not_a_fox_1,,,,,,,,,,,,,,,
Other,2016-03-06 12:07:26,False,Не входящий в классификацию,46.02,,05:28:55,,,,,,"8,4","20,5",199.0,199.0,,"0,0",,No,--:--:--,,--:--:--,00:NaN:NaN,122,177,5.481944444444444,8.394831517608312,,8.4,20.5,not_a_fox_1,,,,,,,,,,,,,,,
Other,2016-01-10 11:02:57,False,Не входящий в классификацию,19.93,,04:44:59,,,,,,"4,2","172,0",116.0,116.0,,"0,0",,No,--:--:--,,--:--:--,00:NaN:NaN,109,168,4.749722222222222,4.196034855839523,,4.2,172.0,not_a_fox_1,,,,,,,,,,,,,,,
Other,2016-01-10 11:02:00,False,Untitled,19.93,,03:10:23,,,,,,"6,3","172,0",116.0,116.0,,"0,0",,No,--:--:--,,--:--:--,00:NaN:NaN,109,168,3.1730555555555555,6.281011993346756,,6.3,172.0,not_a_fox_1,,,,,,,,,,,,,,,
Other,2015-11-23 08:06:20,False,Untitled,74.64,,15:15:33,,,,,,"4,9","85,6",273.0,272.0,,"0,0",,No,--:--:--,,--:--:--,00:NaN:NaN,94,177,15.259166666666667,4.8914859920266505,,4.9,85.6,not_a_fox_1,,,,,,,,,,,,,,,
Other,2015-11-23 08:06:20,False,Не входящий в классификацию,74.64,,15:15:33,,,,,,"4,9","85,6",273.0,272.0,,"0,0",,No,--:--:--,,--:--:--,00:NaN:NaN,94,177,15.259166666666667,4.8914859920266505,,4.9,85.6,not_a_fox_1,,,,,,,,,,,,,,,
Other,2015-11-21 15:53:45,False,Untitled,18.17,,13:09:27,,,,,,"1,4","19,8",45.0,46.0,,"0,0",,No,--:--:--,,--:--:--,00:NaN:NaN,133,155,13.1575,1.3809614288428653,,1.4,19.8,not_a_fox_1,,,,,,,,,,,,,,,
Other,2015-11-21 15:53:45,False,Не входящий в классификацию,18.17,,13:09:27,,,,,,"1,4","19,8",45.0,46.0,,"0,0",,No,--:--:--,,--:--:--,00:NaN:NaN,133,155,13.1575,1.3809614288428653,,1.4,19.8,not_a_fox_1,,,,,,,,,,,,,,,
Other,2015-11-19 07:35:41,False,Untitled,104.7,,15:55:49,,,,,,"6,6","109,4",422.0,422.0,,"0,0",,No,--:--:--,,--:--:--,00:NaN:NaN,93,178,15.930277777777778,6.572390102704493,,6.6,109.4,not_a_fox_1,,,,,,,,,,,,,,,
Other,2015-11-18 07:44:38,False,Untitled,110.64,,10:45:23,,,,,,"10,3","53339,1",322.0,324.0,,"0,0",,No,--:--:--,,--:--:--,00:NaN:NaN,95,181,10.756388888888889,10.285979908581464,,10.3,53339.1,not_a_fox_1,,,,,,,,,,,,,,,
Other,2015-11-14 08:15:04,False,Не входящий в классификацию,19.59,,01:56:57,,,,,,"10,0","24,1",125.0,126.0,,"0,0",,No,--:--:--,,--:--:--,00:NaN:NaN,122,173,1.9491666666666667,10.050448909790509,,10.0,24.1,not_a_fox_1,,,,,,,,,,,,,,,
Other,2015-11-14 08:15:04,False,Untitled,19.59,,01:56:57,,,,,,"10,0","24,1",125.0,126.0,,"0,0",,No,--:--:--,,--:--:--,00:NaN:NaN,122,173,1.9491666666666667,10.050448909790509,,10.0,24.1,not_a_fox_1,,,,,,,,,,,,,,,
Other,2015-11-08 13:53:21,False,Не входящий в классификацию,19.24,,11:49:02,,,,,,"1,6","30,0",82.0,83.0,,"0,0",,No,--:--:--,,--:--:--,00:NaN:NaN,101,144,11.817222222222222,1.628132198768276,,1.6,30.0,not_a_fox_1,,,,,,,,,,,,,,,
Other,2015-10-03 10:21:06,False,Не входящий в классификацию,12.7,,01:49:01,,,,,,"7,0","14,5",108.0,105.0,,"0,0",,No,--:--:--,,--:--:--,00:NaN:NaN,106,167,1.8169444444444445,6.989756917902461,,7.0,14.5,not_a_fox_1,,,,,,,,,,,,,,,
Running,2015-09-12 06:33:12,False,Tekirova Бег,8.61,510.0,01:20:08,,,,,,9:18,4:50,1.199,1.251,,"0,0",,No,--:--:--,,--:--:--,00:NaN:NaN,4,94,1.3355555555555556,6.446755407653909,,9.3,4.833333333333333,not_a_fox_1,,,,,,,,,,,,,,,
Running,2015-09-08 06:39:41,False,Tekirova Бег,8.03,514.0,01:08:22,,,,,,8:31,6:26,990.0,1.04,,"0,0",,No,--:--:--,,--:--:--,00:NaN:NaN,6,87,1.1394444444444445,7.047294002925401,,8.516666666666667,6.433333333333334,not_a_fox_1,,,,,,,,,,,,,,,
Running,2015-08-22 07:47:48,False,Бег,27.41,2.043,04:04:12,,,,,,8:54,4:50,115.0,111.0,,"0,0",,No,--:--:--,,--:--:--,00:NaN:NaN,95,152,4.07,6.7346437346437344,,8.9,4.833333333333333,not_a_fox_1,,,,,,,,,,,,,,,
Running,2015-08-18 05:48:18,False,Бег,12.61,1.045,01:33:55,,,,,,7:27,3:08,55.0,51.0,,"0,0",,No,--:--:--,,--:--:--,00:NaN:NaN,133,155,1.5652777777777778,8.056078083407275,,7.45,3.1333333333333333,not_a_fox_1,,,,,,,,,,,,,,,
Running,2015-08-15 06:07:14,False,Бег,42.08,2.764,06:37:04,,,,,,9:26,3:30,224.0,224.0,,"0,0",,No,--:--:--,,--:--:--,00:NaN:NaN,122,176,6.6177777777777775,6.358629952988583,,9.433333333333334,3.5,not_a_fox_1,,,,,,,,,,,,,,,
Running,2015-08-08 05:34:09,False,Untitled,60.76,4.769,07:49:50,,,,,,7:44,2:21,439.0,439.0,,"0,0",,No,--:--:--,,--:--:--,00:NaN:NaN,,,7.830555555555556,7.759347286271727,,7.733333333333333,2.35,not_a_fox_1,,,,,,,,,,,,,,,
Running,2015-08-01 06:48:49,False,Untitled,56.94,4.541,06:59:49,,,,,,7:22,2:49,381.0,381.0,,"0,0",,No,--:--:--,,--:--:--,00:NaN:NaN,,,6.996944444444445,8.13783794513478,,7.366666666666666,2.8166666666666664,not_a_fox_1,,,,,,,,,,,,,,,
Other,2015-03-21 09:54:43,False,Не входящий в классификацию,51.04,,05:57:03,,,,,,"8,6","34,6",276.0,240.0,,"0,0",,No,--:--:--,,--:--:--,00:NaN:NaN,98,174,5.950833333333334,8.57695000700182,,8.6,34.6,not_a_fox_1,,,,,,,,,,,,,,,
Other,2014-11-15 15:33:52,False,Не входящий в классификацию,18.83,,02:00:21,,,,,,"9,4","17,5",102.0,94.0,,"0,0",,No,--:--:--,,--:--:--,00:NaN:NaN,99,162,2.0058333333333334,9.387619443290403,,9.4,17.5,not_a_fox_1,,,,,,,,,,,,,,,
Other,2014-11-09 12:03:44,False,Не входящий в классификацию,11.7,,01:10:36,,,,,,"9,9","25,6",51.0,67.0,,"0,0",,No,--:--:--,,--:--:--,00:NaN:NaN,122,171,1.1766666666666667,9.943342776203965,,9.9,25.6,not_a_fox_1,,,,,,,,,,,,,,,
Running,2014-11-09 11:28:15,False,Untitled,18.73,1.542,01:46:24,,,,,,5:41,3:17,114.0,120.0,,"0,0",,No,--:--:--,,--:--:--,00:NaN:NaN,,,1.7733333333333334,10.56203007518797,,5.683333333333334,3.283333333333333,not_a_fox_1,,,,,,,,,,,,,,,
Other,2014-11-08 13:36:51,False,Не входящий в классификацию,22.65,,12:03:18,,,,,,"1,9","24,5",100.0,99.0,,"0,0",,No,--:--:--,,--:--:--,00:NaN:NaN,113,162,12.055,1.8788884280381584,,1.9,24.5,not_a_fox_1,,,,,,,,,,,,,,,
Other,2014-11-02 09:50:39,False,Не входящий в классификацию,15.31,,03:52:12,,,,,,"4,0","17,9",74.0,79.0,,"0,0",,No,--:--:--,,--:--:--,00:NaN:NaN,121,166,3.87,3.956072351421189,,4.0,17.9,not_a_fox_1,,,,,,,,,,,,,,,
Other,2014-09-27 13:56:35,False,Не входящий в классификацию,43.1,,06:52:54,,,,,,"6,3","23,5",179.0,162.0,,"0,0",,No,--:--:--,,--:--:--,00:NaN:NaN,109,181,6.881666666666667,6.263017679825624,,6.3,23.5,not_a_fox_1,,,,,,,,,,,,,,,
Running,2014-09-27 13:55:21,False,Untitled,42.5,3.472,04:17:13,,,,,,6:03,0:42,187.0,188.0,,"0,0",,No,--:--:--,,--:--:--,00:NaN:NaN,,,4.286944444444444,9.913821032851683,,6.05,0.7,not_a_fox_1,,,,,,,,,,,,,,,
Running,2014-09-24 18:08:48,False,Untitled,13.28,1.121,01:20:30,,,,,,6:04,3:06,53.0,59.0,,"0,0",,No,--:--:--,,--:--:--,00:NaN:NaN,,,1.3416666666666666,9.898136645962733,,6.066666666666666,3.1,not_a_fox_1,,,,,,,,,,,,,,,
Running,2014-09-23 17:44:21,False,Untitled,11.21,965.0,01:06:11,,,,,,5:54,3:53,40.0,41.0,,"0,0",,No,--:--:--,,--:--:--,00:NaN:NaN,,,1.1030555555555555,10.162679425837322,,5.9,3.8833333333333333,not_a_fox_1,,,,,,,,,,,,,,,
Running,2014-09-14 08:29:19,False,Untitled,12.97,1.043,01:22:15,,,,,,6:21,3:05,54.0,57.0,,"0,0",,No,--:--:--,,--:--:--,00:NaN:NaN,,,1.3708333333333333,9.461398176291794,,6.35,3.0833333333333335,not_a_fox_1,,,,,,,,,,,,,,,
Running,2014-09-13 11:01:22,False,Untitled,11.91,931.0,01:37:10,,,,,,8:09,4:53,64.0,59.0,,"0,0",,No,--:--:--,,--:--:--,00:NaN:NaN,,,1.6194444444444445,7.354373927958834,,8.15,4.883333333333333,not_a_fox_1,,,,,,,,,,,,,,,
Other,2014-09-07 09:23:34,False,Не входящий в классификацию,23.67,,05:53:46,,,,,,"4,0","19,7",117.0,123.0,,"0,0",,No,--:--:--,,--:--:--,00:NaN:NaN,122,173,5.896111111111111,4.014510505983228,,4.0,19.7,not_a_fox_1,,,,,,,,,,,,,,,
Running,2014-09-07 09:07:19,False,Untitled,25.33,1.988,03:16:05,,,,,,7:44,3:26,130.0,130.0,,"0,0",,No,--:--:--,,--:--:--,00:NaN:NaN,,,3.2680555555555557,7.75078623034424,,7.733333333333333,3.4333333333333336,not_a_fox_1,,,,,,,,,,,,,,,
Running,2014-08-30 08:17:44,False,Untitled,41.35,3.249,05:15:10,,,,,,7:37,3:04,177.0,178.0,,"0,0",,No,--:--:--,,--:--:--,00:NaN:NaN,,,5.252777777777778,7.872025383395028,,7.616666666666667,3.066666666666667,not_a_fox_1,,,,,,,,,,,,,,,
Other,2014-08-30 08:15:04,False,Не входящий в классификацию,41.42,,05:05:41,,,,,,"8,1","68,6",165.0,165.0,,"0,0",,No,--:--:--,,--:--:--,00:NaN:NaN,122,180,5.094722222222222,8.129982007524127,,8.1,68.6,not_a_fox_1,,,,,,,,,,,,,,,
Other,2014-08-17 13:50:24,False,Не входящий в классификацию,24.02,,03:03:28,,,,,,"7,9","30,9",103.0,120.0,,"0,0",,No,--:--:--,,--:--:--,00:NaN:NaN,121,180,3.057777777777778,7.855377906976743,,7.9,30.9,not_a_fox_1,,,,,,,,,,,,,,,
Running,2014-08-17 12:03:15,False,Untitled,37.2,2.954,04:49:28,,,,,,7:47,3:30,176.0,177.0,,"0,0",,No,--:--:--,,--:--:--,00:NaN:NaN,,,4.8244444444444445,7.710732381391065,,7.783333333333333,3.5,not_a_fox_1,,,,,,,,,,,,,,,
Other,2014-08-17 11:58:04,False,Не входящий в классификацию,13.65,,01:52:18,,,,,,"7,3","19,4",67.0,51.0,,"0,0",,No,--:--:--,,--:--:--,00:NaN:NaN,122,173,1.8716666666666666,7.292965271593945,,7.3,19.4,not_a_fox_1,,,,,,,,,,,,,,,
Other,2014-08-10 10:41:35,False,Не входящий в классификацию,18.11,,03:23:19,,,,,,"5,3","20,4",108.0,114.0,,"0,0",,No,--:--:--,,--:--:--,00:NaN:NaN,98,167,3.388611111111111,5.344372489548324,,5.3,20.4,not_a_fox_1,,,,,,,,,,,,,,,
Running,2014-08-02 08:33:25,False,Untitled,22.73,1.515,03:29:51,,,,,,9:14,5:20,158.0,153.0,,"0,0",,No,--:--:--,,--:--:--,00:NaN:NaN,,,3.4975,6.498927805575411,,9.233333333333333,5.333333333333333,not_a_fox_1,,,,,,,,,,,,,,,
Running,2014-07-27 08:50:54,False,Untitled,18.83,1.495,02:26:28,,,,,,7:47,3:13,104.0,99.0,,"0,0",,No,--:--:--,,--:--:--,00:NaN:NaN,,,2.4411111111111112,7.713700500682748,,7.783333333333333,3.216666666666667,not_a_fox_1,,,,,,,,,,,,,,,
Running,2014-07-19 09:57:25,False,Untitled,34.89,2.761,04:27:09,,,,,,7:40,3:24,169.0,173.0,,"0,0",,No,--:--:--,,--:--:--,00:NaN:NaN,,,4.4525,7.836047164514318,,7.666666666666667,3.4,not_a_fox_1,,,,,,,,,,,,,,,
Other,2014-07-12 08:42:29,False,Не входящий в классификацию,34.17,,03:38:31,,,,,,"9,4","25,5",141.0,176.0,,"0,0",,No,--:--:--,,--:--:--,00:NaN:NaN,122,180,3.6419444444444444,9.38235069788727,,9.4,25.5,not_a_fox_1,,,,,,,,,,,,,,,
Running,2014-07-12 07:26:30,False,Untitled,44.79,3.727,04:54:02,,,,,,6:34,3:14,181.0,181.0,,"0,0",,No,--:--:--,,--:--:--,00:NaN:NaN,,,4.900555555555556,9.139780070286815,,6.566666666666666,3.2333333333333334,not_a_fox_1,,,,,,,,,,,,,,,
Running,2014-07-11 05:20:25,False,Untitled,12.58,940.0,01:49:16,,,,,,8:41,4:29,57.0,51.0,,"0,0",,No,--:--:--,,--:--:--,00:NaN:NaN,,,1.8211111111111111,6.9078706528370954,,8.683333333333334,4.483333333333333,not_a_fox_1,,,,,,,,,,,,,,,
Running,2014-07-09 05:55:59,False,Untitled,12.32,1.027,01:28:13,,,,,,7:09,4:49,52.0,47.0,,"0,0",,No,--:--:--,,--:--:--,00:NaN:NaN,,,1.4702777777777778,8.379368977895334,,7.15,4.816666666666666,not_a_fox_1,,,,,,,,,,,,,,,
Running,2014-07-08 06:32:41,False,Untitled,12.31,1.061,01:16:34,,,,,,6:13,4:28,56.0,57.0,,"0,0",,No,--:--:--,,--:--:--,00:NaN:NaN,,,1.2761111111111112,9.6464954288202,,6.216666666666667,4.466666666666667,not_a_fox_1,,,,,,,,,,,,,,,
Running,2014-07-06 06:43:53,False,Untitled,18.97,1.264,02:45:38,,,,,,8:44,4:55,115.0,114.0,,"0,0",,No,--:--:--,,--:--:--,00:NaN:NaN,,,2.7605555555555554,6.871805192191588,,8.733333333333333,4.916666666666667,not_a_fox_1,,,,,,,,,,,,,,,
Running,2014-07-02 05:14:33,False,Untitled,12.23,1.029,01:29:26,,,,,,7:19,2:04,56.0,50.0,,"0,0",,No,--:--:--,,--:--:--,00:NaN:NaN,,,1.4905555555555556,8.204994409243383,,7.316666666666666,2.066666666666667,not_a_fox_1,,,,,,,,,,,,,,,
Running,2014-06-30 06:51:23,False,Untitled,12.25,987.0,01:32:11,,,,,,7:31,4:48,48.0,47.0,,"0,0",,No,--:--:--,,--:--:--,00:NaN:NaN,,,1.5363888888888888,7.973241728439704,,7.516666666666667,4.8,not_a_fox_1,,,,,,,,,,,,,,,
Running,2014-06-28 06:43:46,False,Untitled,18.39,1.419,02:25:02,,,,,,7:53,4:29,109.0,110.0,,"0,0",,No,--:--:--,,--:--:--,00:NaN:NaN,,,2.417222222222222,7.6079062284532295,,7.883333333333333,4.483333333333333,not_a_fox_1,,,,,,,,,,,,,,,
Other,2014-06-21 08:56:52,False,Не входящий в классификацию,24.45,,01:52:03,,,,,,"13,1","39874,3",84.0,59.0,,"0,0",,No,--:--:--,,--:--:--,00:NaN:NaN,133,175,1.8675,13.092369477911646,,13.1,39874.3,not_a_fox_1,,,,,,,,,,,,,,,
Running,2014-06-21 07:12:15,False,Untitled,35.95,2.462,05:17:05,,,,,,8:49,4:26,188.0,187.0,,"0,0",,No,--:--:--,,--:--:--,00:NaN:NaN,,,5.284722222222222,6.802628120893561,,8.816666666666666,4.433333333333334,not_a_fox_1,,,,,,,,,,,,,,,
Running,2014-06-15 17:05:36,False,Untitled,11.68,870.0,01:46:32,,,,,,9:07,2:03,70.0,70.0,,"0,0",,No,--:--:--,,--:--:--,00:NaN:NaN,,,1.7755555555555556,6.578222778473092,,9.116666666666667,2.05,not_a_fox_1,,,,,,,,,,,,,,,
Other,2014-06-14 06:12:34,False,Не входящий в классификацию,36.27,,10:34:48,,,,,,"3,4","211,6",170.0,170.0,,"0,0",,No,--:--:--,,--:--:--,00:NaN:NaN,122,177,10.58,3.4281663516068055,,3.4,211.6,not_a_fox_1,,,,,,,,,,,,,,,
Running,2014-06-14 06:11:02,False,Untitled,30.43,2.425,04:13:34,,,,,,8:20,2:47,159.0,121.0,,"0,0",,No,--:--:--,,--:--:--,00:NaN:NaN,,,4.226111111111111,7.200473248323912,,8.333333333333334,2.783333333333333,not_a_fox_1,,,,,,,,,,,,,,,
Running,2014-06-11 05:29:17,False,Untitled,12.09,946.0,01:34:19,,,,,,7:48,5:14,50.0,54.0,,"0,0",,No,--:--:--,,--:--:--,00:NaN:NaN,,,1.5719444444444444,7.691111503799258,,7.8,5.233333333333333,not_a_fox_1,,,,,,,,,,,,,,,
Running,2014-06-01 10:13:02,False,Untitled,33.27,2.69,03:57:26,,,,,,7:08,2:44,174.0,170.0,,"0,0",,No,--:--:--,,--:--:--,00:NaN:NaN,,,3.957222222222222,8.407412607047593,,7.133333333333334,2.7333333333333334,not_a_fox_1,,,,,,,,,,,,,,,
Other,2014-06-01 10:01:04,False,Не входящий в классификацию,34.82,,04:03:10,,,,,,"8,6","176,9",169.0,168.0,,"0,0",,No,--:--:--,,--:--:--,00:NaN:NaN,122,177,4.052777777777778,8.59163810829335,,8.6,176.9,not_a_fox_1,,,,,,,,,,,,,,,
Running,2014-05-28 05:27:36,False,Untitled,12.44,1.046,01:28:42,,,,,,7:08,5:18,58.0,52.0,,"0,0",,No,--:--:--,,--:--:--,00:NaN:NaN,,,1.4783333333333333,8.414881623449832,,7.133333333333334,5.3,not_a_fox_1,,,,,,,,,,,,,,,
Running,2014-05-21 05:19:04,False,Untitled,13.09,1.086,01:14:07,,,,,,5:40,3:06,57.0,62.0,,"0,0",,No,--:--:--,,--:--:--,00:NaN:NaN,,,1.2352777777777777,10.59680683606926,,5.666666666666667,3.1,not_a_fox_1,,,,,,,,,,,,,,,
Running,2014-05-18 07:32:47,False,Untitled,13.13,1.044,01:39:04,,,,,,7:33,3:55,73.0,69.0,,"0,0",,No,--:--:--,,--:--:--,00:NaN:NaN,,,1.6511111111111112,7.952220726783311,,7.55,3.9166666666666665,not_a_fox_1,,,,,,,,,,,,,,,
Running,2014-05-11 05:58:36,False,Untitled,12.24,976.0,01:32:21,,,,,,7:32,5:10,62.0,58.0,,"0,0",,No,--:--:--,,--:--:--,00:NaN:NaN,,,1.5391666666666666,7.952355170546833,,7.533333333333333,5.166666666666667,not_a_fox_1,,,,,,,,,,,,,,,
Running,2014-05-10 07:17:39,False,Untitled,11.66,991.0,01:13:23,,,,,,6:18,4:21,54.0,55.0,,"0,0",,No,--:--:--,,--:--:--,00:NaN:NaN,,,1.2230555555555556,9.533499886441064,,6.3,4.35,not_a_fox_1,,,,,,,,,,,,,,,
Running,2014-05-06 05:43:49,False,Untitled,12.34,1.042,01:23:40,,,,,,6:47,4:19,48.0,44.0,,"0,0",,No,--:--:--,,--:--:--,00:NaN:NaN,,,1.3944444444444444,8.849402390438247,,6.783333333333333,4.316666666666666,not_a_fox_1,,,,,,,,,,,,,,,
Running,2014-05-03 07:23:20,False,Untitled,11.41,965.0,01:20:15,,,,,,7:02,4:57,49.0,51.0,,"0,0",,No,--:--:--,,--:--:--,00:NaN:NaN,,,1.3375,8.530841121495328,,7.033333333333333,4.95,not_a_fox_1,,,,,,,,,,,,,,,
Running,2014-05-01 09:36:27,False,Untitled,28.31,2.243,03:19:05,,,,,,7:02,2:44,144.0,140.0,,"0,0",,No,--:--:--,,--:--:--,00:NaN:NaN,,,3.3180555555555555,8.532105483465886,,7.033333333333333,2.7333333333333334,not_a_fox_1,,,,,,,,,,,,,,,
Other,2014-05-01 09:33:34,False,Не входящий в классификацию,28.64,,03:19:59,,,,,,"8,6","128,4",145.0,145.0,,"0,0",,No,--:--:--,,--:--:--,00:NaN:NaN,122,174,3.3330555555555557,8.59271605967164,,8.6,128.4,not_a_fox_1,,,,,,,,,,,,,,,
Running,2014-04-27 16:15:10,False,Untitled,19.71,1.597,02:00:50,,,,,,6:08,1:52,90.0,92.0,,"0,0",,No,--:--:--,,--:--:--,00:NaN:NaN,,,2.013888888888889,9.78703448275862,,6.133333333333334,1.8666666666666667,not_a_fox_1,,,,,,,,,,,,,,,
Running,2014-04-26 06:05:28,False,Untitled,11.88,982.0,01:26:29,,,,,,7:17,5:08,53.0,52.0,,"0,0",,No,--:--:--,,--:--:--,00:NaN:NaN,,,1.4413888888888888,8.242050491424168,,7.283333333333333,5.133333333333334,not_a_fox_1,,,,,,,,,,,,,,,
Running,2014-04-25 06:10:35,False,Untitled,14.58,1.186,01:48:16,,,,,,7:25,4:30,73.0,74.0,,"0,0",,No,--:--:--,,--:--:--,00:NaN:NaN,,,1.8044444444444445,8.080049261083744,,7.416666666666667,4.5,not_a_fox_1,,,,,,,,,,,,,,,
Running,2014-04-24 06:08:46,False,Untitled,12.3,1.046,01:24:37,,,,,,6:53,5:13,56.0,50.0,,"0,0",,No,--:--:--,,--:--:--,00:NaN:NaN,,,1.4102777777777777,8.721686035060076,,6.883333333333333,5.216666666666667,not_a_fox_1,,,,,,,,,,,,,,,
Other,2014-04-21 07:26:58,False,Не входящий в классификацию,49.4,,05:22:34,,,,,,"9,2","55,7",222.0,211.0,,"0,0",,No,--:--:--,,--:--:--,00:NaN:NaN,122,183,5.376111111111111,9.188798181254521,,9.2,55.7,not_a_fox_1,,,,,,,,,,,,,,,
Running,2014-04-21 07:23:32,False,Untitled,49.74,3.966,05:26:01,,,,,,6:33,2:24,233.0,229.0,,"0,0",,No,--:--:--,,--:--:--,00:NaN:NaN,,,5.433611111111111,9.154133224272787,,6.55,2.4,not_a_fox_1,,,,,,,,,,,,,,,
Running,2014-04-20 15:03:02,False,Untitled,12.16,950.0,01:32:10,,,,,,7:35,3:46,60.0,61.0,,"0,0",,No,--:--:--,,--:--:--,00:NaN:NaN,,,1.5361111111111112,7.916094032549728,,7.583333333333333,3.7666666666666666,not_a_fox_1,,,,,,,,,,,,,,,
Running,2014-04-09 17:18:44,False,Untitled,12.2,1.042,01:20:24,,,,,,6:35,4:53,58.0,58.0,,"0,0",,No,--:--:--,,--:--:--,00:NaN:NaN,,,1.34,9.104477611940297,,6.583333333333333,4.883333333333333,not_a_fox_1,,,,,,,,,,,,,,,
Other,2014-04-06 10:18:34,False,Не входящий в классификацию,17.08,,01:12:03,,,,,,"14,2","36607,7",41.0,8.0,,"0,0",,No,--:--:--,,--:--:--,00:NaN:NaN,133,167,1.2008333333333334,14.223455933379595,,14.2,36607.7,not_a_fox_1,,,,,,,,,,,,,,,
Running,2014-04-06 08:35:43,False,Untitled,40.37,3.168,05:10:59,,,,,,7:42,3:13,184.0,183.0,,"0,0",,No,--:--:--,,--:--:--,00:NaN:NaN,,,5.183055555555556,7.788841845758078,,7.7,3.216666666666667,not_a_fox_1,,,,,,,,,,,,,,,
Running,2014-04-05 08:08:41,False,Untitled,12.23,1.002,01:28:34,,,,,,7:14,5:36,52.0,50.0,,"0,0",,No,--:--:--,,--:--:--,00:NaN:NaN,,,1.4761111111111112,8.2852841550621,,7.233333333333333,5.6,not_a_fox_1,,,,,,,,,,,,,,,
Running,2014-03-30 08:24:48,False,Untitled,12.1,938.0,01:34:16,,,,,,7:47,5:52,50.0,49.0,,"0,0",,No,--:--:--,,--:--:--,00:NaN:NaN,,,1.5711111111111111,7.701555869872701,,7.783333333333333,5.866666666666667,not_a_fox_1,,,,,,,,,,,,,,,
Running,2014-03-29 07:55:28,False,Untitled,58.51,4.689,06:34:54,,,,,,6:45,2:36,676.0,678.0,,"0,0",,No,--:--:--,,--:--:--,00:NaN:NaN,,,6.581666666666667,8.889845530514053,,6.75,2.6,not_a_fox_1,,,,,,,,,,,,,,,
Other,2014-03-29 07:51:52,False,Не входящий в классификацию,61.18,,11:33:11,,,,,,"5,3","94,6",363.0,363.0,,"0,0",,No,--:--:--,,--:--:--,00:NaN:NaN,116,174,11.553055555555556,5.295568752855185,,5.3,94.6,not_a_fox_1,,,,,,,,,,,,,,,
Running,2014-03-23 08:28:39,False,Untitled,13.11,1.088,01:17:30,,,,,,5:55,1:51,249.0,91.0,,"0,0",,No,--:--:--,,--:--:--,00:NaN:NaN,,,1.2916666666666667,10.149677419354838,,5.916666666666667,1.85,not_a_fox_1,,,,,,,,,,,,,,,
Other,2014-03-23 08:24:55,False,Не входящий в классификацию,13.2,,01:20:28,,,,,,"9,8","21,9",52.0,48.0,,"0,0",,No,--:--:--,,--:--:--,00:NaN:NaN,120,153,1.3411111111111111,9.84258492129246,,9.8,21.9,not_a_fox_1,,,,,,,,,,,,,,,
Running,2014-03-22 07:29:00,False,Untitled,35.51,2.858,03:36:44,,,,,,6:06,2:07,336.0,318.0,,"0,0",,No,--:--:--,,--:--:--,00:NaN:NaN,,,3.612222222222222,9.830513688095971,,6.1,2.1166666666666667,not_a_fox_1,,,,,,,,,,,,,,,
Other,2014-03-22 07:28:23,False,Не входящий в классификацию,35.6,,03:37:25,,,,,,"9,8","33,0",174.0,169.0,,"0,0",,No,--:--:--,,--:--:--,00:NaN:NaN,121,175,3.623611111111111,9.824453813721734,,9.8,33.0,not_a_fox_1,,,,,,,,,,,,,,,
Other,2014-03-15 07:27:04,False,Не входящий в классификацию,19.01,,01:59:32,,,,,,"9,5","154,1",81.0,80.0,,"0,0",,No,--:--:--,,--:--:--,00:NaN:NaN,122,173,1.9922222222222221,9.542108198549917,,9.5,154.1,not_a_fox_1,,,,,,,,,,,,,,,
Running,2014-03-09 09:57:08,False,Untitled,15.39,1.28,01:34:48,,,,,,6:10,2:55,157.0,143.0,,"0,0",,No,--:--:--,,--:--:--,00:NaN:NaN,,,1.58,9.740506329113924,,6.166666666666667,2.9166666666666665,not_a_fox_1,,,,,,,,,,,,,,,
Other,2014-03-09 09:55:17,False,Не входящий в классификацию,17.89,,06:53:36,,,,,,"2,6","20,2",89.0,93.0,,"0,0",,No,--:--:--,,--:--:--,00:NaN:NaN,121,160,6.8933333333333335,2.5952611218568666,,2.6,20.2,not_a_fox_1,,,,,,,,,,,,,,,
Running,2014-03-08 13:48:09,False,Untitled,3.37,294.0,00:19:48,,,,,,5:52,4:04,37.0,25.0,,"0,0",,No,--:--:--,,--:--:--,00:NaN:NaN,,,0.33,10.212121212121213,,5.866666666666667,4.066666666666666,not_a_fox_1,,,,,,,,,,,,,,,
Running,2014-02-22 09:28:59,False,Untitled,23.01,1.624,03:09:49,,,,,,8:15,5:35,127.0,126.0,,"0,0",,No,--:--:--,,--:--:--,00:NaN:NaN,,,3.163611111111111,7.273333918693477,,8.25,5.583333333333333,not_a_fox_1,,,,,,,,,,,,,,,
Running,2014-02-20 15:51:39,False,Untitled,11.38,906.0,01:25:35,,,,,,7:31,5:11,42.0,46.0,,"0,0",,No,--:--:--,,--:--:--,00:NaN:NaN,,,1.426388888888889,7.978188899707887,,7.516666666666667,5.183333333333334,not_a_fox_1,,,,,,,,,,,,,,,
Running,2014-02-15 10:27:47,False,Untitled,12.02,922.0,01:33:27,,,,,,7:46,5:40,128.0,118.0,,"0,0",,No,--:--:--,,--:--:--,00:NaN:NaN,,,1.5575,7.717495987158908,,7.766666666666667,5.666666666666667,not_a_fox_1,,,,,,,,,,,,,,,
Running,2014-02-09 09:51:31,False,Untitled,12.22,880.0,01:43:03,,,,,,8:26,3:56,61.0,61.0,,"0,0",,No,--:--:--,,--:--:--,00:NaN:NaN,,,1.7175,7.114992721979622,,8.433333333333334,3.9333333333333336,not_a_fox_1,,,,,,,,,,,,,,,
Running,2014-02-08 09:27:29,False,Untitled,11.18,905.0,01:16:51,,,,,,6:53,3:49,44.0,49.0,,"0,0",,No,--:--:--,,--:--:--,00:NaN:NaN,,,1.2808333333333333,8.728692257644763,,6.883333333333333,3.8166666666666664,not_a_fox_1,,,,,,,,,,,,,,,
Running,2014-01-18 08:40:13,False,Untitled,12.14,990.0,01:30:08,,,,,,7:25,5:07,57.0,57.0,,"0,0",,No,--:--:--,,--:--:--,00:NaN:NaN,,,1.5022222222222221,8.081360946745564,,7.416666666666667,5.116666666666666,not_a_fox_1,,,,,,,,,,,,,,,
Running,2014-01-12 10:03:54,False,Untitled,12.35,928.0,01:37:08,,,,,,7:52,4:24,140.0,132.0,,"0,0",,No,--:--:--,,--:--:--,00:NaN:NaN,,,1.6188888888888888,7.628689087165409,,7.866666666666667,4.4,not_a_fox_1,,,,,,,,,,,,,,,
Running,2014-01-07 10:37:19,False,Untitled,12.28,991.0,01:38:24,,,,,,8:01,4:14,135.0,118.0,,"0,0",,No,--:--:--,,--:--:--,00:NaN:NaN,,,1.64,7.487804878048781,,8.016666666666667,4.233333333333333,not_a_fox_1,,,,,,,,,,,,,,,
Running,2014-01-06 10:34:16,False,Untitled,14.5,991.0,02:01:18,,,,,,8:22,5:17,167.0,157.0,,"0,0",,No,--:--:--,,--:--:--,00:NaN:NaN,,,2.0216666666666665,7.172300082440231,,8.366666666666667,5.283333333333333,not_a_fox_1,,,,,,,,,,,,,,,
Running,2014-01-05 08:38:09,False,Untitled,12.15,883.0,01:42:13,,,,,,8:25,5:35,191.0,143.0,,"0,0",,No,--:--:--,,--:--:--,00:NaN:NaN,,,1.7036111111111112,7.13190934289907,,8.416666666666666,5.583333333333333,not_a_fox_1,,,,,,,,,,,,,,,
Running,2014-01-04 09:53:08,False,Untitled,17.2,1.474,01:46:52,,,,,,6:13,3:19,152.0,159.0,,"0,0",,No,--:--:--,,--:--:--,00:NaN:NaN,,,1.781111111111111,9.656893325015595,,6.216666666666667,3.3166666666666664,not_a_fox_1,,,,,,,,,,,,,,,
Running,2014-01-02 10:26:26,False,Untitled,13.49,1.133,01:28:45,,,,,,6:35,4:09,79.0,76.0,,"0,0",,No,--:--:--,,--:--:--,00:NaN:NaN,,,1.4791666666666667,9.12,,6.583333333333333,4.15,not_a_fox_1,,,,,,,,,,,,,,,
Running,2014-01-01 12:43:58,False,Untitled,9.64,661.0,01:18:35,,,,,,8:09,5:56,98.0,107.0,,"0,0",,No,--:--:--,,--:--:--,00:NaN:NaN,,,1.3097222222222222,7.360339342523861,,8.15,5.933333333333334,not_a_fox_1,,,,,,,,,,,,,,,
Running,2013-12-31 08:02:27,False,Untitled,12.78,1.076,01:16:26,,,,,,5:59,1:09,83.0,80.0,,"0,0",,No,--:--:--,,--:--:--,00:NaN:NaN,,,1.2738888888888888,10.03227213257741,,5.983333333333333,1.15,not_a_fox_1,,,,,,,,,,,,,,,
Running,2013-12-29 09:28:45,False,Untitled,12.91,1.038,01:38:31,,,,,,7:38,4:54,58.0,64.0,,"0,0",,No,--:--:--,,--:--:--,00:NaN:NaN,,,1.6419444444444444,7.862628996785654,,7.633333333333333,4.9,not_a_fox_1,,,,,,,,,,,,,,,
Running,2013-12-28 09:09:03,False,Untitled,15.19,1.184,01:55:26,,,,,,7:36,4:47,63.0,53.0,,"0,0",,No,--:--:--,,--:--:--,00:NaN:NaN,,,1.923888888888889,7.89546635864857,,7.6,4.783333333333333,not_a_fox_1,,,,,,,,,,,,,,,
Running,2013-12-21 10:43:37,False,Untitled,20.24,1.622,02:34:47,,,,,,7:39,1:31,200.0,140.0,,"0,0",,No,--:--:--,,--:--:--,00:NaN:NaN,,,2.5797222222222222,7.845805965327877,,7.65,1.5166666666666666,not_a_fox_1,,,,,,,,,,,,,,,
Running,2013-12-19 06:20:15,False,Untitled,12.39,1.032,01:37:06,,,,,,7:50,4:34,47.0,47.0,,"0,0",,No,--:--:--,,--:--:--,00:NaN:NaN,,,1.6183333333333334,7.656024716786818,,7.833333333333333,4.566666666666666,not_a_fox_1,,,,,,,,,,,,,,,
Running,2013-12-14 07:45:05,False,Untitled,18.81,1.493,02:25:06,,,,,,7:43,4:20,70.0,68.0,,"0,0",,No,--:--:--,,--:--:--,00:NaN:NaN,,,2.4183333333333334,7.778084079944865,,7.716666666666667,4.333333333333333,not_a_fox_1,,,,,,,,,,,,,,,
Running,2013-12-08 09:51:05,False,Untitled,9.22,685.0,01:22:07,,,,,,8:54,4:20,52.0,50.0,,"0,0",,No,--:--:--,,--:--:--,00:NaN:NaN,,,1.368611111111111,6.736756647046885,,8.9,4.333333333333333,not_a_fox_1,,,,,,,,,,,,,,,
Running,2013-12-07 09:10:12,False,Untitled,19.85,1.652,02:09:41,,,,,,6:32,4:31,103.0,102.0,,"0,0",,No,--:--:--,,--:--:--,00:NaN:NaN,,,2.161388888888889,9.183909523197533,,6.533333333333333,4.516666666666667,not_a_fox_1,,,,,,,,,,,,,,,
Running,2013-12-01 09:21:46,False,Untitled,13.48,1.137,01:39:05,,,,,,7:21,4:24,64.0,64.0,,"0,0",,No,--:--:--,,--:--:--,00:NaN:NaN,,,1.6513888888888888,8.16282590412111,,7.35,4.4,not_a_fox_1,,,,,,,,,,,,,,,
Running,2013-11-30 09:51:00,False,Untitled,7.3,429.0,01:46:03,,,,,,14:32,7:37,59.0,53.0,,"0,0",,No,--:--:--,,--:--:--,00:NaN:NaN,,,1.7675,4.13012729844413,,14.533333333333333,7.616666666666667,not_a_fox_1,,,,,,,,,,,,,,,
Running,2013-11-17 07:52:50,False,Untitled,17.6,1.42,02:11:04,,,,,,7:27,4:01,72.0,73.0,,"0,0",,No,--:--:--,,--:--:--,00:NaN:NaN,,,2.1844444444444444,8.056968463886063,,7.45,4.016666666666667,not_a_fox_1,,,,,,,,,,,,,,,
Running,2013-11-09 06:54:14,False,Untitled,28.73,2.398,03:27:10,,,,,,7:13,4:22,338.0,337.0,,"0,0",,No,--:--:--,,--:--:--,00:NaN:NaN,,,3.452777777777778,8.320836685438454,,7.216666666666667,4.366666666666666,not_a_fox_1,,,,,,,,,,,,,,,
Running,2013-11-08 06:13:51,False,Untitled,12.2,1.047,01:24:54,,,,,,6:58,4:00,276.0,76.0,,"0,0",,No,--:--:--,,--:--:--,00:NaN:NaN,,,1.415,8.62190812720848,,6.966666666666667,4.0,not_a_fox_1,,,,,,,,,,,,,,,
Running,2013-11-06 06:34:40,False,Untitled,11.98,1.012,01:23:58,,,,,,7:01,5:08,44.0,41.0,,"0,0",,No,--:--:--,,--:--:--,00:NaN:NaN,,,1.3994444444444445,8.560539896784439,,7.016666666666667,5.133333333333334,not_a_fox_1,,,,,,,,,,,,,,,
Running,2013-11-04 06:32:29,False,Untitled,11.95,1.023,01:20:34,,,,,,6:45,2:07,81.0,76.0,,"0,0",,No,--:--:--,,--:--:--,00:NaN:NaN,,,1.3427777777777778,8.899462143152668,,6.75,2.1166666666666667,not_a_fox_1,,,,,,,,,,,,,,,
Running,2013-11-02 09:32:07,False,Untitled,17.42,1.413,02:05:27,,,,,,7:12,4:37,78.0,74.0,,"0,0",,No,--:--:--,,--:--:--,00:NaN:NaN,,,2.0908333333333333,8.331606217616581,,7.2,4.616666666666667,not_a_fox_1,,,,,,,,,,,,,,,
Running,2013-10-31 06:20:23,False,Untitled,11.72,990.0,01:18:23,,,,,,6:41,4:21,70.0,70.0,,"0,0",,No,--:--:--,,--:--:--,00:NaN:NaN,,,1.3063888888888888,8.97129491813736,,6.683333333333334,4.35,not_a_fox_1,,,,,,,,,,,,,,,
Running,2013-10-29 06:23:25,False,Untitled,11.46,975.0,01:19:03,,,,,,6:54,5:21,54.0,54.0,,"0,0",,No,--:--:--,,--:--:--,00:NaN:NaN,,,1.3175,8.698292220113853,,6.9,5.35,not_a_fox_1,,,,,,,,,,,,,,,
Running,2013-10-28 05:47:44,False,Untitled,12.16,1.032,01:24:45,,,,,,6:58,5:17,47.0,42.0,,"0,0",,No,--:--:--,,--:--:--,00:NaN:NaN,,,1.4125,8.608849557522124,,6.966666666666667,5.283333333333333,not_a_fox_1,,,,,,,,,,,,,,,
Running,2013-10-19 10:45:19,False,Untitled,21.08,1.751,02:25:06,,,,,,6:53,4:11,89.0,88.0,,"0,0",,No,--:--:--,,--:--:--,00:NaN:NaN,,,2.4183333333333334,8.716747070985527,,6.883333333333333,4.183333333333334,not_a_fox_1,,,,,,,,,,,,,,,
Running,2013-10-15 06:10:55,False,Untitled,12.83,1.148,01:29:36,,,,,,6:59,2:55,83.908,83.878,,"0,0",,No,--:--:--,,--:--:--,00:NaN:NaN,,,1.4933333333333334,8.591517857142858,,6.983333333333333,2.9166666666666665,not_a_fox_1,,,,,,,,,,,,,,,
Running,2013-10-14 06:20:30,False,Untitled,11.39,1.004,01:24:42,,,,,,7:26,3:40,889.0,889.0,,"0,0",,No,--:--:--,,--:--:--,00:NaN:NaN,,,1.4116666666666666,8.068476977567887,,7.433333333333334,3.6666666666666665,not_a_fox_1,,,,,,,,,,,,,,,
Running,2013-10-12 14:41:48,False,Untitled,2.36,205.0,00:12:44,,,,,,5:24,2:16,45.0,47.0,,"0,0",,No,--:--:--,,--:--:--,00:NaN:NaN,,,0.21222222222222223,11.120418848167539,,5.4,2.2666666666666666,not_a_fox_1,,,,,,,,,,,,,,,
Running,2013-10-11 06:31:54,False,Untitled,10.13,846.0,01:12:34,,,,,,7:10,4:53,47.0,46.0,,"0,0",,No,--:--:--,,--:--:--,00:NaN:NaN,,,1.2094444444444445,8.375746440055122,,7.166666666666667,4.883333333333333,not_a_fox_1,,,,,,,,,,,,,,,
Running,2013-10-10 06:31:06,False,Untitled,12.13,1.028,01:20:43,,,,,,6:39,4:06,49.0,44.0,,"0,0",,No,--:--:--,,--:--:--,00:NaN:NaN,,,1.3452777777777778,9.016725170348957,,6.65,4.1,not_a_fox_1,,,,,,,,,,,,,,,
Running,2013-10-09 06:26:46,False,Untitled,11.97,1.029,01:21:50,,,,,,6:50,1:16,42.0,38.0,,"0,0",,No,--:--:--,,--:--:--,00:NaN:NaN,,,1.363888888888889,8.776374745417515,,6.833333333333333,1.2666666666666666,not_a_fox_1,,,,,,,,,,,,,,,
Running,2013-10-08 06:18:13,False,Untitled,12.17,1.04,01:20:33,,,,,,6:37,4:18,41.0,37.0,,"0,0",,No,--:--:--,,--:--:--,00:NaN:NaN,,,1.3425,9.065176908752328,,6.616666666666667,4.3,not_a_fox_1,,,,,,,,,,,,,,,
Running,2013-10-07 06:12:16,False,Untitled,13.41,1.157,01:20:52,,,,,,6:02,2:54,49.0,49.0,,"0,0",,No,--:--:--,,--:--:--,00:NaN:NaN,,,1.3477777777777777,9.949711459192086,,6.033333333333333,2.9,not_a_fox_1,,,,,,,,,,,,,,,
Running,2013-10-02 06:17:50,False,Untitled,13.44,1.135,01:35:28,,,,,,7:06,3:57,95.0,95.0,,"0,0",,No,--:--:--,,--:--:--,00:NaN:NaN,,,1.5911111111111111,8.446927374301675,,7.1,3.95,not_a_fox_1,,,,,,,,,,,,,,,
Running,2013-10-01 17:56:37,False,Untitled,12.0,1.028,01:03:33,,,,,,5:18,3:46,42.0,42.0,,"0,0",,No,--:--:--,,--:--:--,00:NaN:NaN,134,161,1.0591666666666666,11.329661683713612,,5.3,3.7666666666666666,not_a_fox_1,,,,,,,,,,,,,,,
Running,2013-09-30 06:03:12,False,Untitled,12.23,1.02,01:25:23,,,,,,6:59,4:07,47.0,41.0,,"0,0",,No,--:--:--,,--:--:--,00:NaN:NaN,134,171,1.4230555555555555,8.594183095842281,,6.983333333333333,4.116666666666666,not_a_fox_1,,,,,,,,,,,,,,,
Running,2013-09-29 07:39:44,False,Untitled,12.85,1.083,01:31:21,,,,,,7:07,3:07,81.0,85.0,,"0,0",,No,--:--:--,,--:--:--,00:NaN:NaN,122,171,1.5225,8.440065681444992,,7.116666666666666,3.1166666666666667,not_a_fox_1,,,,,,,,,,,,,,,
Running,2013-09-26 05:42:07,False,Untitled,12.27,971.0,01:36:20,,,,,,7:51,5:12,68.0,68.0,,"0,0",,No,--:--:--,,--:--:--,00:NaN:NaN,134,174,1.6055555555555556,7.6422145328719715,,7.85,5.2,not_a_fox_1,,,,,,,,,,,,,,,
Running,2013-09-25 06:30:19,False,Untitled,12.31,1.029,01:31:36,,,,,,7:26,4:31,189.0,190.0,,"0,0",,No,--:--:--,,--:--:--,00:NaN:NaN,36,179,1.5266666666666666,8.063318777292578,,7.433333333333334,4.516666666666667,not_a_fox_1,,,,,,,,,,,,,,,
Running,2013-09-22 08:24:23,False,Untitled,35.7,1.992,04:53:49,125,210,,,,8:14,4:44,156.0,154.0,,"0,0",,No,--:--:--,,--:--:--,00:NaN:NaN,,,4.896944444444444,7.290260366441659,,8.233333333333333,4.733333333333333,not_a_fox_1,,,,,,,,,,,,,,,
Running,2013-09-18 14:43:52,False,Untitled,0.0,,"00:00:01,6",,,,,,,,,,,"0,0",,No,--:--:--,,--:--:--,00:NaN:NaN,,,0.0044444444444444444,0.0,,,,not_a_fox_1,,,,,,,,,,,,,,,
Running,2013-09-15 07:23:44,False,Untitled,11.51,966.0,01:13:26,,,,,,6:23,3:17,44.0,51.0,,"0,0",,No,--:--:--,,--:--:--,00:NaN:NaN,,,1.2238888888888888,9.404448479346346,,6.383333333333334,3.283333333333333,not_a_fox_1,,,,,,,,,,,,,,,
Running,2013-09-14 18:26:23,False,Untitled,15.03,1.267,01:17:04,,,,,,5:08,2:58,50.0,49.0,,"0,0",,No,--:--:--,,--:--:--,00:NaN:NaN,,,1.2844444444444445,11.701557093425604,,5.133333333333334,2.966666666666667,not_a_fox_1,,,,,,,,,,,,,,,
Running,2013-09-11 18:27:14,False,Untitled,12.91,1.08,01:18:45,,,,,,6:06,3:05,60.0,59.0,,"0,0",,No,--:--:--,,--:--:--,00:NaN:NaN,,,1.3125,9.836190476190476,,6.1,3.0833333333333335,not_a_fox_1,,,,,,,,,,,,,,,
Running,2013-09-10 05:29:52,False,Untitled,12.89,761.0,01:27:32,124,149,,,,6:47,4:32,102.0,102.0,,"0,0",,No,--:--:--,,--:--:--,00:NaN:NaN,,,1.458888888888889,8.835491241431836,,6.783333333333333,4.533333333333333,not_a_fox_1,,,,,,,,,,,,,,,
Running,2013-09-08 07:11:57,False,Untitled,53.26,4.358,05:44:52,,,,,,6:29,0:29,304.0,300.0,,"0,0",,No,--:--:--,,--:--:--,00:NaN:NaN,,,5.747777777777777,9.26618983181906,,6.483333333333333,0.48333333333333334,not_a_fox_1,,,,,,,,,,,,,,,
Running,2013-09-07 07:19:23,False,Untitled,23.22,1.805,03:30:48,,,,,,9:05,3:27,130.0,119.0,,"0,0",,No,--:--:--,,--:--:--,00:NaN:NaN,,,3.513333333333333,6.60910815939279,,9.083333333333334,3.45,not_a_fox_1,,,,,,,,,,,,,,,
Running,2013-09-02 06:14:06,False,Untitled,12.25,978.0,01:34:05,,,,,,7:41,5:09,64.0,60.0,,"0,0",,No,--:--:--,,--:--:--,00:NaN:NaN,,,1.5680555555555555,7.812223206377325,,7.683333333333334,5.15,not_a_fox_1,,,,,,,,,,,,,,,
Running,2013-09-01 07:29:21,False,Untitled,16.99,1.226,02:28:23,,,,,,8:44,4:47,70.0,68.0,,"0,0",,No,--:--:--,,--:--:--,00:NaN:NaN,,,2.4730555555555553,6.870043805458834,,8.733333333333333,4.783333333333333,not_a_fox_1,,,,,,,,,,,,,,,
Running,2013-08-31 06:11:05,False,Untitled,12.34,676.0,01:52:34,105,125,,,,9:07,6:05,141.0,139.0,,"0,0",,No,--:--:--,,--:--:--,00:NaN:NaN,,,1.876111111111111,6.577435593722239,,9.116666666666667,6.083333333333333,not_a_fox_1,,,,,,,,,,,,,,,
Running,2013-08-26 06:37:39,False,Untitled,14.04,1.077,01:49:37,,,,,,7:49,5:16,51.0,47.0,,"0,0",,No,--:--:--,,--:--:--,00:NaN:NaN,,,1.8269444444444445,7.684962748973696,,7.816666666666666,5.266666666666667,not_a_fox_1,,,,,,,,,,,,,,,
Running,2013-08-24 06:21:44,False,Untitled,42.38,2.208,05:28:51,112,146,,,,7:46,2:29,218.0,218.0,,"0,0",,No,--:--:--,,--:--:--,00:NaN:NaN,,,5.480833333333333,7.732400790634029,,7.766666666666667,2.4833333333333334,not_a_fox_1,,,,,,,,,,,,,,,
Running,2013-08-23 06:09:46,False,Untitled,11.95,918.0,01:33:28,,,,,,7:49,5:25,46.0,51.0,,"0,0",,No,--:--:--,,--:--:--,00:NaN:NaN,,,1.5577777777777777,7.671184022824536,,7.816666666666666,5.416666666666667,not_a_fox_1,,,,,,,,,,,,,,,
Running,2013-08-20 05:36:27,False,Untitled,12.24,972.0,01:33:30,,,,,,7:38,5:12,56.0,56.0,,"0,0",,No,--:--:--,,--:--:--,00:NaN:NaN,,,1.5583333333333333,7.8545454545454545,,7.633333333333333,5.2,not_a_fox_1,,,,,,,,,,,,,,,
Running,2013-08-19 05:28:58,False,Untitled,12.65,498.0,01:49:10,103,122,,,,8:38,6:01,210.0,209.0,,"0,0",,No,--:--:--,,--:--:--,00:NaN:NaN,,,1.8194444444444444,6.952671755725191,,8.633333333333333,6.016666666666667,not_a_fox_1,,,,,,,,,,,,,,,
Running,2013-08-17 05:47:09,False,Untitled,19.38,836.0,02:25:47,110,139,,,,7:31,4:34,128.0,103.0,,"0,0",,No,--:--:--,,--:--:--,00:NaN:NaN,,,2.4297222222222223,7.9762204184291745,,7.516666666666667,4.566666666666666,not_a_fox_1,,,,,,,,,,,,,,,
Running,2013-08-15 06:14:31,False,Untitled,12.32,514.0,01:34:44,108,124,,,,7:41,2:09,43.0,38.0,,"0,0",,No,--:--:--,,--:--:--,00:NaN:NaN,,,1.5788888888888888,7.802955665024632,,7.683333333333334,2.15,not_a_fox_1,,,,,,,,,,,,,,,
Running,2013-08-14 06:13:38,False,Untitled,12.31,961.0,01:33:59,,,,,,7:38,5:25,43.0,40.0,,"0,0",,No,--:--:--,,--:--:--,00:NaN:NaN,,,1.5663888888888888,7.858840219897146,,7.633333333333333,5.416666666666667,not_a_fox_1,,,,,,,,,,,,,,,
Running,2013-08-13 06:08:04,False,Untitled,12.21,1.021,01:29:48,,,,,,7:21,3:05,86.0,86.0,,"0,0",,No,--:--:--,,--:--:--,00:NaN:NaN,,,1.4966666666666666,8.158129175946549,,7.35,3.0833333333333335,not_a_fox_1,,,,,,,,,,,,,,,
Running,2013-08-10 07:40:05,False,Untitled,28.41,1.642,03:48:28,113,137,,,,8:03,4:44,231.0,226.0,,"0,0",,No,--:--:--,,--:--:--,00:NaN:NaN,,,3.807777777777778,7.461044645462503,,8.05,4.733333333333333,not_a_fox_1,,,,,,,,,,,,,,,
Running,2013-08-09 06:14:16,False,Untitled,11.41,922.0,01:27:01,,,,,,7:37,4:48,46.0,42.0,,"0,0",,No,--:--:--,,--:--:--,00:NaN:NaN,,,1.4502777777777778,7.867458341313925,,7.616666666666667,4.8,not_a_fox_1,,,,,,,,,,,,,,,
Running,2013-08-08 05:49:52,False,Untitled,12.37,1.063,01:24:49,,,,,,6:51,4:24,165.0,161.0,,"0,0",,No,--:--:--,,--:--:--,00:NaN:NaN,,,1.4136111111111112,8.750638632344272,,6.85,4.4,not_a_fox_1,,,,,,,,,,,,,,,
Running,2013-08-07 06:18:35,False,Untitled,13.17,1.103,01:30:31,,,,,,6:52,4:27,64.0,64.0,,"0,0",,No,--:--:--,,--:--:--,00:NaN:NaN,,,1.5086111111111111,8.729883999263487,,6.866666666666667,4.45,not_a_fox_1,,,,,,,,,,,,,,,
Running,2013-08-06 06:22:03,False,Untitled,12.36,1.028,01:16:57,,,,,,6:14,3:55,63.0,60.0,,"0,0",,No,--:--:--,,--:--:--,00:NaN:NaN,,,1.2825,9.637426900584796,,6.233333333333333,3.9166666666666665,not_a_fox_1,,,,,,,,,,,,,,,
Running,2013-08-03 07:26:57,False,Untitled,13.18,1.038,01:43:38,,,,,,7:52,4:04,354.0,347.0,,"0,0",,No,--:--:--,,--:--:--,00:NaN:NaN,,,1.7272222222222222,7.630749437118045,,7.866666666666667,4.066666666666666,not_a_fox_1,,,,,,,,,,,,,,,
Running,2013-07-21 07:37:56,False,Untitled,12.07,605.0,01:28:17,112,130,,,,7:19,4:19,316.0,322.0,,"0,0",,No,--:--:--,,--:--:--,00:NaN:NaN,,,1.4713888888888889,8.203133849348688,,7.316666666666666,4.316666666666666,not_a_fox_1,,,,,,,,,,,,,,,
Running,2013-07-20 07:23:08,False,Untitled,25.67,1.502,02:54:34,125,147,,,,6:48,4:10,125.0,124.0,,"0,0",,No,--:--:--,,--:--:--,00:NaN:NaN,,,2.9094444444444445,8.822990261600154,,6.8,4.166666666666667,not_a_fox_1,,,,,,,,,,,,,,,
Running,2013-07-16 04:43:25,False,Untitled,12.11,1.131,01:12:01,,,,,,5:57,2:16,42.0,35.0,,"0,0",,No,--:--:--,,--:--:--,00:NaN:NaN,,,1.2002777777777778,10.089331173339504,,5.95,2.2666666666666666,not_a_fox_1,,,,,,,,,,,,,,,
Running,2013-07-14 06:46:30,False,Untitled,12.3,1.065,01:33:13,,,,,,7:35,4:08,50.0,47.0,,"0,0",,No,--:--:--,,--:--:--,00:NaN:NaN,,,1.553611111111111,7.917039156087968,,7.583333333333333,4.133333333333334,not_a_fox_1,,,,,,,,,,,,,,,
Running,2013-07-13 06:39:36,False,Untitled,21.52,1.225,02:26:16,120,142,,,,6:48,4:00,120.0,114.0,,"0,0",,No,--:--:--,,--:--:--,00:NaN:NaN,,,2.437777777777778,8.82771194165907,,6.8,4.0,not_a_fox_1,,,,,,,,,,,,,,,
Running,2013-07-12 04:57:06,False,Untitled,9.4,827.0,01:10:07,,,,,,7:27,4:28,35.0,31.0,,"0,0",,No,--:--:--,,--:--:--,00:NaN:NaN,,,1.168611111111111,8.043736629427146,,7.45,4.466666666666667,not_a_fox_1,,,,,,,,,,,,,,,
Running,2013-07-11 05:55:09,False,Untitled,12.31,623.0,01:14:18,132,170,,,,6:02,4:25,57.0,52.0,,"0,0",,No,--:--:--,,--:--:--,00:NaN:NaN,,,1.2383333333333333,9.94078061911171,,6.033333333333333,4.416666666666667,not_a_fox_1,,,,,,,,,,,,,,,
Running,2013-06-30 06:45:59,False,Untitled,12.01,1.113,01:25:37,,,,,,7:08,3:48,49.0,44.0,,"0,0",,No,--:--:--,,--:--:--,00:NaN:NaN,,,1.4269444444444443,8.416585555771851,,7.133333333333334,3.8,not_a_fox_1,,,,,,,,,,,,,,,
Running,2013-06-28 11:43:11,False,Untitled,24.5,1.996,03:47:06,,,,,,9:16,4:32,126.0,122.0,,"0,0",,No,--:--:--,,--:--:--,00:NaN:NaN,,,3.785,6.472919418758256,,9.266666666666667,4.533333333333333,not_a_fox_1,,,,,,,,,,,,,,,
Running,2013-06-19 05:10:39,False,Untitled,12.91,1.172,01:27:43,,,,,,6:48,4:21,75.0,70.0,,"0,0",,No,--:--:--,,--:--:--,00:NaN:NaN,,,1.4619444444444445,8.830704921147634,,6.8,4.35,not_a_fox_1,,,,,,,,,,,,,,,
Running,2013-06-18 04:57:48,False,Untitled,12.11,1.137,01:15:16,,,,,,6:13,2:42,44.0,38.0,,"0,0",,No,--:--:--,,--:--:--,00:NaN:NaN,,,1.2544444444444445,9.653675819309122,,6.216666666666667,2.7,not_a_fox_1,,,,,,,,,,,,,,,
Running,2013-06-17 04:47:28,False,Untitled,8.02,696.0,01:06:59,,,,,,8:21,4:29,24.0,20.0,,"0,0",,No,--:--:--,,--:--:--,00:NaN:NaN,,,1.1163888888888889,7.183876586215476,,8.35,4.483333333333333,not_a_fox_1,,,,,,,,,,,,,,,
Running,2013-06-04 04:23:31,False,Untitled,3.16,226.0,00:43:45,,,,,,13:50,3:53,9.0,8.0,,"0,0",,No,--:--:--,,--:--:--,00:NaN:NaN,,,0.7291666666666666,4.3337142857142865,,13.833333333333334,3.8833333333333333,not_a_fox_1,,,,,,,,,,,,,,,
Other,2013-06-01 08:09:26,False,Не входящий в классификацию,0.56,,00:13:01,,,,,,"2,6","6,3",,,,"0,0",,No,--:--:--,,--:--:--,00:NaN:NaN,138,140,0.21694444444444444,2.5813060179257366,,2.6,6.3,not_a_fox_1,,,,,,,,,,,,,,,
Other,2013-06-01 08:08:41,False,Не входящий в классификацию,0.02,,00:00:14,,,,,,"4,3","4,3",,,,"0,0",,No,--:--:--,,--:--:--,00:NaN:NaN,138,139,0.0038888888888888888,5.142857142857143,,4.3,4.3,not_a_fox_1,,,,,,,,,,,,,,,
Other,2013-06-01 07:53:28,False,Не входящий в классификацию,0.69,,00:14:44,,,,,,"2,8","7,7",2.0,,,"0,0",,No,--:--:--,,--:--:--,00:NaN:NaN,137,140,0.24555555555555555,2.8099547511312215,,2.8,7.7,not_a_fox_1,,,,,,,,,,,,,,,
Running,2013-05-30 04:40:29,False,Untitled,8.13,739.0,00:53:14,,,,,,6:33,3:14,31.0,28.0,,"0,0",,No,--:--:--,,--:--:--,00:NaN:NaN,,,0.8872222222222222,9.163431433938635,,6.55,3.2333333333333334,not_a_fox_1,,,,,,,,,,,,,,,
Running,2013-05-29 04:25:36,False,Untitled,12.39,1.124,01:20:25,,,,,,6:29,3:16,51.0,51.0,,"0,0",,No,--:--:--,,--:--:--,00:NaN:NaN,,,1.3402777777777777,9.244352331606219,,6.483333333333333,3.2666666666666666,not_a_fox_1,,,,,,,,,,,,,,,
Running,2013-04-15 05:19:25,False,Untitled,9.93,894.0,01:10:39,,,,,,7:07,3:45,36.0,36.0,,"0,0",,No,--:--:--,,--:--:--,00:NaN:NaN,,,1.1775,8.43312101910828,,7.116666666666666,3.75,not_a_fox_1,,,,,,,,,,,,,,,
Running,2013-04-13 06:19:53,False,Untitled,10.61,962.0,01:07:10,,,,,,6:20,3:53,42.0,38.0,,"0,0",,No,--:--:--,,--:--:--,00:NaN:NaN,134,155,1.1194444444444445,9.477915632754343,,6.333333333333333,3.8833333333333333,not_a_fox_1,,,,,,,,,,,,,,,
Running,2013-04-11 05:07:50,False,Untitled,10.37,937.0,01:04:36,,,,,,6:14,3:46,41.0,37.0,,"0,0",,No,--:--:--,,--:--:--,00:NaN:NaN,,,1.0766666666666667,9.631578947368421,,6.233333333333333,3.7666666666666666,not_a_fox_1,,,,,,,,,,,,,,,
Running,2012-11-28 05:42:52,False,Untitled,11.28,1.066,01:18:12,,,,,,6:56,3:47,37.0,43.0,,"0,0",,No,--:--:--,,--:--:--,00:NaN:NaN,,,1.3033333333333332,8.654731457800512,,6.933333333333334,3.783333333333333,not_a_fox_1,,,,,,,,,,,,,,,
Running,2012-11-27 05:34:37,False,Untitled,12.06,1.135,01:29:13,,,,,,7:24,3:43,50.0,47.0,,"0,0",,No,--:--:--,,--:--:--,00:NaN:NaN,,,1.4869444444444444,8.110592191294602,,7.4,3.716666666666667,not_a_fox_1,,,,,,,,,,,,,,,
Running,2012-11-22 06:11:31,False,Untitled,9.95,917.0,01:16:00,,,,,,7:38,3:21,42.0,46.0,,"0,0",,No,--:--:--,,--:--:--,00:NaN:NaN,,,1.2666666666666666,7.855263157894736,,7.633333333333333,3.35,not_a_fox_1,,,,,,,,,,,,,,,
Running,2012-11-19 05:29:13,False,Untitled,12.13,1.098,01:28:00,,,,,,7:15,3:45,41.0,37.0,,"0,0",,No,--:--:--,,--:--:--,00:NaN:NaN,,,1.4666666666666666,8.270454545454546,,7.25,3.75,not_a_fox_1,,,,,,,,,,,,,,,
Running,2012-11-17 13:48:07,False,Untitled,8.45,767.0,00:49:06,,,,,,5:49,3:57,22.0,22.0,,"0,0",,No,--:--:--,,--:--:--,00:NaN:NaN,,,0.8183333333333334,10.325865580448063,,5.816666666666666,3.95,not_a_fox_1,,,,,,,,,,,,,,,
Running,2012-11-13 05:33:39,False,Untitled,11.68,1.086,01:20:33,,,,,,6:54,4:48,39.0,40.0,,"0,0",,No,--:--:--,,--:--:--,00:NaN:NaN,,,1.3425,8.700186219739292,,6.9,4.8,not_a_fox_1,,,,,,,,,,,,,,,
Running,2012-11-12 06:34:23,False,Untitled,4.33,409.0,00:28:03,,,,,,6:29,3:57,11.0,18.0,,"0,0",,No,--:--:--,,--:--:--,00:NaN:NaN,,,0.4675,9.262032085561497,,6.483333333333333,3.95,not_a_fox_1,,,,,,,,,,,,,,,
Running,2012-11-07 05:29:33,False,Untitled,8.71,795.0,01:01:35,,,,,,7:04,4:46,27.0,27.0,,"0,0",,No,--:--:--,,--:--:--,00:NaN:NaN,,,1.0263888888888888,8.486062246278756,,7.066666666666666,4.766666666666667,not_a_fox_1,,,,,,,,,,,,,,,
Running,2012-11-05 05:43:35,False,Untitled,11.69,1.076,01:20:52,,,,,,6:55,4:11,36.0,39.0,,"0,0",,No,--:--:--,,--:--:--,00:NaN:NaN,,,1.3477777777777777,8.67353668590272,,6.916666666666667,4.183333333333334,not_a_fox_1,,,,,,,,,,,,,,,
Running,2012-11-03 13:28:27,False,Untitled,7.52,656.0,00:51:12,,,,,,6:49,3:36,16.0,24.0,,"0,0",,No,--:--:--,,--:--:--,00:NaN:NaN,,,0.8533333333333334,8.812499999999998,,6.816666666666666,3.6,not_a_fox_1,,,,,,,,,,,,,,,
Running,2012-11-01 05:25:16,False,Untitled,11.66,1.044,01:25:27,,,,,,7:20,1:56,37.0,40.0,,"0,0",,No,--:--:--,,--:--:--,00:NaN:NaN,,,1.4241666666666666,8.18724400234055,,7.333333333333333,1.9333333333333333,not_a_fox_1,,,,,,,,,,,,,,,
Running,2012-10-30 05:21:34,False,Untitled,11.22,1.039,01:15:59,,,,,,6:46,3:58,58.0,65.0,,"0,0",,No,--:--:--,,--:--:--,00:NaN:NaN,,,1.2663888888888888,8.859837683702567,,6.766666666666667,3.966666666666667,not_a_fox_1,,,,,,,,,,,,,,,
Running,2012-10-29 05:34:15,False,Untitled,9.66,891.0,01:09:54,,,,,,7:14,3:43,36.0,38.0,,"0,0",,No,--:--:--,,--:--:--,00:NaN:NaN,134,153,1.165,8.291845493562231,,7.233333333333333,3.716666666666667,not_a_fox_1,,,,,,,,,,,,,,,
Running,2012-10-28 12:27:22,False,Untitled,12.75,1.173,01:23:54,,,,,,6:35,3:32,40.0,47.0,,"0,0",,No,--:--:--,,--:--:--,00:NaN:NaN,134,154,1.3983333333333334,9.117997616209774,,6.583333333333333,3.533333333333333,not_a_fox_1,,,,,,,,,,,,,,,
Running,2012-10-25 06:00:11,False,Untitled,12.75,1.175,01:30:23,113,145,,,,7:05,3:52,50.0,58.0,,"0,0",,No,--:--:--,,--:--:--,00:NaN:NaN,134,154,1.506388888888889,8.463949843260188,,7.083333333333333,3.8666666666666667,not_a_fox_1,,,,,,,,,,,,,,,
Trail Running,2012-10-23 12:37:54,False,Бег,10.0,,01:09:00,,,,,,6:54,,,,,"0,0",,No,--:--:--,,--:--:--,00:NaN:NaN,,,1.15,8.695652173913045,,6.9,,not_a_fox_1,,,,,,,,,,,,,,,
Trail Running,2012-10-18 12:41:36,False,Бег,16.0,,01:53:00,,,,,,7:04,,,,,"0,0",,No,--:--:--,,--:--:--,00:NaN:NaN,,,1.8833333333333333,8.495575221238939,,7.066666666666666,,not_a_fox_1,,,,,,,,,,,,,,,
Trail Running,2012-10-16 12:40:07,False,Бег,12.0,,01:21:00,,,,,,6:44,,,,,"0,0",,No,--:--:--,,--:--:--,00:NaN:NaN,,,1.35,8.888888888888888,,6.733333333333333,,not_a_fox_1,,,,,,,,,,,,,,,
Trail Running,2012-10-15 12:39:09,False,Бег,10.0,,01:10:00,,,,,,6:59,,,,,"0,0",,No,--:--:--,,--:--:--,00:NaN:NaN,,,1.1666666666666667,8.571428571428571,,6.983333333333333,,not_a_fox_1,,,,,,,,,,,,,,,
Running,2012-09-30 06:01:58,False,Untitled,11.11,976.0,01:20:33,,,,,,7:15,4:38,42.0,41.0,,"0,0",,No,--:--:--,,--:--:--,00:NaN:NaN,134,157,1.3425,8.2756052141527,,7.25,4.633333333333333,not_a_fox_1,,,,,,,,,,,,,,,
Running,2012-09-28 05:48:58,False,Untitled,9.56,826.0,01:12:27,,,,,,7:35,4:56,38.0,38.0,,"0,0",,No,--:--:--,,--:--:--,00:NaN:NaN,134,154,1.2075,7.917184265010352,,7.583333333333333,4.933333333333334,not_a_fox_1,,,,,,,,,,,,,,,
Running,2012-09-27 05:28:43,False,Untitled,10.77,908.0,02:12:15,,,,,,12:17,4:03,32.0,39.0,,"0,0",,No,--:--:--,,--:--:--,00:NaN:NaN,134,153,2.2041666666666666,4.886200378071834,,12.283333333333333,4.05,not_a_fox_1,,,,,,,,,,,,,,,
Running,2012-09-25 05:38:23,False,Untitled,11.52,1.049,01:22:04,,,,,,7:07,3:15,38.0,45.0,,"0,0",,No,--:--:--,,--:--:--,00:NaN:NaN,,,1.3677777777777778,8.422420796100731,,7.116666666666666,3.25,not_a_fox_1,,,,,,,,,,,,,,,
Trail Running,2012-09-24 11:46:15,False,бег,10.0,,01:15:00,,,,,,7:30,,,,,"0,0",,No,--:--:--,,--:--:--,00:NaN:NaN,,,1.25,8.0,,7.5,,not_a_fox_1,,,,,,,,,,,,,,,
Running,2012-09-23 06:35:40,False,Untitled,5.99,458.0,01:39:05,105,134,,,,16:32,3:10,30.0,37.0,,"0,0",,No,--:--:--,,--:--:--,00:NaN:NaN,,,1.6513888888888888,3.627249789739277,,16.533333333333335,3.1666666666666665,not_a_fox_1,,,,,,,,,,,,,,,
Running,2012-09-22 06:04:21,False,Untitled,12.91,1.135,01:37:28,,,,,,7:33,4:21,44.0,45.0,,"0,0",,No,--:--:--,,--:--:--,00:NaN:NaN,,,1.6244444444444444,7.94733242134063,,7.55,4.35,not_a_fox_1,,,,,,,,,,,,,,,
Running,2012-09-16 05:13:49,False,Untitled,11.28,1.013,01:23:43,,,,,,7:25,3:44,50.0,54.0,,"0,0",,No,--:--:--,,--:--:--,00:NaN:NaN,,,1.3952777777777778,8.084411706151702,,7.416666666666667,3.7333333333333334,not_a_fox_1,,,,,,,,,,,,,,,
Trail Running,2012-09-15 11:45:19,False,бег,10.0,,01:15:00,,,,,,7:30,,,,,"0,0",,No,--:--:--,,--:--:--,00:NaN:NaN,,,1.25,8.0,,7.5,,not_a_fox_1,,,,,,,,,,,,,,,
Running,2012-09-14 05:30:32,False,Untitled,11.49,1.04,01:22:18,120,144,,,,7:10,2:57,42.0,45.0,,"0,0",,No,--:--:--,,--:--:--,00:NaN:NaN,,,1.3716666666666666,8.37667071688943,,7.166666666666667,2.95,not_a_fox_1,,,,,,,,,,,,,,,
Running,2012-09-12 05:33:04,False,Untitled,11.06,1.036,01:09:51,,,,,,6:19,2:27,44.0,49.0,,"0,0",,No,--:--:--,,--:--:--,00:NaN:NaN,,,1.1641666666666666,9.50035790980673,,6.316666666666666,2.45,not_a_fox_1,,,,,,,,,,,,,,,
Running,2012-09-11 05:34:25,False,Untitled,13.32,1.224,01:26:29,126,154,,,,6:30,3:41,43.0,48.0,,"0,0",,No,--:--:--,,--:--:--,00:NaN:NaN,,,1.4413888888888888,9.241086914627097,,6.5,3.6833333333333336,not_a_fox_1,,,,,,,,,,,,,,,
Trail Running,2012-09-10 11:44:15,False,бег,10.0,,01:15:00,,,,,,7:30,,,,,"0,0",,No,--:--:--,,--:--:--,00:NaN:NaN,,,1.25,8.0,,7.5,,not_a_fox_1,,,,,,,,,,,,,,,
Trail Running,2012-09-07 14:22:06,False,бег,8.0,,00:56:00,,,,,,6:59,,,,,"0,0",,No,--:--:--,,--:--:--,00:NaN:NaN,,,0.9333333333333333,8.571428571428571,,6.983333333333333,,not_a_fox_1,,,,,,,,,,,,,,,
Running,2012-09-06 05:44:33,False,Untitled,12.67,1.155,01:27:15,128,153,,,,6:53,3:19,49.0,50.0,,"0,0",,No,--:--:--,,--:--:--,00:NaN:NaN,,,1.4541666666666666,8.712893982808023,,6.883333333333333,3.3166666666666664,not_a_fox_1,,,,,,,,,,,,,,,
Running,2012-09-04 05:31:48,False,Untitled,12.63,1.107,01:25:06,119,141,,,,6:44,2:05,37.0,40.0,,"0,0",,No,--:--:--,,--:--:--,00:NaN:NaN,,,1.4183333333333332,8.904817861339602,,6.733333333333333,2.0833333333333335,not_a_fox_1,,,,,,,,,,,,,,,
Running,2012-08-31 05:41:01,False,Untitled,13.42,1.155,01:50:28,109,141,,,,8:14,2:06,53.0,59.0,,"0,0",,No,--:--:--,,--:--:--,00:NaN:NaN,133,153,1.8411111111111111,7.289076644538322,,8.233333333333333,2.1,not_a_fox_1,,,,,,,,,,,,,,,
Running,2012-08-30 05:48:01,False,Untitled,10.03,900.0,01:12:12,,,,,,7:12,4:12,39.0,46.0,,"0,0",,No,--:--:--,,--:--:--,00:NaN:NaN,134,154,1.2033333333333334,8.335180055401661,,7.2,4.2,not_a_fox_1,,,,,,,,,,,,,,,
Running,2012-08-29 05:31:00,False,Untitled,12.99,1.143,01:41:00,,,,,,7:47,3:00,52.0,50.0,,"0,0",,No,--:--:--,,--:--:--,00:NaN:NaN,134,154,1.6833333333333333,7.716831683168317,,7.783333333333333,3.0,not_a_fox_1,,,,,,,,,,,,,,,
Running,2012-08-28 05:39:27,False,Untitled,12.19,1.094,01:31:22,123,148,,,,7:30,3:00,42.0,45.0,,"0,0",,No,--:--:--,,--:--:--,00:NaN:NaN,134,153,1.5227777777777778,8.005107624954396,,7.5,3.0,not_a_fox_1,,,,,,,,,,,,,,,
Running,2012-08-26 06:51:17,False,Untitled,18.35,1.666,02:12:34,124,177,,,,7:13,4:36,97.0,93.0,,"0,0",,No,--:--:--,,--:--:--,00:NaN:NaN,121,173,2.2094444444444443,8.30525521750063,,7.216666666666667,4.6,not_a_fox_1,,,,,,,,,,,,,,,
Running,2012-08-24 06:22:20,False,Untitled,13.33,1.199,01:43:18,117,143,,,,7:45,3:03,66.0,69.0,,"0,0",,No,--:--:--,,--:--:--,00:NaN:NaN,126,153,1.7216666666666667,7.742497579864472,,7.75,3.05,not_a_fox_1,,,,,,,,,,,,,,,
Running,2012-08-23 05:34:15,False,Untitled,10.51,936.0,01:17:46,115,152,,,,7:24,4:21,45.0,47.0,,"0,0",,No,--:--:--,,--:--:--,00:NaN:NaN,134,153,1.2961111111111112,8.108872696099443,,7.4,4.35,not_a_fox_1,,,,,,,,,,,,,,,
Running,2012-08-21 05:23:01,False,Untitled,11.85,1.071,01:28:18,116,138,,,,7:27,2:47,56.0,63.0,,"0,0",,No,--:--:--,,--:--:--,00:NaN:NaN,134,155,1.4716666666666667,8.052095130237825,,7.45,2.783333333333333,not_a_fox_1,,,,,,,,,,,,,,,
Running,2012-08-20 05:43:59,False,Untitled,9.57,872.0,01:08:01,,,,,,7:06,3:48,39.0,43.0,,"0,0",,No,--:--:--,,--:--:--,00:NaN:NaN,134,154,1.1336111111111111,8.442048517520215,,7.1,3.8,not_a_fox_1,,,,,,,,,,,,,,,
Running,2012-08-19 07:09:51,False,Untitled,20.22,1.573,02:45:25,109,145,,,,8:11,4:02,123.0,111.0,,"0,0",,No,--:--:--,,--:--:--,00:NaN:NaN,,,2.7569444444444446,7.334206549118387,,8.183333333333334,4.033333333333333,not_a_fox_1,,,,,,,,,,,,,,,
Running,2012-08-17 05:35:05,False,Untitled,9.64,843.0,01:13:45,110,131,,,,7:39,4:28,31.0,31.0,,"0,0",,No,--:--:--,,--:--:--,00:NaN:NaN,,,1.2291666666666667,7.8427118644067795,,7.65,4.466666666666667,not_a_fox_1,,,,,,,,,,,,,,,
Running,2012-08-15 05:27:45,False,Untitled,12.48,1.128,01:28:26,114,133,,,,7:05,4:08,50.0,51.0,,"0,0",,No,--:--:--,,--:--:--,00:NaN:NaN,,,1.4738888888888888,8.467395401432341,,7.083333333333333,4.133333333333334,not_a_fox_1,,,,,,,,,,,,,,,
Running,2012-08-14 05:35:00,False,Untitled,11.86,1.091,01:15:22,,,,,,6:21,1:51,45.0,50.0,,"0,0",,No,--:--:--,,--:--:--,00:NaN:NaN,,,1.2561111111111112,9.441839893852277,,6.35,1.85,not_a_fox_1,,,,,,,,,,,,,,,
Running,2012-08-10 04:54:34,False,Untitled,12.17,1.132,01:13:38,130,156,,,,6:03,2:13,41.0,45.0,,"0,0",,No,--:--:--,,--:--:--,00:NaN:NaN,,,1.2272222222222222,9.916704391127206,,6.05,2.216666666666667,not_a_fox_1,,,,,,,,,,,,,,,
Running,2012-08-09 05:20:43,False,Untitled,11.14,1.028,01:08:01,137,171,,,,6:06,1:04,42.0,45.0,,"0,0",,No,--:--:--,,--:--:--,00:NaN:NaN,,,1.1336111111111111,9.827003185493751,,6.1,1.0666666666666667,not_a_fox_1,,,,,,,,,,,,,,,
Running,2012-08-08 05:25:23,False,Untitled,9.67,877.0,01:10:24,118,150,,,,7:17,4:12,36.0,44.0,,"0,0",,No,--:--:--,,--:--:--,00:NaN:NaN,,,1.1733333333333333,8.241477272727273,,7.283333333333333,4.2,not_a_fox_1,,,,,,,,,,,,,,,
Running,2012-08-06 05:13:13,False,Untitled,12.79,1.116,01:39:17,117,158,,,,7:46,2:14,41.0,47.0,,"0,0",,No,--:--:--,,--:--:--,00:NaN:NaN,,,1.6547222222222222,7.729393990263555,,7.766666666666667,2.2333333333333334,not_a_fox_1,,,,,,,,,,,,,,,
Trail Running,2012-08-03 14:27:03,False,бег,12.0,,01:25:00,,,,,,7:04,,,,,"0,0",,No,--:--:--,,--:--:--,00:NaN:NaN,,,1.4166666666666667,8.470588235294118,,7.066666666666666,,not_a_fox_1,,,,,,,,,,,,,,,
Running,2012-08-03 05:38:13,False,Untitled,9.0,786.0,01:07:14,121,144,,,,7:28,4:54,38.0,45.0,,"0,0",,No,--:--:--,,--:--:--,00:NaN:NaN,,,1.1205555555555555,8.031730292513634,,7.466666666666667,4.9,not_a_fox_1,,,,,,,,,,,,,,,
Trail Running,2012-08-02 12:52:18,False,бег,12.0,,01:28:00,,,,,,7:19,,,,,"0,0",,No,--:--:--,,--:--:--,00:NaN:NaN,,,1.4666666666666666,8.181818181818182,,7.316666666666666,,not_a_fox_1,,,,,,,,,,,,,,,
Running,2012-07-31 04:47:49,False,Untitled,12.72,1.176,01:23:12,134,157,,,,6:33,0:02,54.0,60.0,,"0,0",,No,--:--:--,,--:--:--,00:NaN:NaN,,,1.3866666666666667,9.173076923076923,,6.55,0.03333333333333333,not_a_fox_1,,,,,,,,,,,,,,,
Running,2012-07-27 05:22:25,False,Untitled,10.2,898.0,01:18:22,117,242,,,,7:41,0:02,30.0,38.0,,"0,0",,No,--:--:--,,--:--:--,00:NaN:NaN,,,1.306111111111111,7.809442790302,,7.683333333333334,0.03333333333333333,not_a_fox_1,,,,,,,,,,,,,,,
Running,2012-07-26 05:07:12,False,Untitled,11.48,996.0,01:29:27,113,148,,,,7:48,0:03,45.0,46.0,,"0,0",,No,--:--:--,,--:--:--,00:NaN:NaN,134,154,1.4908333333333332,7.700391280044719,,7.8,0.05,not_a_fox_1,,,,,,,,,,,,,,,
Running,2012-07-25 05:36:20,False,Untitled,12.24,1.109,01:26:19,119,138,,,,7:03,0:02,49.0,51.0,,"0,0",,No,--:--:--,,--:--:--,00:NaN:NaN,,,1.438611111111111,8.50820621741649,,7.05,0.03333333333333333,not_a_fox_1,,,,,,,,,,,,,,,
Running,2012-07-24 05:13:45,False,Untitled,13.27,1.215,01:36:30,118,146,,,,7:16,0:02,45.0,54.0,,"0,0",,No,--:--:--,,--:--:--,00:NaN:NaN,,,1.6083333333333334,8.250777202072538,,7.266666666666667,0.03333333333333333,not_a_fox_1,,,,,,,,,,,,,,,
Running,2012-07-23 05:06:44,False,Untitled,12.65,1.08,01:41:02,111,129,,,,7:59,0:03,54.0,60.0,,"0,0",,No,--:--:--,,--:--:--,00:NaN:NaN,,,1.683888888888889,7.512372154404487,,7.983333333333333,0.05,not_a_fox_1,,,,,,,,,,,,,,,
Running,2012-07-20 05:24:10,False,Untitled,13.27,1.177,01:40:08,116,164,,,,7:33,0:02,57.0,60.0,,"0,0",,No,--:--:--,,--:--:--,00:NaN:NaN,,,1.6688888888888889,7.951398135818908,,7.55,0.03333333333333333,not_a_fox_1,,,,,,,,,,,,,,,
Running,2012-07-19 05:14:25,False,Untitled,12.78,1.151,01:33:55,117,153,,,,7:21,0:01,65.0,70.0,,"0,0",,No,--:--:--,,--:--:--,00:NaN:NaN,,,1.5652777777777778,8.164685004436556,,7.35,0.016666666666666666,not_a_fox_1,,,,,,,,,,,,,,,
Running,2012-07-18 04:58:44,False,Untitled,11.53,1.002,01:29:03,116,140,,,,7:43,0:02,63.0,66.0,,"0,0",,No,--:--:--,,--:--:--,00:NaN:NaN,,,1.4841666666666666,7.768669286917462,,7.716666666666667,0.03333333333333333,not_a_fox_1,,,,,,,,,,,,,,,
Running,2012-07-17 05:02:07,False,Untitled,13.22,1.189,01:36:21,117,137,,,,7:17,0:01,77.0,82.0,,"0,0",,No,--:--:--,,--:--:--,00:NaN:NaN,,,1.6058333333333332,8.23248572911261,,7.283333333333333,0.016666666666666666,not_a_fox_1,,,,,,,,,,,,,,,
Running,2012-07-14 05:07:56,False,Untitled,13.57,1.207,01:41:21,115,141,,,,7:28,0:01,83.0,88.0,,"0,0",,No,--:--:--,,--:--:--,00:NaN:NaN,,,1.6891666666666667,8.03354711396152,,7.466666666666667,0.016666666666666666,not_a_fox_1,,,,,,,,,,,,,,,
Running,2012-07-13 05:16:14,False,Untitled,10.8,903.0,01:22:53,116,134,,,,7:41,4:25,60.0,61.0,,"0,0",,No,--:--:--,,--:--:--,00:NaN:NaN,,,1.381388888888889,7.818218379247939,,7.683333333333334,4.416666666666667,not_a_fox_1,,,,,,,,,,,,,,,
Running,2012-07-12 05:14:23,False,Untitled,9.99,880.0,01:13:45,117,141,,,,7:23,4:54,65.0,70.0,,"0,0",,No,--:--:--,,--:--:--,00:NaN:NaN,,,1.2291666666666667,8.127457627118643,,7.383333333333334,4.9,not_a_fox_1,,,,,,,,,,,,,,,
Running,2012-07-11 05:16:26,False,Untitled,12.71,1.154,01:32:05,124,144,,,,7:15,1:38,59.0,66.0,,"0,0",,No,--:--:--,,--:--:--,00:NaN:NaN,,,1.5347222222222223,8.281628959276018,,7.25,1.6333333333333333,not_a_fox_1,,,,,,,,,,,,,,,
Trail Running,2012-07-09 15:06:18,False,Бег,10.0,,01:15:00,,,,,,7:30,,,,,"0,0",,No,--:--:--,,--:--:--,00:NaN:NaN,,,1.25,8.0,,7.5,,not_a_fox_1,,,,,,,,,,,,,,,
Running,2012-07-06 05:31:22,False,Untitled,13.03,1.18,01:30:00,130,154,,,,6:54,1:57,71.0,73.0,,"0,0",,No,--:--:--,,--:--:--,00:NaN:NaN,,,1.5,8.686666666666666,,6.9,1.95,not_a_fox_1,,,,,,,,,,,,,,,
Running,2012-07-05 04:44:02,False,Untitled,10.1,927.0,01:23:03,117,137,,,,8:13,0:09,51.0,56.0,,"0,0",,No,--:--:--,,--:--:--,00:NaN:NaN,,,1.3841666666666668,7.296809151113786,,8.216666666666667,0.15,not_a_fox_1,,,,,,,,,,,,,,,
Running,2012-07-03 05:03:44,False,Untitled,10.92,989.0,01:23:03,123,167,,,,7:36,2:37,53.0,57.0,,"0,0",,No,--:--:--,,--:--:--,00:NaN:NaN,,,1.3841666666666668,7.889223359422035,,7.6,2.6166666666666667,not_a_fox_1,,,,,,,,,,,,,,,
Running,2012-07-01 05:21:29,False,Untitled,13.26,1.094,01:48:05,111,137,,,,8:09,3:00,84.0,87.0,,"0,0",,No,--:--:--,,--:--:--,00:NaN:NaN,,,1.801388888888889,7.360986892829606,,8.15,3.0,not_a_fox_1,,,,,,,,,,,,,,,
Running,2012-06-30 05:53:38,False,Untitled,14.69,1.224,01:53:39,116,131,,,,7:44,4:07,81.0,83.0,,"0,0",,No,--:--:--,,--:--:--,00:NaN:NaN,,,1.8941666666666668,7.755389353277606,,7.733333333333333,4.116666666666666,not_a_fox_1,,,,,,,,,,,,,,,
Running,2012-06-28 04:54:15,False,Untitled,13.64,1.145,01:46:52,114,136,,,,7:50,4:51,81.0,83.0,,"0,0",,No,--:--:--,,--:--:--,00:NaN:NaN,,,1.781111111111111,7.658140985651903,,7.833333333333333,4.85,not_a_fox_1,,,,,,,,,,,,,,,
Running,2012-06-27 05:21:48,False,Untitled,15.25,1.302,01:55:18,119,149,,,,7:34,3:33,94.0,100.0,,"0,0",,No,--:--:--,,--:--:--,00:NaN:NaN,,,1.9216666666666666,7.935819601040763,,7.566666666666666,3.55,not_a_fox_1,,,,,,,,,,,,,,,
Running,2012-06-25 05:07:48,False,Untitled,12.65,1.101,01:34:37,125,147,,,,7:29,0:15,73.0,78.0,,"0,0",,No,--:--:--,,--:--:--,00:NaN:NaN,,,1.5769444444444445,8.021842522459046,,7.483333333333333,0.25,not_a_fox_1,,,,,,,,,,,,,,,
Running,2012-06-21 04:48:24,False,Untitled,10.37,769.0,01:30:59,113,139,,,,8:46,4:45,65.0,67.0,,"0,0",,No,--:--:--,,--:--:--,00:NaN:NaN,,,1.5163888888888888,6.838615130976369,,8.766666666666667,4.75,not_a_fox_1,,,,,,,,,,,,,,,
Running,2012-06-19 05:04:30,False,Untitled,7.82,626.0,01:02:33,113,137,,,,8:00,4:17,38.0,43.0,,"0,0",,No,--:--:--,,--:--:--,00:NaN:NaN,,,1.0425,7.5011990407673865,,8.0,4.283333333333333,not_a_fox_1,,,,,,,,,,,,,,,
Other,2012-06-11 22:21:26,False,Не входящий в классификацию,4.19,,154:41:30,,,,,,"0,0","7,3",17.0,12.0,,"0,0",,No,--:--:--,,--:--:--,00:NaN:NaN,121,140,154.69166666666666,0.027086139093896462,,0.0,7.3,not_a_fox_1,,,,,,,,,,,,,,"-20,0","45,7"
Trail Running,2012-06-11 06:22:35,False,Untitled,10.79,,01:36:40,,,,,,8:57,4:02,49.0,52.0,,"0,0",,No,--:--:--,,--:--:--,00:NaN:NaN,121,152,1.6111111111111112,6.697241379310344,,8.95,4.033333333333333,not_a_fox_1,,,,,,,,,,,,,,,
Trail Running,2012-06-08 04:50:08,False,Untitled,14.0,1.181,01:56:15,113,137,,,,8:18,3:59,83.0,87.0,,"0,0",,No,--:--:--,,--:--:--,00:NaN:NaN,119,156,1.9375,7.225806451612903,,8.3,3.9833333333333334,not_a_fox_1,,,,,,,,,,,,,,,
Trail Running,2012-06-06 06:12:19,False,Untitled,11.08,1.014,01:15:18,128,152,,,,6:48,3:39,64.0,67.0,,"0,0",,No,--:--:--,,--:--:--,00:NaN:NaN,,,1.255,8.828685258964144,,6.8,3.65,not_a_fox_1,,,,,,,,,,,,,,,
Trail Running,2012-06-05 05:19:04,False,Untitled,10.61,960.0,01:16:35,126,144,,,,7:13,3:27,52.0,56.0,,"0,0",,No,--:--:--,,--:--:--,00:NaN:NaN,,,1.2763888888888888,8.312513601741022,,7.216666666666667,3.45,not_a_fox_1,,,,,,,,,,,,,,,
Trail Running,2012-06-03 05:56:46,False,Untitled,14.14,1.213,01:49:33,118,142,,,,7:45,4:52,98.0,102.0,,"0,0",,No,--:--:--,,--:--:--,00:NaN:NaN,,,1.8258333333333334,7.744408945686901,,7.75,4.866666666666667,not_a_fox_1,,,,,,,,,,,,,,,
Trail Running,2012-06-01 05:05:57,False,Untitled,11.86,1.064,01:26:40,125,162,,,,7:18,4:38,69.0,76.0,,"0,0",,No,--:--:--,,--:--:--,00:NaN:NaN,,,1.4444444444444444,8.21076923076923,,7.3,4.633333333333333,not_a_fox_1,,,,,,,,,,,,,,,
Trail Running,2012-05-31 04:56:08,False,Untitled,11.85,1.024,01:29:36,117,137,,,,7:34,3:09,68.0,72.0,,"0,0",,No,--:--:--,,--:--:--,00:NaN:NaN,,,1.4933333333333334,7.935267857142857,,7.566666666666666,3.15,not_a_fox_1,,,,,,,,,,,,,,,
Trail Running,2012-05-29 04:58:16,False,Untitled,9.6,882.0,01:03:34,128,141,,,,6:37,3:57,52.0,59.0,,"0,0",,No,--:--:--,,--:--:--,00:NaN:NaN,,,1.0594444444444444,9.061352910330362,,6.616666666666667,3.95,not_a_fox_1,,,,,,,,,,,,,,,
Other,2012-05-27 11:15:09,False,Не входящий в классификацию,20.61,,07:33:18,,,,,,"2,7","19,4",89.0,89.0,,"0,0",,No,--:--:--,,--:--:--,00:NaN:NaN,111,172,7.555,2.727994705493051,,2.7,19.4,not_a_fox_1,,,,,,,,,,,,,,,
Trail Running,2012-05-26 05:45:23,False,Untitled,12.64,1.114,01:35:47,116,135,,,,7:35,3:43,72.0,79.0,,"0,0",,No,--:--:--,,--:--:--,00:NaN:NaN,,,1.5963888888888889,7.91787019314425,,7.583333333333333,3.716666666666667,not_a_fox_1,,,,,,,,,,,,,,,
Trail Running,2012-05-25 04:58:14,False,Untitled,11.51,1.051,01:14:39,131,147,,,,6:29,3:25,68.0,69.0,,"0,0",,No,--:--:--,,--:--:--,00:NaN:NaN,,,1.2441666666666666,9.251172136637642,,6.483333333333333,3.4166666666666665,not_a_fox_1,,,,,,,,,,,,,,,
Trail Running,2012-05-23 05:56:29,False,Untitled,8.6,,01:05:59,119,135,,,,7:40,5:31,,,,"0,0",,No,--:--:--,,--:--:--,00:NaN:NaN,,,1.0997222222222223,7.8201566052033336,,7.666666666666667,5.516666666666667,not_a_fox_1,,,,,,,,,,,,,,,
Trail Running,2012-05-22 04:46:17,False,Untitled,10.63,961.0,01:14:09,127,145,,,,6:59,4:39,54.0,56.0,,"0,0",,No,--:--:--,,--:--:--,00:NaN:NaN,,,1.2358333333333333,8.60148347943358,,6.983333333333333,4.65,not_a_fox_1,,,,,,,,,,,,,,,
Trail Running,2012-05-21 05:01:23,False,Untitled,12.09,985.0,01:39:38,122,164,,,,8:14,4:19,69.0,71.0,,"0,0",,No,--:--:--,,--:--:--,00:NaN:NaN,,,1.6605555555555556,7.280695884911341,,8.233333333333333,4.316666666666666,not_a_fox_1,,,,,,,,,,,,,,,
Trail Running,2012-05-20 05:25:58,False,Untitled,14.01,1.062,01:58:22,116,162,,,,8:27,4:45,93.0,94.0,,"0,0",,No,--:--:--,,--:--:--,00:NaN:NaN,,,1.9727777777777777,7.101661503801746,,8.45,4.75,not_a_fox_1,,,,,,,,,,,,,,,
Trail Running,2012-05-19 06:18:07,False,Untitled,11.72,1.062,01:22:14,126,172,,,,7:01,2:37,54.0,61.0,,"0,0",,No,--:--:--,,--:--:--,00:NaN:NaN,,,1.3705555555555555,8.551276854479125,,7.016666666666667,2.6166666666666667,not_a_fox_1,,,,,,,,,,,,,,,
Trail Running,2012-05-18 06:11:04,True,Untitled,10.02,928.0,01:04:15,137,153,,,,6:25,4:24,63.0,65.0,,"0,0",,No,--:--:--,,--:--:--,00:NaN:NaN,,,1.0708333333333333,9.357198443579767,,6.416666666666667,4.4,not_a_fox_1,,,,,,,,,,,,,,,
Trail Running,2012-05-16 05:11:57,True,Untitled,10.03,927.0,01:09:38,128,144,,,,6:57,4:29,62.0,64.0,,"0,0",,No,--:--:--,,--:--:--,00:NaN:NaN,,,1.1605555555555556,8.642412637625657,,6.95,4.483333333333333,not_a_fox_1,,,,,,,,,,,,,,,
Trail Running,2012-05-15 05:42:47,True,Untitled,9.68,,01:06:04,128,140,,,,6:49,5:16,14.0,19.0,,"0,0",,No,--:--:--,,--:--:--,00:NaN:NaN,,,1.1011111111111112,8.791120080726538,,6.816666666666666,5.266666666666667,not_a_fox_1,,,,,,,,,,,,,,,
Other,2012-05-14 12:50:06,False,Не входящий в классификацию,,,00:00:00,,,,,,,,,,,"0,0",,No,--:--:--,,--:--:--,00:NaN:NaN,131,131,0.0,,,,,not_a_fox_1,,,,,,,,,,,,,,,
Other,2012-05-14 12:47:10,False,Не входящий в классификацию,0.0,,00:00:24,,,,,,"0,5","1,0",,,,"0,0",,No,--:--:--,,--:--:--,00:NaN:NaN,107,107,0.006666666666666667,0.0,,0.5,1.0,not_a_fox_1,,,,,,,,,,,,,,,
Trail Running,2012-05-14 04:54:28,True,Untitled,10.11,939.0,01:10:18,127,140,,,,6:57,3:55,59.0,64.0,,"0,0",,No,--:--:--,,--:--:--,00:NaN:NaN,,,1.1716666666666666,8.628733997155049,,6.95,3.9166666666666665,not_a_fox_1,,,,,,,,,,,,,,,
Other,2012-05-12 05:55:34,False,Не входящий в классификацию,11.3,,01:38:34,118,135,,,,"6,9","185,0",63.0,63.0,,"0,0",,No,--:--:--,,--:--:--,00:NaN:NaN,121,152,1.6427777777777777,6.878593168752115,,6.9,185.0,not_a_fox_1,,,,,,,,,,,,,,,
Trail Running,2012-05-12 05:02:48,False,Untitled,10.34,932.0,01:15:00,121,135,,,,7:15,4:16,50.0,55.0,,"0,0",,No,--:--:--,,--:--:--,00:NaN:NaN,,,1.25,8.272,,7.25,4.266666666666667,not_a_fox_1,,,,,,,,,,,,,,,
Other,2012-05-11 22:29:19,False,Не входящий в классификацию,0.0,,00:00:18,,,,,,"0,0","0,0",,,,"0,0",,No,--:--:--,,--:--:--,00:NaN:NaN,133,133,0.005,0.0,,0.0,0.0,not_a_fox_1,,,,,,,,,,,,,,,
Other,2012-05-11 22:08:49,False,Не входящий в классификацию,0.0,,00:00:01,,,,,,"1,3","1,3",,,,"0,0",,No,--:--:--,,--:--:--,00:NaN:NaN,133,133,0.0002777777777777778,0.0,,1.3,1.3,not_a_fox_1,,,,,,,,,,,,,,,
Trail Running,2012-05-11 05:03:21,False,Untitled,10.39,903.0,01:18:57,119,137,,,,7:36,4:02,57.0,61.0,,"0,0",,No,--:--:--,,--:--:--,00:NaN:NaN,,,1.3158333333333334,7.896136795440152,,7.6,4.033333333333333,not_a_fox_1,,,,,,,,,,,,,,,
Trail Running,2012-05-10 05:12:22,False,Untitled,6.0,450.0,00:53:50,115,170,,,,8:58,4:04,18.0,22.0,,"0,0",,No,--:--:--,,--:--:--,00:NaN:NaN,,,0.8972222222222223,6.687306501547988,,8.966666666666667,4.066666666666666,not_a_fox_1,,,,,,,,,,,,,,,
Trail Running,2012-05-09 05:03:14,True,Untitled,10.01,934.0,01:06:12,135,153,,,,6:37,1:56,61.0,64.0,,"0,0",,No,--:--:--,,--:--:--,00:NaN:NaN,,,1.1033333333333333,9.072507552870091,,6.616666666666667,1.9333333333333333,not_a_fox_1,,,,,,,,,,,,,,,
Trail Running,2012-05-08 04:51:19,True,Untitled,10.02,913.0,01:08:28,131,152,,,,6:50,1:53,67.0,69.0,,"0,0",,No,--:--:--,,--:--:--,00:NaN:NaN,,,1.1411111111111112,8.780915287244401,,6.833333333333333,1.8833333333333333,not_a_fox_1,,,,,,,,,,,,,,,
Trail Running,2012-05-07 05:22:47,False,Untitled,8.69,713.0,01:11:52,,,,,,8:16,2:25,68.0,65.0,,"0,0",,No,--:--:--,,--:--:--,00:NaN:NaN,,,1.1977777777777778,7.255102040816325,,8.266666666666667,2.4166666666666665,not_a_fox_1,,,,,,,,,,,,,,,
Trail Running,2012-05-05 05:08:46,True,Untitled,10.01,917.0,01:09:16,132,152,,,,6:55,3:59,62.0,66.0,,"0,0",,No,--:--:--,,--:--:--,00:NaN:NaN,,,1.1544444444444444,8.670837343599615,,6.916666666666667,3.9833333333333334,not_a_fox_1,,,,,,,,,,,,,,,
Trail Running,2012-05-04 04:57:37,False,Untitled,10.83,980.0,01:20:32,128,145,,,,7:26,1:51,56.0,53.0,,"0,0",,No,--:--:--,,--:--:--,00:NaN:NaN,,,1.3422222222222222,8.068708609271523,,7.433333333333334,1.85,not_a_fox_1,,,,,,,,,,,,,,,
Trail Running,2012-05-03 05:04:54,False,Untitled,9.95,885.0,01:15:06,121,148,,,,7:33,2:55,45.0,50.0,,"0,0",,No,--:--:--,,--:--:--,00:NaN:NaN,,,1.2516666666666667,7.949400798934753,,7.55,2.9166666666666665,not_a_fox_1,,,,,,,,,,,,,,,
Running,2011-11-06 09:55:01,False,Untitled,19.42,1.381,02:19:18,,,,,,7:10,3:51,68.0,45.0,,"0,0",,No,--:--:--,,--:--:--,00:NaN:NaN,,,2.3216666666666668,8.364680545585069,,7.166666666666667,3.85,not_a_fox_1,,,,,,,,,,,,,,,
Running,2011-08-15 17:22:04,False,Untitled,8.67,522.0,01:23:57,,,,,,9:41,3:44,39.0,39.0,,"0,0",,No,--:--:--,,--:--:--,00:NaN:NaN,,,1.3991666666666667,6.196545562835021,,9.683333333333334,3.7333333333333334,not_a_fox_1,,,,,,,,,,,,,,,
Running,2011-08-11 17:23:00,False,Untitled,9.65,658.0,01:40:37,,,,,,10:25,2:59,306.0,474.0,,"0,0",,No,--:--:--,,--:--:--,00:NaN:NaN,,,1.6769444444444443,5.754513831373199,,10.416666666666666,2.9833333333333334,not_a_fox_1,,,,,,,,,,,,,,,
Running,2011-08-10 18:43:57,False,Untitled,4.83,329.0,01:20:14,,,,,,16:36,0:04,533.0,497.0,,"0,0",,No,--:--:--,,--:--:--,00:NaN:NaN,,,1.3372222222222223,3.611965101786456,,16.6,0.06666666666666667,not_a_fox_1,,,,,,,,,,,,,,,
Trail Running,2011-07-26 18:57:28,False,Untitled,7.44,476.0,00:58:17,,,,,,7:50,0:23,193.0,1.529,,"0,0",,No,--:--:--,,--:--:--,00:NaN:NaN,,,0.9713888888888889,7.6591364026308275,,7.833333333333333,0.38333333333333336,not_a_fox_1,,,,,,,,,,,,,,,
Trail Running,2011-06-04 08:41:20,False,Untitled,9.38,547.0,01:25:56,,,,,,9:10,4:14,68.0,68.0,,"0,0",,No,--:--:--,,--:--:--,00:NaN:NaN,,,1.4322222222222223,6.549262994569434,,9.166666666666666,4.233333333333333,not_a_fox_1,,,,,,,,,,,,,,,
Trail Running,2011-04-16 10:52:43,False,G3,8.8,573.0,01:08:09,,,,,,7:45,4:33,53.0,51.0,,"0,0",,No,--:--:--,,--:--:--,00:NaN:NaN,,,1.1358333333333333,7.747615553925166,,7.75,4.55,not_a_fox_1,,,,,,,,,,,,,,,
Trail Running,2011-04-10 11:38:10,False,G3+G2,17.2,982.0,02:35:05,,,,,,9:01,0:09,72.0,74.0,,"0,0",,No,--:--:--,,--:--:--,00:NaN:NaN,116,152,2.584722222222222,6.654486835034928,,9.016666666666667,0.15,not_a_fox_1,,,,,,,,,,,,,,,
Trail Running,2011-03-27 10:47:43,False,G3,8.71,549.0,01:10:38,,,,,,8:07,4:40,47.0,47.0,,"0,0",,No,--:--:--,,--:--:--,00:NaN:NaN,117,153,1.1772222222222222,7.39877300613497,,8.116666666666667,4.666666666666667,not_a_fox_1,,,,,,,,,,,,,,,
Running,2011-03-26 10:44:45,False,G4,9.19,558.0,01:16:45,,,,,,8:21,4:48,66.0,62.0,,"0,0",,No,--:--:--,,--:--:--,00:NaN:NaN,98,152,1.2791666666666666,7.1843648208469055,,8.35,4.8,not_a_fox_1,,,,,,,,,,,,,,,
Running,2011-03-13 10:55:36,False,G3,8.77,519.0,01:13:54,,,,,,8:25,5:00,47.0,43.0,,"0,0",,No,--:--:--,,--:--:--,00:NaN:NaN,,,1.2316666666666667,7.120433017591339,,8.416666666666666,5.0,not_a_fox_1,,,,,,,,,,,,,,,
Running,2011-03-12 10:43:14,False,G3,8.84,577.0,01:09:26,,,,,,7:51,3:57,48.0,44.0,,"0,0",,No,--:--:--,,--:--:--,00:NaN:NaN,,,1.1572222222222222,7.638982237157945,,7.85,3.95,not_a_fox_1,,,,,,,,,,,,,,,
Running,2011-03-07 12:31:13,False,G1,7.88,483.0,01:04:23,,,,,,8:10,5:11,25.0,25.0,,"0,0",,No,--:--:--,,--:--:--,00:NaN:NaN,,,1.0730555555555557,7.343515402536887,,8.166666666666666,5.183333333333334,not_a_fox_1,,,,,,,,,,,,,,,
Running,2011-03-06 10:51:13,False,G3-1km,7.43,451.0,01:03:51,,,,,,8:36,4:59,42.0,40.0,,"0,0",,No,--:--:--,,--:--:--,00:NaN:NaN,,,1.0641666666666667,6.981989036805011,,8.6,4.983333333333333,not_a_fox_1,,,,,,,,,,,,,,,
Running,2011-02-27 12:34:22,False,G3,8.77,472.0,01:26:02,,,,,,9:48,0:09,45.0,44.0,,"0,0",,No,--:--:--,,--:--:--,00:NaN:NaN,,,1.433888888888889,6.116234017822548,,9.8,0.15,not_a_fox_1,,,,,,,,,,,,,,,
Running,2011-02-20 13:15:46,False,G2,8.61,477.0,01:20:03,,,,,,9:18,5:38,38.0,38.0,,"0,0",,No,--:--:--,,--:--:--,00:NaN:NaN,,,1.3341666666666667,6.453466583385383,,9.3,5.633333333333333,not_a_fox_1,,,,,,,,,,,,,,,
Running,2011-01-30 10:47:21,False,G1,7.99,540.0,01:19:16,,,,,,9:55,1:26,29.0,28.0,,"0,0",,No,--:--:--,,--:--:--,00:NaN:NaN,,,1.3211111111111111,6.047939444911691,,9.916666666666666,1.4333333333333333,not_a_fox_1,,,,,,,,,,,,,,,
Running,2020-07-15 09:41:00,,Cherry Hill Running,6.0,530.0,0:43:55,141,160,,176,182,7:19,6:20,169.0,173.0,1.26,,,,00:02.3,7,,,,,0.7319444444444444,8.197343453510436,,7.316666666666666,6.333333333333333,not_a_fox_2,,,,,,,,,,,,,,,
Running,2020-07-14 17:45:00,,Cherry Hill Running,6.5,587.0,0:47:04,144,160,,172,182,7:14,6:35,183.0,187.0,1.29,,,,03:32.7,7,,,,,0.7844444444444444,8.286118980169972,,7.233333333333333,6.583333333333333,not_a_fox_2,,,,,,,,,,,,,,,
Running,2020-07-13 18:57:00,,Cherry Hill Running,5.01,392.0,0:40:29,128,151,,170,180,8:05,5:49,124.0,124.0,1.17,,,,00:04.1,6,,,,,0.6747222222222222,7.425277892136681,,8.083333333333334,5.816666666666666,not_a_fox_2,,,,,,,,,,,,,,,
Running,2020-07-12 18:44:00,,Cherry Hill Running,7.01,633.0,0:52:55,142,157,,172,180,7:33,5:00,215.0,219.0,1.24,,,,00:05.1,8,,,,,0.8819444444444444,7.948346456692914,,7.55,5.0,not_a_fox_2,,,,,,,,,,,,,,,
Running,2020-07-11 19:35:00,,Cherry Hill Running,5.19,419.0,0:41:35,129,143,,170,178,8:01,6:48,76.0,80.0,1.18,,,,01:27.1,6,,,,,0.6930555555555555,7.488577154308618,,8.016666666666667,6.8,not_a_fox_2,,,,,,,,,,,,,,,
Running,2020-07-10 17:54:00,,Ocean City Running,6.51,539.0,0:45:48,140,155,,170,176,7:02,5:55,16.0,16.0,1.35,,,,03:28.7,7,,,,,0.7633333333333333,8.528384279475983,,7.033333333333333,5.916666666666667,not_a_fox_2,,,,,,,,,,,,,,,
Running,2020-07-09 19:02:00,,Ocean City Running,5.01,448.0,0:35:11,146,159,,172,180,7:02,2:04,7.0,7.0,1.33,,,,00:03.4,6,,,,,0.586388888888889,8.543818095689245,,7.033333333333333,2.066666666666667,not_a_fox_2,,,,,,,,,,,,,,,
Running,2020-07-08 18:13:00,,Ocean City Running,5.0,458.0,0:35:29,147,172,,172,186,7:06,5:18,20.0,20.0,1.32,,,,00:01.8,6,,,,,0.591388888888889,8.454673555659934,,7.1,5.3,not_a_fox_2,,,,,,,,,,,,,,,
Running,2020-07-06 09:43:00,,Ocean City Running,6.0,542.0,0:42:31,146,167,,174,182,7:05,4:24,25.0,25.0,1.3,,,,00:02.6,7,,,,,0.7086111111111111,8.467267738141906,,7.083333333333333,4.4,not_a_fox_2,,,,,,,,,,,,,,,
Running,2020-07-05 18:08:00,,Ocean City Running,3.11,240.0,0:25:04,125,144,,170,176,8:04,6:22,23.0,23.0,1.17,,,,00:50.4,4,,,,,0.4177777777777778,7.444148936170212,,8.066666666666666,6.366666666666666,not_a_fox_2,,,,,,,,,,,,,,,
Running,2020-07-04 07:56:00,,Ocean City Running,5.52,396.0,0:44:49,125,145,,172,182,8:07,7:02,19.0,19.0,1.16,,,,03:54.8,6,,,,,0.7469444444444444,7.390107846783191,,8.116666666666667,7.033333333333333,not_a_fox_2,,,,,,,,,,,,,,,
Running,2020-07-03 18:16:00,,Ocean City Running,5.0,466.0,0:35:12,149,163,,172,182,7:02,5:49,44.0,44.0,1.32,,,,00:02.2,6,,,,,0.5866666666666667,8.522727272727273,,7.033333333333333,5.816666666666666,not_a_fox_2,,,,,,,,,,,,,,,
Running,2020-07-02 20:21:00,,Ocean City Running,4.01,325.0,0:32:16,129,141,,168,176,8:03,6:57,39.0,39.0,1.19,,,,00:03.5,5,,,,,0.5377777777777778,7.456611570247933,,8.05,6.95,not_a_fox_2,,,,,,,,,,,,,,,
Running,2020-07-01 16:29:00,,Cherry Hill Running,5.56,495.0,0:39:49,146,167,,172,184,7:09,5:57,199.0,204.0,1.31,,,,04:15.6,6,,,,,0.6636111111111112,8.378401004604436,,7.15,5.95,not_a_fox_2,,,,,,,,,,,,,,,
Running,2020-06-29 18:56:00,,Cherry Hill Running,7.0,670.0,0:52:45,147,163,,170,178,7:32,6:25,233.0,237.0,1.25,,,,00:01.7,8,,,,,0.8791666666666667,7.9620853080568725,,7.533333333333333,6.416666666666667,not_a_fox_2,,,,,,,,,,,,,,,
Running,2020-06-28 19:21:00,,Cherry Hill Running,5.31,447.0,0:44:06,133,152,,168,178,8:18,7:00,221.0,217.0,1.15,,,,02:30.2,6,,,,,0.735,7.224489795918367,,8.3,7.0,not_a_fox_2,,,,,,,,,,,,,,,
Running,2020-06-27 17:27:00,,Cherry Hill Running,6.38,584.0,0:49:03,141,160,,170,178,7:42,4:08,198.0,204.0,1.23,,,,02:57.9,7,,,,,0.8175,7.804281345565749,,7.7,4.133333333333334,not_a_fox_2,,,,,,,,,,,,,,,
Running,2020-06-26 18:22:00,,Cherry Hill Running,5.0,431.0,0:39:06,136,154,,172,180,7:49,7:05,137.0,139.0,1.2,,,,00:01.1,6,,,,,0.6516666666666667,7.672634271099744,,7.816666666666666,7.083333333333333,not_a_fox_2,,,,,,,,,,,,,,,
Running,2020-06-25 17:47:00,,Cherry Hill Running,7.0,639.0,0:50:05,147,162,,172,180,7:09,6:14,205.0,213.0,1.32,,,,00:02.8,8,,,,,0.8347222222222223,8.386023294509151,,7.15,6.233333333333333,not_a_fox_2,,,,,,,,,,,,,,,
Running,2020-06-24 18:13:00,,Cherry Hill Running,6.0,543.0,0:47:07,139,160,,172,178,7:51,6:38,205.0,200.0,1.2,,,,00:00.6,7,,,,,0.7852777777777777,7.640608418818536,,7.85,6.633333333333333,not_a_fox_2,,,,,,,,,,,,,,,
Running,2020-06-23 18:56:00,,Cherry Hill Running,5.14,504.0,0:37:47,150,191,,170,180,7:21,6:03,138.0,145.0,1.28,,,,00:59.1,6,,,,,0.6297222222222223,8.16232906925452,,7.35,6.05,not_a_fox_2,,,,,,,,,,,,,,,
Running,2020-06-21 17:40:00,,Chicago Running,6.0,520.0,0:41:23,145,157,,172,178,6:54,6:07,105.0,105.0,1.36,,,,00:00.6,7,,,,,0.6897222222222222,8.69915424889247,,6.9,6.116666666666666,not_a_fox_2,,,,,,,,,,,,,,,
Running,2020-06-20 08:58:00,,Chicago Running,4.02,328.0,0:34:04,127,152,,172,178,8:29,6:49,47.0,47.0,1.11,,,,00:10.2,5,,,,,0.5677777777777777,7.080234833659492,,8.483333333333333,6.816666666666666,not_a_fox_2,,,,,,,,,,,,,,,
Running,2020-06-18 17:47:00,,Cherry Hill Running,5.0,440.0,0:39:47,136,152,,170,178,7:57,7:07,169.0,162.0,1.18,,,,00:01.0,6,,,,,0.6630555555555556,7.5408462505236695,,7.95,7.116666666666666,not_a_fox_2,,,,,,,,,,,,,,,
Running,2020-06-17 18:02:00,,Cherry Hill Running,7.01,625.0,0:50:04,146,162,,170,178,7:09,5:58,200.0,207.0,1.33,,,,00:05.0,8,,,,,0.8344444444444444,8.400798934753661,,7.15,5.966666666666667,not_a_fox_2,,,,,,,,,,,,,,,
Running,2020-06-16 09:50:00,,Ocean City Running,6.0,576.0,0:42:33,151,175,,172,178,7:05,6:25,49.0,49.0,1.32,,,,00:01.4,7,,,,,0.7091666666666666,8.46063454759107,,7.083333333333333,6.416666666666667,not_a_fox_2,,,,,,,,,,,,,,,
Running,2020-06-15 18:07:00,,Ocean City Running,4.12,283.0,0:33:39,120,136,,170,180,8:10,6:34,22.0,22.0,1.16,,,,00:55.9,5,,,,,0.5608333333333334,7.346210995542347,,8.166666666666666,6.566666666666666,not_a_fox_2,,,,,,,,,,,,,,,
Running,2020-06-14 10:40:00,,Ocean City Running,7.75,582.0,1:02:25,130,151,,170,182,8:03,3:54,57.0,57.0,1.17,,,,05:57.9,8,,,,,1.0402777777777779,7.449933244325767,,8.05,3.9,not_a_fox_2,,,,,,,,,,,,,,,
Running,2020-06-13 18:09:00,,Ocean City Running,5.0,430.0,0:39:45,135,169,,172,178,7:57,1:58,39.0,39.0,1.17,,,,00:01.6,6,,,,,0.6625,7.547169811320755,,7.95,1.9666666666666668,not_a_fox_2,,,,,,,,,,,,,,,
Running,2020-06-11 18:10:00,,Cherry Hill Running,7.0,616.0,0:50:54,143,161,,172,180,7:16,6:22,220.0,226.0,1.29,,,,00:01.0,8,,,,,0.8483333333333334,8.251473477406678,,7.266666666666667,6.366666666666666,not_a_fox_2,,,,,,,,,,,,,,,
Running,2020-06-10 20:28:00,,Cherry Hill Running,5.0,429.0,0:40:37,134,153,,168,178,8:07,6:55,109.0,107.0,1.17,,,,00:01.6,6,,,,,0.6769444444444445,7.386130488305294,,8.116666666666667,6.916666666666667,not_a_fox_2,,,,,,,,,,,,,,,
Running,2020-06-09 17:42:00,,Cherry Hill Running,4.16,373.0,0:32:08,139,153,,170,176,7:43,6:21,102.0,105.0,1.23,,,,01:13.7,5,,,,,0.5355555555555556,7.767634854771784,,7.716666666666667,6.35,not_a_fox_2,,,,,,,,,,,,,,,
Running,2020-06-08 18:00:00,,Cherry Hill Running,8.46,763.0,1:01:19,147,163,,172,178,7:15,6:27,279.0,283.0,1.3,,,,03:14.6,9,,,,,1.0219444444444443,8.278336504484916,,7.25,6.45,not_a_fox_2,,,,,,,,,,,,,,,
Running,2020-06-07 17:46:00,,Cherry Hill Running,5.13,443.0,0:38:25,141,163,,170,178,7:29,5:06,139.0,146.0,1.26,,,,00:59.3,6,,,,,0.6402777777777777,8.012147505422995,,7.483333333333333,5.1,not_a_fox_2,,,,,,,,,,,,,,,
Running,2020-06-06 18:39:00,,Cherry Hill Running,5.0,465.0,0:38:15,145,157,,172,182,7:39,5:45,134.0,136.0,1.22,,,,07:28.0,5,,,,,0.6375,7.843137254901961,,7.65,5.75,not_a_fox_2,,,,,,,,,,,,,,,
Running,2020-06-05 16:48:00,,Cherry Hill Running,4.77,353.0,0:38:52,128,164,,170,178,8:09,7:20,75.0,78.0,1.17,,,,06:03.3,5,,,,,0.6477777777777778,7.363636363636363,,8.15,7.333333333333333,not_a_fox_2,,,,,,,,,,,,,,,
Running,2020-06-04 18:33:00,,Cherry Hill Running,5.0,458.0,0:39:47,142,154,,170,178,7:57,6:59,135.0,131.0,1.19,,,,00:02.0,6,,,,,0.6630555555555556,7.5408462505236695,,7.95,6.983333333333333,not_a_fox_2,,,,,,,,,,,,,,,
Running,2020-06-02 17:50:00,,Cherry Hill Running,6.0,558.0,0:44:23,140,154,,170,180,7:24,4:26,150.0,155.0,1.28,,,,00:02.0,7,,,,,0.7397222222222222,8.11115283514833,,7.4,4.433333333333334,not_a_fox_2,,,,,,,,,,,,,,,
Running,2020-06-01 18:10:00,,Cherry Hill Running,6.0,570.0,0:42:05,148,177,,172,180,7:01,5:56,195.0,192.0,1.33,,,,06:22.7,6,,,,,0.7013888888888888,8.554455445544555,,7.016666666666667,5.933333333333334,not_a_fox_2,,,,,,,,,,,,,,,
Running,2020-05-31 19:25:00,,Cherry Hill Running,4.0,358.0,0:29:02,140,150,,172,178,7:16,6:20,108.0,114.0,1.29,,,,07:06.8,4,,,,,0.48388888888888887,8.266360505166476,,7.266666666666667,6.333333333333333,not_a_fox_2,,,,,,,,,,,,,,,
Running,2020-05-30 18:49:00,,Ocean City Running,6.0,571.0,0:48:04,138,151,,170,178,8:01,5:25,49.0,49.0,1.18,,,,00:02.9,7,,,,,0.8011111111111111,7.489597780859917,,8.016666666666667,5.416666666666667,not_a_fox_2,,,,,,,,,,,,,,,
Running,2020-05-29 18:32:00,,Ocean City Running,6.0,466.0,0:48:03,126,159,,170,180,8:00,6:24,34.0,34.0,1.19,,,,00:01.9,7,,,,,0.8008333333333334,7.4921956295525485,,8.0,6.4,not_a_fox_2,,,,,,,,,,,,,,,
Running,2020-05-27 17:55:00,,Cherry Hill Running,5.0,506.0,0:36:25,155,165,,176,182,7:17,6:29,133.0,138.0,1.26,,,,07:00.5,5,,,,,0.6069444444444444,8.237986270022883,,7.283333333333333,6.483333333333333,not_a_fox_2,,,,,,,,,,,,,,,
Running,2020-05-26 17:26:00,,Cherry Hill Running,6.0,610.0,0:42:22,158,175,,174,184,7:04,0:33,180.0,183.0,1.31,,,,06:53.4,6,,,,,0.706111111111111,8.49724626278521,,7.066666666666666,0.55,not_a_fox_2,,,,,,,,,,,,,,,
Running,2020-05-25 15:09:00,,Cherry Hill Running,6.0,592.0,0:43:20,149,173,,174,182,7:13,6:19,178.0,185.0,1.28,,,,00:01.4,7,,,,,0.7222222222222222,8.307692307692308,,7.216666666666667,6.316666666666666,not_a_fox_2,,,,,,,,,,,,,,,
Running,2020-05-24 15:25:00,,Cherry Hill Running,3.91,375.0,0:29:06,142,158,,174,180,7:27,6:38,116.0,122.0,1.25,,,,06:38.9,4,,,,,0.485,8.061855670103093,,7.45,6.633333333333333,not_a_fox_2,,,,,,,,,,,,,,,
Running,2020-05-23 17:03:00,,Cherry Hill Running,3.57,296.0,0:25:37,132,142,,174,180,7:10,5:33,96.0,101.0,1.29,,,,03:21.5,4,,,,,0.42694444444444446,8.36174365647365,,7.166666666666667,5.55,not_a_fox_2,,,,,,,,,,,,,,,
Running,2020-05-22 17:49:00,,Cherry Hill Running,5.3,498.0,0:40:47,140,158,,174,180,7:42,6:45,146.0,150.0,1.2,,,,02:16.7,6,,,,,0.6797222222222222,7.797302819779321,,7.7,6.75,not_a_fox_2,,,,,,,,,,,,,,,
Running,2020-05-21 17:19:00,,Cherry Hill Running,6.0,609.0,0:45:27,149,161,,172,180,7:35,6:24,183.0,185.0,1.23,,,,07:29.0,6,,,,,0.7575,7.920792079207922,,7.583333333333333,6.4,not_a_fox_2,,,,,,,,,,,,,,,
Running,2020-05-19 17:42:00,,Cherry Hill Running,6.0,561.0,0:44:03,143,150,,172,180,7:20,6:11,189.0,193.0,1.27,,,,00:01.1,7,,,,,0.7341666666666666,8.172531214528945,,7.333333333333333,6.183333333333334,not_a_fox_2,,,,,,,,,,,,,,,
Running,2020-05-18 18:07:00,,Cherry Hill Running,3.0,274.0,0:23:55,135,148,,172,180,7:58,7:04,87.0,82.0,1.18,,,,00:01.6,4,,,,,0.39861111111111114,7.526132404181184,,7.966666666666667,7.066666666666666,not_a_fox_2,,,,,,,,,,,,,,,
Running,2020-05-17 17:11:00,,Cherry Hill Running,6.22,584.0,0:45:48,147,160,,168,176,7:22,6:28,191.0,192.0,1.29,,,,01:41.2,7,,,,,0.7633333333333333,8.148471615720524,,7.366666666666666,6.466666666666667,not_a_fox_2,,,,,,,,,,,,,,,
Running,2020-05-15 17:06:00,,Cherry Hill Running,2.59,256.0,0:20:56,142,158,,170,178,8:05,6:54,92.0,95.0,1.16,,,,05:16.2,3,,,,,0.34888888888888886,7.423566878980892,,8.083333333333334,6.9,not_a_fox_2,,,,,,,,,,,,,,,
Running,2020-05-14 17:11:00,,Cherry Hill Running,6.15,602.0,0:47:36,146,166,,170,176,7:44,7:00,208.0,213.0,1.23,,,,01:11.7,7,,,,,0.7933333333333333,7.7521008403361344,,7.733333333333333,7.0,not_a_fox_2,,,,,,,,,,,,,,,
Running,2020-05-12 16:54:00,,Cherry Hill Running,5.01,477.0,0:37:45,146,158,,170,180,7:32,6:50,142.0,134.0,1.25,,,,00:05.3,6,,,,,0.6291666666666667,7.962913907284768,,7.533333333333333,6.833333333333333,not_a_fox_2,,,,,,,,,,,,,,,
Running,2020-05-11 17:10:00,,Cherry Hill Running,6.08,629.0,0:45:50,155,161,,170,178,7:32,6:18,189.0,195.0,1.26,,,,00:40.9,7,,,,,0.7638888888888888,7.959272727272728,,7.533333333333333,6.3,not_a_fox_2,,,,,,,,,,,,,,,
Running,2020-05-10 18:25:00,,Cherry Hill Running,4.0,396.0,0:30:22,148,159,,170,198,7:35,6:51,144.0,148.0,1.24,,,,00:01.8,5,,,,,0.5061111111111111,7.903402854006587,,7.583333333333333,6.85,not_a_fox_2,,,,,,,,,,,,,,,
Running,2020-05-08 17:39:00,,Cherry Hill Running,3.1,315.0,0:24:32,145,155,,174,178,7:55,7:18,76.0,84.0,1.17,,,,00:48.8,4,,,,,0.4088888888888889,7.581521739130435,,7.916666666666667,7.3,not_a_fox_2,,,,,,,,,,,,,,,
Running,2020-05-07 17:00:00,,Cherry Hill Running,5.5,525.0,0:38:52,153,173,,170,178,7:04,6:31,182.0,186.0,1.33,,,,03:30.7,6,,,,,0.6477777777777778,8.49056603773585,,7.066666666666666,6.516666666666667,not_a_fox_2,,,,,,,,,,,,,,,
Running,2020-05-05 17:37:00,,Cherry Hill Running,5.0,471.0,0:36:45,146,157,,170,178,7:21,6:37,130.0,133.0,1.28,,,,00:00.6,6,,,,,0.6124999999999999,8.16326530612245,,7.35,6.616666666666667,not_a_fox_2,,,,,,,,,,,,,,,
Running,2020-05-04 16:55:00,,Cherry Hill Running,5.01,516.0,0:37:57,152,161,,170,178,7:35,6:59,148.0,152.0,1.26,,,,00:03.2,6,,,,,0.6325000000000001,7.920948616600789,,7.583333333333333,6.983333333333333,not_a_fox_2,,,,,,,,,,,,,,,
Running,2020-05-01 15:03:00,,Cherry Hill Running,5.35,534.0,0:39:23,151,169,,170,178,7:21,6:38,137.0,143.0,1.28,,,,02:34.1,6,,,,,0.6563888888888889,8.15065594583157,,7.35,6.633333333333333,not_a_fox_2,,,,,,,,,,,,,,,
Running,2020-04-29 16:59:00,,Cherry Hill Running,5.43,523.0,0:40:40,146,172,,170,176,7:29,6:25,133.0,136.0,1.26,,,,03:12.6,6,,,,,0.6777777777777777,8.011475409836066,,7.483333333333333,6.416666666666667,not_a_fox_2,,,,,,,,,,,,,,,
Running,2020-04-28 17:03:00,,Cherry Hill Running,5.0,492.0,0:37:39,147,160,,168,176,7:32,6:48,164.0,167.0,1.26,,,,00:01.8,6,,,,,0.6275000000000001,7.96812749003984,,7.533333333333333,6.8,not_a_fox_2,,,,,,,,,,,,,,,
Running,2020-04-27 16:43:00,,Cherry Hill Running,5.01,414.0,0:36:32,136,166,,170,180,7:18,6:30,144.0,149.0,1.3,,,,00:08.1,6,,,,,0.6088888888888888,8.228102189781023,,7.3,6.5,not_a_fox_2,,,,,,,,,,,,,,,
Running,2020-04-25 17:25:00,,Cherry Hill Running,7.0,718.0,0:52:52,154,181,,170,178,7:33,4:58,269.0,261.0,1.26,,,,00:02.7,8,,,,,0.8811111111111112,7.94451450189155,,7.55,4.966666666666667,not_a_fox_2,,,,,,,,,,,,,,,
Running,2020-04-23 16:38:00,,Cherry Hill Running,4.0,372.0,0:30:22,139,160,,168,176,7:36,6:45,118.0,124.0,1.26,,,,07:23.3,4,,,,,0.5061111111111111,7.903402854006587,,7.6,6.75,not_a_fox_2,,,,,,,,,,,,,,,
Running,2020-04-21 17:10:00,,Cherry Hill Running,4.12,391.0,0:31:25,142,161,,170,176,7:37,6:07,171.0,177.0,1.24,,,,00:55.2,5,,,,,0.5236111111111111,7.868435013262599,,7.616666666666667,6.116666666666666,not_a_fox_2,,,,,,,,,,,,,,,
Running,2020-04-20 17:46:00,,Cherry Hill Running,6.0,614.0,0:44:42,151,166,,170,176,7:27,6:40,214.0,208.0,1.27,,,,00:01.8,7,,,,,0.745,8.053691275167786,,7.45,6.666666666666667,not_a_fox_2,,,,,,,,,,,,,,,
Running,2020-04-19 16:48:00,,Cherry Hill Running,3.19,317.0,0:24:30,143,152,,170,176,7:42,6:29,93.0,98.0,1.23,,,,01:29.2,4,,,,,0.4083333333333334,7.812244897959182,,7.7,6.483333333333333,not_a_fox_2,,,,,,,,,,,,,,,
Running,2020-04-17 17:20:00,,Cherry Hill Running,3.02,294.0,0:22:16,145,157,,172,178,7:23,6:25,113.0,106.0,1.27,,,,00:06.9,4,,,,,0.37111111111111106,8.137724550898206,,7.383333333333334,6.416666666666667,not_a_fox_2,,,,,,,,,,,,,,,
Running,2020-04-16 17:34:00,,Cherry Hill Running,4.33,377.0,0:30:44,141,151,,172,188,7:06,5:26,146.0,150.0,1.31,,,,02:05.7,5,,,,,0.5122222222222222,8.453362255965292,,7.1,5.433333333333334,not_a_fox_2,,,,,,,,,,,,,,,
Running,2020-04-15 14:58:00,,Cherry Hill Running,3.04,289.0,0:22:59,144,168,,170,176,7:33,6:40,97.0,103.0,1.26,,,,00:19.8,4,,,,,0.38305555555555554,7.936185641769399,,7.55,6.666666666666667,not_a_fox_2,,,,,,,,,,,,,,,
Running,2020-04-14 17:22:00,,Cherry Hill Running,5.09,489.0,0:36:46,155,173,,170,178,7:14,5:13,135.0,139.0,1.32,,,,00:30.8,6,,,,,0.6127777777777778,8.3064369900272,,7.233333333333333,5.216666666666667,not_a_fox_2,,,,,,,,,,,,,,,
Running,2020-04-12 11:02:00,,Cherry Hill Running,6.01,608.0,0:46:31,152,170,,168,174,7:45,6:48,191.0,186.0,1.24,,,,00:02.6,7,,,,,0.7752777777777778,7.752060193479039,,7.75,6.8,not_a_fox_2,,,,,,,,,,,,,,,
Running,2020-04-10 16:56:00,,Cherry Hill Running,3.01,284.0,0:23:14,143,152,,170,180,7:44,5:50,112.0,118.0,1.23,,,,00:02.9,4,,,,,0.38722222222222225,7.773314203730272,,7.733333333333333,5.833333333333333,not_a_fox_2,,,,,,,,,,,,,,,
Running,2020-04-09 18:01:00,,Cherry Hill Running,3.3,306.0,0:25:19,144,158,,172,180,7:41,6:25,100.0,107.0,1.22,,,,02:13.6,4,,,,,0.42194444444444446,7.8209348255431195,,7.683333333333334,6.416666666666667,not_a_fox_2,,,,,,,,,,,,,,,
Running,2020-04-08 16:18:00,,Cherry Hill Running,4.0,409.0,0:31:37,151,162,,170,178,7:54,7:04,132.0,135.0,1.2,,,,00:01.4,5,,,,,0.5269444444444445,7.590933052187664,,7.9,7.066666666666666,not_a_fox_2,,,,,,,,,,,,,,,
Running,2020-04-07 17:30:00,,Cherry Hill Running,4.42,437.0,0:33:54,151,162,,168,174,7:40,4:01,188.0,173.0,1.25,,,,03:20.0,5,,,,,0.5650000000000001,7.823008849557521,,7.666666666666667,4.016666666666667,not_a_fox_2,,,,,,,,,,,,,,,
Running,2020-04-04 16:27:00,,Cherry Hill Running,5.42,540.0,0:42:58,148,173,,170,178,7:56,5:36,174.0,181.0,1.19,,,,03:06.1,6,,,,,0.716111111111111,7.56865787432118,,7.933333333333334,5.6,not_a_fox_2,,,,,,,,,,,,,,,
Running,2020-04-02 16:13:00,,Cherry Hill Running,3.7,319.0,0:28:10,137,148,,170,176,7:37,6:23,81.0,88.0,1.25,,,,05:17.2,4,,,,,0.46944444444444444,7.881656804733728,,7.616666666666667,6.383333333333334,not_a_fox_2,,,,,,,,,,,,,,,
Running,2020-04-01 16:44:00,,Cherry Hill Running,4.28,400.0,0:32:46,148,175,,168,174,7:40,6:28,106.0,111.0,1.25,,,,02:07.2,5,,,,,0.5461111111111111,7.837232960325535,,7.666666666666667,6.466666666666667,not_a_fox_2,,,,,,,,,,,,,,,
Running,2020-03-31 17:22:00,,Cherry Hill Running,4.8,496.0,0:39:06,152,161,,170,180,8:09,7:02,146.0,150.0,1.17,,,,06:38.3,5,,,,,0.6516666666666667,7.365728900255753,,8.15,7.033333333333333,not_a_fox_2,,,,,,,,,,,,,,,
Running,2020-03-29 16:27:00,,Cherry Hill Running,4.0,383.0,0:29:25,157,183,,170,176,7:21,6:18,143.0,149.0,1.29,,,,00:02.0,5,,,,,0.49027777777777776,8.158640226628895,,7.35,6.3,not_a_fox_2,,,,,,,,,,,,,,,
Running,2020-03-27 15:46:00,,Cherry Hill Running,3.02,285.0,0:22:18,156,168,,170,176,7:24,6:25,86.0,91.0,1.28,,,,00:06.2,4,,,,,0.37166666666666665,8.125560538116593,,7.4,6.416666666666667,not_a_fox_2,,,,,,,,,,,,,,,
Running,2020-03-26 16:47:00,,Cherry Hill Running,4.63,464.0,0:36:24,156,175,,168,176,7:51,6:49,149.0,155.0,1.22,,,,04:38.0,5,,,,,0.6066666666666667,7.631868131868131,,7.85,6.816666666666666,not_a_fox_2,,,,,,,,,,,,,,,
Running,2020-03-25 17:08:00,,Cherry Hill Running,2.02,189.0,0:15:41,146,153,,170,180,7:47,6:21,89.0,79.0,1.22,,,,00:06.9,3,,,,,0.2613888888888889,7.727948990435706,,7.783333333333333,6.35,not_a_fox_2,,,,,,,,,,,,,,,
Running,2020-03-24 18:07:00,,Cherry Hill Running,3.1,316.0,0:23:49,161,176,,168,174,7:41,6:30,79.0,85.0,1.25,,,,00:49.6,4,,,,,0.3969444444444445,7.809657102869139,,7.683333333333334,6.5,not_a_fox_2,,,,,,,,,,,,,,,
Running,2020-03-22 17:26:00,,Cherry Hill Running,3.03,316.0,0:23:24,160,169,,168,176,7:43,7:01,79.0,85.0,1.24,,,,00:15.3,4,,,,,0.39,7.769230769230768,,7.716666666666667,7.016666666666667,not_a_fox_2,,,,,,,,,,,,,,,
Running,2020-03-20 16:02:00,,Cherry Hill Running,2.0,208.0,0:15:45,155,162,,170,176,7:52,7:19,46.0,52.0,1.21,,,,00:01.4,3,,,,,0.2625,7.619047619047619,,7.866666666666667,7.316666666666666,not_a_fox_2,,,,,,,,,,,,,,,
Running,2020-03-19 16:58:00,,Cherry Hill Running,3.5,365.0,0:26:33,159,176,,168,176,7:36,6:43,101.0,101.0,1.26,,,,03:57.3,4,,,,,0.4425,7.909604519774011,,7.6,6.716666666666667,not_a_fox_2,,,,,,,,,,,,,,,
Running,2020-03-18 17:11:00,,Cherry Hill Running,1.2,58.0,09:18.1,102,140,,170,178,7:46,5:43,19.0,3.0,1.21,,,,01:38.3,2,,,,,0.15502777777777776,7.740548288837126,,7.766666666666667,5.716666666666667,not_a_fox_2,,,,,,,,,,,,,,,
Running,2020-02-22 10:19:00,,Chicago Running,4.0,379.0,0:29:14,151,174,,170,176,7:18,4:52,60.0,59.0,1.29,,,,00:01.7,5,,,,,0.4872222222222222,8.209806157354619,,7.3,4.866666666666667,not_a_fox_2,,,,,,,,,,,,,,,
Running,2020-01-30 12:34:00,,Chicago Running,3.0,285.0,0:22:06,150,164,,172,178,7:22,2:24,54.0,52.0,1.27,,,,07:13.7,3,,,,,0.3683333333333333,8.144796380090499,,7.366666666666666,2.4,not_a_fox_2,,,,,,,,,,,,,,,
Running,2019-11-16 11:26:00,,Chicago Running,3.1,281.0,0:21:53,149,157,,174,180,7:04,5:22,46.0,46.0,1.32,,,,00:42.1,4,,,,,0.3647222222222222,8.499619192688499,,7.066666666666666,5.366666666666666,not_a_fox_2,,,,,,,,,,,,,,,
Running,2019-11-03 15:38:00,,Chicago Running,5.58,581.0,0:43:26,154,164,,170,178,7:47,6:29,77.0,82.0,1.22,,,,04:35.4,6,,,,,0.7238888888888889,7.708365310821182,,7.783333333333333,6.483333333333333,not_a_fox_2,,,,,,,,,,,,,,,
Running,2019-11-02 11:25:00,,Chicago Running,5.0,530.0,0:39:57,151,187,,172,180,8:00,4:13,67.0,68.0,1.17,,,,07:54.3,5,,,,,0.6658333333333334,7.50938673341677,,8.0,4.216666666666667,not_a_fox_2,,,,,,,,,,,,,,,
Running,2019-10-24 17:04:00,,Chicago Running,3.18,344.0,0:24:12,157,165,,172,180,7:36,1:31,31.0,30.0,1.23,,,,01:23.8,4,,,,,0.4033333333333334,7.884297520661157,,7.6,1.5166666666666666,not_a_fox_2,,,,,,,,,,,,,,,
Running,2019-10-19 09:52:00,,Chicago Running,4.3,417.0,0:36:54,134,151,,170,180,8:35,5:54,46.0,46.0,1.11,,,,02:37.5,5,,,,,0.615,6.991869918699186,,8.583333333333334,5.9,not_a_fox_2,,,,,,,,,,,,,,,
Running,2019-10-07 10:37:00,,Chicago Running,4.03,388.0,0:28:24,152,166,,174,182,7:03,4:32,51.0,52.0,1.32,,,,00:12.3,5,,,,,0.47333333333333333,8.514084507042254,,7.05,4.533333333333333,not_a_fox_2,,,,,,,,,,,,,,,
Running,2019-10-06 12:33:00,,Chicago Running,3.1,305.0,0:23:00,147,160,,174,182,7:25,6:14,48.0,55.0,1.25,,,,00:44.9,4,,,,,0.38333333333333336,8.08695652173913,,7.416666666666667,6.233333333333333,not_a_fox_2,,,,,,,,,,,,,,,
Running,2019-10-03 17:04:00,,Chicago Running,2.52,220.0,0:17:04,146,179,,172,182,6:47,5:13,17.0,20.0,1.38,,,,03:53.4,3,,,,,0.28444444444444444,8.859375,,6.783333333333333,5.216666666666667,not_a_fox_2,,,,,,,,,,,,,,,
Running,2019-10-01 16:46:00,,Chicago Running,4.0,400.0,0:28:50,152,166,,172,180,7:13,4:57,45.0,45.0,1.29,,,,07:05.1,4,,,,,0.48055555555555557,8.323699421965317,,7.216666666666667,4.95,not_a_fox_2,,,,,,,,,,,,,,,
Running,2019-09-30 12:26:00,,Chicago Running,2.5,227.0,0:17:34,143,150,,176,182,7:02,5:56,21.0,28.0,1.3,,,,03:31.9,3,,,,,0.29277777777777775,8.538899430740038,,7.033333333333333,5.933333333333334,not_a_fox_2,,,,,,,,,,,,,,,
Running,2019-09-28 17:31:00,,Chicago Running,4.01,371.0,0:27:07,153,166,,174,182,6:46,2:52,40.0,40.0,1.36,,,,00:03.1,5,,,,,0.4519444444444445,8.872771972956361,,6.766666666666667,2.8666666666666667,not_a_fox_2,,,,,,,,,,,,,,,
Running,2019-09-26 09:12:00,,Chicago Running,4.01,379.0,0:28:33,149,163,,176,184,7:08,6:28,49.0,53.0,1.29,,,,00:02.1,5,,,,,0.47583333333333333,8.427320490367775,,7.133333333333334,6.466666666666667,not_a_fox_2,,,,,,,,,,,,,,,
Running,2019-09-24 18:16:00,,Chicago Running,5.01,479.0,0:35:14,152,163,,174,184,7:02,5:24,64.0,66.0,1.31,,,,00:02.1,6,,,,,0.5872222222222223,8.531693472090822,,7.033333333333333,5.4,not_a_fox_2,,,,,,,,,,,,,,,
Running,2019-09-23 08:39:00,,Chicago Running,3.02,284.0,0:21:06,151,163,,178,184,6:59,4:20,45.0,48.0,1.3,,,,00:08.1,4,,,,,0.3516666666666666,8.587677725118484,,6.983333333333333,4.333333333333333,not_a_fox_2,,,,,,,,,,,,,,,
Running,2019-09-20 17:08:00,,Cherry Hill Running,3.0,293.0,0:22:54,142,156,,176,184,7:38,6:57,101.0,106.0,1.2,,,,00:02.1,4,,,,,0.38166666666666665,7.860262008733625,,7.633333333333333,6.95,not_a_fox_2,,,,,,,,,,,,,,,
Running,2019-09-19 18:13:00,,Cherry Hill Running,3.22,279.0,0:22:05,142,156,,174,180,6:52,3:19,43.0,47.0,1.34,,,,01:30.7,4,,,,,0.3680555555555555,8.74867924528302,,6.866666666666667,3.3166666666666664,not_a_fox_2,,,,,,,,,,,,,,,
Running,2019-09-18 17:05:00,,Cherry Hill Running,5.01,456.0,0:35:33,147,161,,174,182,7:06,6:28,192.0,182.0,1.31,,,,00:04.2,6,,,,,0.5925,8.455696202531644,,7.1,6.466666666666667,not_a_fox_2,,,,,,,,,,,,,,,
Running,2019-09-17 17:47:00,,Cherry Hill Running,5.0,475.0,0:36:00,152,168,,174,182,7:12,6:20,138.0,142.0,1.28,,,,00:00.6,6,,,,,0.6,8.333333333333334,,7.2,6.333333333333333,not_a_fox_2,,,,,,,,,,,,,,,
Running,2019-09-16 17:57:00,,Cherry Hill Running,5.01,479.0,0:37:20,149,163,,174,180,7:28,6:08,163.0,156.0,1.25,,,,00:02.1,6,,,,,0.6222222222222222,8.051785714285714,,7.466666666666667,6.133333333333334,not_a_fox_2,,,,,,,,,,,,,,,
Running,2019-09-15 17:08:00,,Cherry Hill Running,4.0,388.0,0:29:32,152,176,,172,198,7:23,4:32,124.0,127.0,1.27,,,,00:02.1,5,,,,,0.4922222222222222,8.126410835214447,,7.383333333333334,4.533333333333333,not_a_fox_2,,,,,,,,,,,,,,,
Running,2019-09-14 17:10:00,,Cherry Hill Running,3.5,345.0,0:25:47,152,173,,174,180,7:22,6:31,117.0,109.0,1.26,,,,03:40.1,4,,,,,0.4297222222222222,8.144796380090497,,7.366666666666666,6.516666666666667,not_a_fox_2,,,,,,,,,,,,,,,
Running,2019-09-13 15:59:00,,Cherry Hill Running,4.0,386.0,0:28:56,153,168,,172,180,7:14,6:30,100.0,104.0,1.3,,,,00:01.6,5,,,,,0.4822222222222222,8.294930875576037,,7.233333333333333,6.5,not_a_fox_2,,,,,,,,,,,,,,,
Running,2019-09-11 17:49:00,,Cherry Hill Running,3.49,334.0,0:26:20,152,171,,172,178,7:32,6:29,107.0,108.0,1.25,,,,03:41.5,4,,,,,0.4388888888888889,7.951898734177216,,7.533333333333333,6.483333333333333,not_a_fox_2,,,,,,,,,,,,,,,
Running,2019-09-10 18:26:00,,Cherry Hill Running,4.0,376.0,0:28:31,156,175,,170,178,7:07,6:07,123.0,119.0,1.33,,,,00:01.8,5,,,,,0.4752777777777778,8.416130917592051,,7.116666666666666,6.116666666666666,not_a_fox_2,,,,,,,,,,,,,,,
Running,2019-09-09 17:24:00,,Cherry Hill Running,5.0,452.0,0:36:25,149,173,,170,180,7:17,4:07,179.0,187.0,1.31,,,,00:01.3,6,,,,,0.6069444444444444,8.237986270022883,,7.283333333333333,4.116666666666666,not_a_fox_2,,,,,,,,,,,,,,,
Running,2019-09-08 19:16:00,,Cherry Hill Running,4.0,356.0,0:29:10,145,156,,170,178,7:17,5:57,136.0,129.0,1.29,,,,00:01.8,5,,,,,0.4861111111111111,8.22857142857143,,7.283333333333333,5.95,not_a_fox_2,,,,,,,,,,,,,,,
Running,2019-09-05 17:55:00,,Cherry Hill Running,4.0,371.0,0:29:53,148,165,,172,180,7:28,5:47,152.0,143.0,1.26,,,,00:01.4,5,,,,,0.4980555555555556,8.031232571109872,,7.466666666666667,5.783333333333333,not_a_fox_2,,,,,,,,,,,,,,,
Running,2019-08-30 11:05:00,,Cherry Hill Running,2.04,190.0,0:15:09,149,162,,174,180,7:26,6:41,63.0,68.0,1.25,,,,00:18.7,3,,,,,0.2525,8.07920792079208,,7.433333333333334,6.683333333333334,not_a_fox_2,,,,,,,,,,,,,,,
Running,2019-08-28 17:49:00,,Ocean City Running,4.5,455.0,0:35:56,148,166,,168,174,7:59,6:23,13.0,13.0,1.2,,,,03:58.5,5,,,,,0.5988888888888889,7.513914656771799,,7.983333333333333,6.383333333333334,not_a_fox_2,,,,,,,,,,,,,,,
Running,2019-08-24 19:48:00,,Cherry Hill Running,0.78,63.0,05:57.7,129,150,,170,212,7:41,3:59,7.0,7.0,1.23,,,,00:00.0,1,,,,,0.09936111111111111,7.850153760134191,,7.683333333333334,3.9833333333333334,not_a_fox_2,,,,,,,,,,,,,,,
Running,2019-08-24 19:27:00,,Cherry Hill Running,0.74,74.0,07:51.0,121,128,,162,168,10:35,8:37,12.0,12.0,0.94,,,,00:00.0,1,,,,,0.13083333333333333,5.656050955414013,,10.583333333333334,8.616666666666667,not_a_fox_2,,,,,,,,,,,,,,,
Running,2019-08-19 08:36:00,,Cherry Hill Running,2.45,226.0,0:19:55,136,165,,170,176,8:07,1:44,29.0,59.0,1.17,,,,03:29.1,3,,,,,0.33194444444444443,7.380753138075315,,8.116666666666667,1.7333333333333334,not_a_fox_2,,,,,,,,,,,,,,,
Running,2019-08-16 17:24:00,,Cherry Hill Running,4.01,355.0,0:27:12,154,174,,174,180,6:47,5:21,128.0,133.0,1.37,,,,00:01.8,5,,,,,0.45333333333333337,8.845588235294116,,6.783333333333333,5.35,not_a_fox_2,,,,,,,,,,,,,,,
Running,2019-08-14 19:23:00,,Voorhees Running,4.0,371.0,0:28:46,151,173,,172,180,7:11,6:17,110.0,109.0,1.3,,,,00:01.3,5,,,,,0.47944444444444445,8.342989571263036,,7.183333333333334,6.283333333333333,not_a_fox_2,,,,,,,,,,,,,,,
Running,2019-08-13 21:05:00,,Cherry Hill Running,3.0,261.0,0:23:18,136,151,,170,178,7:46,6:36,107.0,112.0,1.22,,,,00:00.9,4,,,,,0.38833333333333336,7.725321888412017,,7.766666666666667,6.6,not_a_fox_2,,,,,,,,,,,,,,,
Running,2019-08-12 19:15:00,,Pennsauken Running,6.52,594.0,0:48:42,147,162,,170,178,7:28,6:34,115.0,116.0,1.26,,,,03:55.3,7,,,,,0.8116666666666668,8.032854209445583,,7.466666666666667,6.566666666666666,not_a_fox_2,,,,,,,,,,,,,,,
Running,2019-08-10 17:24:00,,Cherry Hill Running,5.16,471.0,0:41:12,141,159,,170,180,7:59,6:25,135.0,142.0,1.19,,,,01:23.7,6,,,,,0.6866666666666666,7.514563106796117,,7.983333333333333,6.416666666666667,not_a_fox_2,,,,,,,,,,,,,,,
Running,2019-08-09 19:31:00,,Cherry Hill Running,6.26,573.0,0:46:15,150,175,,170,182,7:24,6:04,306.0,315.0,1.27,,,,01:52.3,7,,,,,0.7708333333333334,8.12108108108108,,7.4,6.066666666666666,not_a_fox_2,,,,,,,,,,,,,,,
Running,2019-08-08 17:58:00,,Cherry Hill Running,3.01,249.0,0:21:40,142,171,,172,182,7:12,6:03,103.0,106.0,1.3,,,,00:04.1,4,,,,,0.3611111111111111,8.335384615384616,,7.2,6.05,not_a_fox_2,,,,,,,,,,,,,,,
Running,2019-08-06 18:19:00,,Cherry Hill Running,5.0,452.0,0:37:56,146,178,,172,180,7:35,6:18,130.0,134.0,1.24,,,,00:02.1,6,,,,,0.6322222222222222,7.908611599297012,,7.583333333333333,6.3,not_a_fox_2,,,,,,,,,,,,,,,
Running,2019-08-04 18:36:00,,Cherry Hill Running,6.5,582.0,0:46:59,153,174,,172,182,7:14,6:23,262.0,263.0,1.29,,,,03:40.2,7,,,,,0.7830555555555556,8.30081589216034,,7.233333333333333,6.383333333333334,not_a_fox_2,,,,,,,,,,,,,,,
Running,2019-08-03 16:36:00,,Anne Arundel County Running,4.0,345.0,0:27:26,156,178,,172,182,6:51,5:10,73.0,72.0,1.36,,,,00:00.9,5,,,,,0.45722222222222225,8.748481166464154,,6.85,5.166666666666667,not_a_fox_2,,,,,,,,,,,,,,,
Running,2019-08-02 17:09:00,,Anne Arundel County Running,3.68,318.0,0:30:34,137,158,,168,176,8:18,5:09,97.0,97.0,1.15,,,,05:43.1,4,,,,,0.5094444444444445,7.223555070883315,,8.3,5.15,not_a_fox_2,,,,,,,,,,,,,,,
Running,2019-07-31 18:55:00,,Cherry Hill Running,7.15,687.0,0:52:14,163,170,,170,188,7:18,4:31,238.0,244.0,1.29,,,,00:50.4,8,,,,,0.8705555555555556,8.213146139119337,,7.3,4.516666666666667,not_a_fox_2,,,,,,,,,,,,,,,
Running,2019-07-30 08:27:00,,Cherry Hill Running,4.5,398.0,0:37:30,138,156,,170,178,8:20,7:14,118.0,122.0,1.14,,,,04:00.5,5,,,,,0.625,7.2,,8.333333333333334,7.233333333333333,not_a_fox_2,,,,,,,,,,,,,,,
Running,2019-07-29 18:46:00,,Voorhees Running,6.0,562.0,0:45:24,155,181,,170,180,7:34,6:07,195.0,205.0,1.25,,,,00:01.6,7,,,,,0.7566666666666667,7.929515418502202,,7.566666666666666,6.116666666666666,not_a_fox_2,,,,,,,,,,,,,,,
Running,2019-07-27 10:12:00,,Cherry Hill Running,5.0,470.0,0:36:25,160,183,,174,182,7:17,5:34,229.0,225.0,1.27,,,,00:01.5,6,,,,,0.6069444444444444,8.237986270022883,,7.283333333333333,5.566666666666666,not_a_fox_2,,,,,,,,,,,,,,,
Running,2019-07-26 18:42:00,,Cherry Hill Running,4.0,364.0,0:30:11,152,168,,172,184,7:32,5:44,154.0,159.0,1.23,,,,00:02.0,5,,,,,0.5030555555555556,7.951408061844284,,7.533333333333333,5.733333333333333,not_a_fox_2,,,,,,,,,,,,,,,
Running,2019-07-25 18:52:00,,Cherry Hill Running,6.0,523.0,0:43:30,154,171,,172,178,7:15,5:51,107.0,107.0,1.3,,,,00:01.5,7,,,,,0.725,8.275862068965518,,7.25,5.85,not_a_fox_2,,,,,,,,,,,,,,,
Running,2019-07-23 09:45:00,,Cherry Hill Running,5.0,549.0,0:36:02,177,188,,172,182,7:12,5:08,121.0,127.0,1.3,,,,00:01.1,6,,,,,0.6005555555555555,8.325624421831638,,7.2,5.133333333333334,not_a_fox_2,,,,,,,,,,,,,,,
Running,2019-07-22 10:57:00,,Cherry Hill Running,4.0,381.0,0:28:00,163,180,,172,182,7:00,3:47,125.0,130.0,1.33,,,,00:01.2,5,,,,,0.4666666666666667,8.571428571428571,,7.0,3.783333333333333,not_a_fox_2,,,,,,,,,,,,,,,
Running,2019-07-21 09:08:00,,Cherry Hill Running,4.02,465.0,0:28:32,176,187,,174,184,7:06,6:04,105.0,115.0,1.3,,,,00:08.4,5,,,,,0.47555555555555556,8.453271028037381,,7.1,6.066666666666666,not_a_fox_2,,,,,,,,,,,,,,,
Running,2019-07-19 19:41:00,,Cherry Hill Running,4.01,432.0,0:30:53,153,174,,170,178,7:43,6:32,118.0,114.0,1.23,,,,00:02.7,5,,,,,0.5147222222222222,7.790609821910415,,7.716666666666667,6.533333333333333,not_a_fox_2,,,,,,,,,,,,,,,
Running,2019-07-18 18:19:00,,Cherry Hill Running,4.01,381.0,0:32:58,146,166,,168,174,8:14,6:40,171.0,171.0,1.16,,,,00:02.4,5,,,,,0.5494444444444444,7.298281092012133,,8.233333333333333,6.666666666666667,not_a_fox_2,,,,,,,,,,,,,,,
Running,2019-07-16 18:32:00,,Cherry Hill Running,4.0,429.0,0:31:30,159,178,,170,176,7:52,6:34,70.0,70.0,1.21,,,,00:01.3,5,,,,,0.525,7.619047619047619,,7.866666666666667,6.566666666666666,not_a_fox_2,,,,,,,,,,,,,,,
Running,2019-05-05 14:33:00,,Allentown Running,2.0,128.0,0:13:43,128,142,,182,188,6:51,4:21,63.0,61.0,1.29,,,,00:02.0,3,,,,,0.22861111111111113,8.748481166464154,,6.85,4.35,not_a_fox_2,,,,,,,,,,,,,,,
Running,2019-05-05 09:57:00,,Allentown Running,2.05,149.0,0:14:28,133,146,,184,194,7:04,1:18,47.0,35.0,1.23,,,,00:23.7,3,,,,,0.2411111111111111,8.502304147465438,,7.066666666666666,1.3,not_a_fox_2,,,,,,,,,,,,,,,
Running,2019-05-04 11:15:00,,Allentown Running,5.0,339.0,0:39:05,129,160,,176,184,7:49,6:10,170.0,176.0,1.17,,,,00:00.9,6,,,,,0.6513888888888889,7.67590618336887,,7.816666666666666,6.166666666666667,not_a_fox_2,,,,,,,,,,,,,,,
Running,2019-05-03 19:15:00,,Allentown Running,1.93,158.0,0:17:50,126,137,,168,182,9:14,7:39,3.0,3.0,1.04,,,,08:18.5,2,,,,,0.2972222222222222,6.493457943925233,,9.233333333333333,7.65,not_a_fox_2,,,,,,,,,,,,,,,
Running,2019-05-03 17:37:00,,Allentown Running,2.23,150.0,0:15:18,132,142,,184,196,6:52,5:37,125.0,120.0,1.27,,,,01:29.4,3,,,,,0.255,8.745098039215685,,6.866666666666667,5.616666666666667,not_a_fox_2,,,,,,,,,,,,,,,
Running,2019-05-03 10:22:00,,Running,6.21,,0:32:02,,,,,,5:09,,,,0.0,,,,00:00.0,1,,,,,0.5338888888888889,11.631633714880333,,5.15,,not_a_fox_2,,,,,,,,,,,,,,,
Running,2019-05-02 16:55:00,,Baltimore Running,7.01,483.0,0:49:59,137,155,,178,214,7:08,4:02,363.0,360.0,1.27,,,,00:03.2,8,,,,,0.8330555555555555,8.414804934978326,,7.133333333333334,4.033333333333333,not_a_fox_2,,,,,,,,,,,,,,,
Running,2019-05-01 11:44:00,,Baltimore Running,9.0,473.0,1:00:46,126,186,,182,194,6:45,4:55,353.0,348.0,1.31,,,,00:02.5,10,,,,,1.0127777777777778,8.886450905101482,,6.75,4.916666666666667,not_a_fox_2,,,,,,,,,,,,,,,
Running,2019-04-30 17:55:00,,Baltimore Running,4.04,328.0,0:27:59,146,162,,180,192,6:56,6:05,182.0,142.0,1.29,,,,00:15.8,5,,,,,0.4663888888888889,8.662298987492555,,6.933333333333334,6.083333333333333,not_a_fox_2,,,,,,,,,,,,,,,
Running,2019-04-30 17:20:00,,Baltimore Running,0.79,81.0,06:31.1,145,152,,168,208,8:14,7:26,43.0,46.0,1.16,,,,00:00.0,1,,,,,0.1086388888888889,7.271797494246996,,8.233333333333333,7.433333333333334,not_a_fox_2,,,,,,,,,,,,,,,
Running,2019-04-30 17:13:00,,Baltimore Running,1.03,73.0,05:14.4,163,181,,188,208,5:06,3:50,37.0,43.0,1.67,,,,00:06.4,2,,,,,0.08733333333333333,11.793893129770993,,5.1,3.8333333333333335,not_a_fox_2,,,,,,,,,,,,,,,
Running,2019-04-30 17:04:00,,Baltimore Running,1.03,72.0,05:14.8,160,182,,188,204,5:05,3:52,39.0,52.0,1.68,,,,00:07.5,2,,,,,0.08744444444444444,11.778907242693775,,5.083333333333333,3.8666666666666667,not_a_fox_2,,,,,,,,,,,,,,,
Running,2019-04-30 16:39:00,,Baltimore Running,2.11,153.0,0:13:53,138,168,,178,192,6:34,4:19,88.0,125.0,1.37,,,,00:30.2,3,,,,,0.2313888888888889,9.118847539015606,,6.566666666666666,4.316666666666666,not_a_fox_2,,,,,,,,,,,,,,,
Running,2019-04-29 09:13:00,,Baltimore Running,10.01,637.0,1:06:14,138,158,,182,192,6:37,5:01,748.0,739.0,1.34,,,,00:03.5,11,,,,,1.103888888888889,9.067941620533468,,6.616666666666667,5.016666666666667,not_a_fox_2,,,,,,,,,,,,,,,
Running,2019-04-28 09:48:00,,Baltimore Running,14.35,,1:34:29,156,194,,180,194,6:35,4:48,781.0,779.0,1.35,,,,02:10.5,15,,,,,1.5747222222222221,9.112718292467807,,6.583333333333333,4.8,not_a_fox_2,,,,,,,,,,,,,,,
Running,2019-04-27 10:37:00,,Baltimore Running,10.0,764.0,1:07:33,148,165,,176,188,6:45,1:55,573.0,571.0,1.35,,,,06:23.7,10,,,,,1.1258333333333335,8.882309400444115,,6.75,1.9166666666666665,not_a_fox_2,,,,,,,,,,,,,,,
Running,2019-04-25 11:22:00,,Baltimore Running,4.02,311.0,0:29:04,138,176,,176,192,7:13,5:57,227.0,234.0,1.26,,,,00:13.6,5,,,,,0.48444444444444446,8.298165137614678,,7.216666666666667,5.95,not_a_fox_2,,,,,,,,,,,,,,,
Running,2019-04-25 10:48:00,,Baltimore Running,2.13,139.0,0:15:48,125,152,,176,186,7:24,6:14,100.0,94.0,1.23,,,,00:59.4,3,,,,,0.2633333333333333,8.08860759493671,,7.4,6.233333333333333,not_a_fox_2,,,,,,,,,,,,,,,
Running,2019-04-24 06:35:00,,Baltimore Running,12.01,752.0,1:21:00,138,174,,176,188,6:45,5:26,764.0,764.0,1.35,,,,00:02.7,13,,,,,1.35,8.896296296296295,,6.75,5.433333333333334,not_a_fox_2,,,,,,,,,,,,,,,
Running,2019-04-23 17:41:00,,Baltimore Running,0.96,93.0,09:38.8,128,158,,166,192,10:03,7:51,82.0,38.0,0.96,,,,00:00.0,1,,,,,0.16077777777777777,5.970974429854873,,10.05,7.85,not_a_fox_2,,,,,,,,,,,,,,,
Running,2019-04-23 17:27:00,,Baltimore Running,0.73,69.0,04:44.6,164,184,,172,232,6:32,3:25,20.0,19.0,1.43,,,,00:00.0,1,,,,,0.07905555555555556,9.234012649332396,,6.533333333333333,3.4166666666666665,not_a_fox_2,,,,,,,,,,,,,,,
Running,2019-04-23 16:54:00,,Baltimore Running,5.06,415.0,0:27:28,173,193,,182,198,5:25,4:08,178.0,196.0,1.63,,,,00:18.8,6,,,,,0.4577777777777778,11.053398058252426,,5.416666666666667,4.133333333333334,not_a_fox_2,,,,,,,,,,,,,,,
Running,2019-04-23 16:28:00,,Baltimore Running,2.07,143.0,0:13:35,134,161,,180,188,6:35,4:41,89.0,125.0,1.37,,,,00:18.6,3,,,,,0.2263888888888889,9.143558282208588,,6.583333333333333,4.683333333333334,not_a_fox_2,,,,,,,,,,,,,,,
Running,2019-04-22 16:41:00,,Baltimore Running,4.03,304.0,0:27:38,140,149,,178,188,6:52,5:27,196.0,189.0,1.31,,,,00:10.1,5,,,,,0.46055555555555555,8.750301568154404,,6.866666666666667,5.45,not_a_fox_2,,,,,,,,,,,,,,,
Running,2019-04-22 09:11:00,,Baltimore Running,10.09,638.0,1:07:13,138,160,,180,192,6:40,5:48,535.0,544.0,1.34,,,,00:36.3,11,,,,,1.1202777777777777,9.006694768162658,,6.666666666666667,5.8,not_a_fox_2,,,,,,,,,,,,,,,
Running,2019-04-21 10:24:00,,Cherry Hill Running,8.01,590.0,0:52:51,145,162,,178,190,6:36,5:41,179.0,183.0,1.37,,,,00:03.0,9,,,,,0.8808333333333334,9.093661305581834,,6.6,5.683333333333334,not_a_fox_2,,,,,,,,,,,,,,,
Running,2019-04-20 20:10:00,,Running,0.93,,0:04:10,,,,,,4:28,,,,0.0,,,,00:00.0,1,,,,,0.06944444444444445,13.392,,4.466666666666667,,not_a_fox_2,,,,,,,,,,,,,,,
Running,2019-04-20 11:51:00,,Chester Running,4.68,430.0,0:33:09,158,179,,176,192,7:05,5:02,187.0,208.0,1.29,,,,03:55.6,5,,,,,0.5525,8.470588235294118,,7.083333333333333,5.033333333333333,not_a_fox_2,,,,,,,,,,,,,,,
Running,2019-04-20 10:42:00,,Chester Running,2.47,251.0,0:17:39,163,184,,178,190,7:08,3:51,114.0,98.0,1.27,,,,03:04.9,3,,,,,0.2941666666666667,8.396600566572237,,7.133333333333334,3.85,not_a_fox_2,,,,,,,,,,,,,,,
Running,2019-04-19 11:55:00,,Baltimore Running,7.02,503.0,0:50:35,137,159,,176,198,7:12,4:01,352.0,344.0,1.27,,,,00:06.8,8,,,,,0.8430555555555556,8.326853377265238,,7.2,4.016666666666667,not_a_fox_2,,,,,,,,,,,,,,,
Running,2019-04-18 17:07:00,,Baltimore Running,4.13,383.0,0:31:13,148,158,,176,186,7:33,5:46,195.0,157.0,1.2,,,,00:59.2,5,,,,,0.5202777777777778,7.938067271756539,,7.55,5.766666666666667,not_a_fox_2,,,,,,,,,,,,,,,
Running,2019-04-18 16:50:00,,Baltimore Running,1.84,165.0,0:12:23,152,175,,178,216,6:43,3:34,65.0,71.0,1.35,,,,05:43.8,2,,,,,0.2063888888888889,8.91520861372813,,6.716666666666667,3.5666666666666664,not_a_fox_2,,,,,,,,,,,,,,,
Running,2019-04-18 16:28:00,,Baltimore Running,2.1,162.0,0:14:32,138,153,,178,186,6:55,4:55,93.0,129.0,1.31,,,,00:29.9,3,,,,,0.24222222222222223,8.669724770642201,,6.916666666666667,4.916666666666667,not_a_fox_2,,,,,,,,,,,,,,,
Running,2019-04-17 15:47:00,,Running,9.0,,1:02:00,,,,,,6:53,,,,0.0,,,,00:00.0,1,,,,,1.0333333333333334,8.709677419354838,,6.883333333333333,,not_a_fox_2,,,,,,,,,,,,,,,
Running,2019-04-16 15:45:00,,Running,9.0,,1:03:00,,,,,,7:00,,,,0.0,,,,00:00.0,1,,,,,1.05,8.571428571428571,,7.0,,not_a_fox_2,,,,,,,,,,,,,,,
Running,2019-04-15 09:13:00,,Baltimore Running,9.0,571.0,1:02:28,135,158,,180,194,6:56,5:45,838.0,842.0,1.29,,,,00:01.6,10,,,,,1.0411111111111113,8.644610458911417,,6.933333333333334,5.75,not_a_fox_2,,,,,,,,,,,,,,,
Running,2019-04-14 11:29:00,,Baltimore Running,16.08,,1:51:34,145,189,,180,192,6:56,5:24,962.0,959.0,1.3,,,,00:33.7,17,,,,,1.8594444444444445,8.647744248580818,,6.933333333333334,5.4,not_a_fox_2,,,,,,,,,,,,,,,
Running,2019-04-13 21:28:00,,Running,6.2,,0:31:38,,,,,,5:06,,,,0.0,,,,00:00.0,1,,,,,0.5272222222222223,11.759747102212856,,5.1,,not_a_fox_2,,,,,,,,,,,,,,,
Running,2019-04-13 20:15:00,,East Buffalo Running,2.0,175.0,0:16:51,134,141,,170,184,8:25,5:21,4.0,7.0,1.12,,,,00:02.2,3,,,,,0.2808333333333333,7.121661721068249,,8.416666666666666,5.35,not_a_fox_2,,,,,,,,,,,,,,,
Running,2019-04-13 18:29:00,,East Buffalo Running,2.48,211.0,0:16:54,146,171,,178,192,6:49,4:51,124.0,125.0,1.34,,,,03:00.9,3,,,,,0.2816666666666667,8.80473372781065,,6.816666666666666,4.85,not_a_fox_2,,,,,,,,,,,,,,,
Running,2019-04-13 13:06:00,,East Buffalo Running,2.01,156.0,0:14:15,136,154,,180,190,7:06,6:10,61.0,58.0,1.27,,,,00:02.0,3,,,,,0.23750000000000002,8.46315789473684,,7.1,6.166666666666667,not_a_fox_2,,,,,,,,,,,,,,,
Running,2019-04-12 17:05:00,,Baltimore Running,7.07,447.0,0:49:11,134,156,,180,204,6:57,3:59,406.0,399.0,1.28,,,,00:20.7,8,,,,,0.8197222222222222,8.624872924432395,,6.95,3.9833333333333334,not_a_fox_2,,,,,,,,,,,,,,,
Running,2019-04-11 16:32:00,,Baltimore Running,10.0,641.0,1:07:56,137,185,,180,194,6:48,4:36,891.0,890.0,1.32,,,,06:33.4,10,,,,,1.1322222222222222,8.832188420019627,,6.8,4.6,not_a_fox_2,,,,,,,,,,,,,,,
Running,2019-04-11 10:43:00,,Baltimore Running,4.06,264.0,0:27:42,132,153,,182,194,6:50,3:47,282.0,272.0,1.29,,,,00:24.5,5,,,,,0.46166666666666667,8.7942238267148,,6.833333333333333,3.783333333333333,not_a_fox_2,,,,,,,,,,,,,,,
Running,2019-04-10 09:16:00,,Baltimore Running,10.02,677.0,1:08:24,142,161,,180,192,6:50,5:44,400.0,397.0,1.31,,,,00:08.3,11,,,,,1.14,8.789473684210527,,6.833333333333333,5.733333333333333,not_a_fox_2,,,,,,,,,,,,,,,
Running,2019-04-09 17:42:00,,Baltimore Running,3.78,379.0,0:27:37,159,179,,178,202,7:18,6:11,173.0,142.0,1.23,,,,05:50.5,4,,,,,0.4602777777777778,8.212432106216053,,7.3,6.183333333333334,not_a_fox_2,,,,,,,,,,,,,,,
Running,2019-04-09 17:23:00,,Baltimore Running,1.0,92.0,06:08.2,170,187,,178,214,6:10,3:53,46.0,61.0,1.47,,,,00:00.0,1,,,,,0.10227777777777779,9.777294948397609,,6.166666666666667,3.8833333333333333,not_a_fox_2,,,,,,,,,,,,,,,
Running,2019-04-09 16:58:00,,Baltimore Running,3.83,240.0,0:19:16,147,176,,188,196,5:02,4:36,153.0,154.0,1.7,,,,04:15.4,4,,,,,0.32111111111111107,11.92733564013841,,5.033333333333333,4.6,not_a_fox_2,,,,,,,,,,,,,,,
Running,2019-04-09 16:31:00,,Baltimore Running,2.08,168.0,0:13:45,145,163,,182,194,6:36,5:04,73.0,118.0,1.34,,,,00:25.4,3,,,,,0.22916666666666669,9.076363636363636,,6.6,5.066666666666666,not_a_fox_2,,,,,,,,,,,,,,,
Running,2019-04-08 16:40:00,,Baltimore Running,3.75,230.0,0:29:07,121,192,,178,192,7:46,4:32,177.0,177.0,1.17,,,,05:18.0,4,,,,,0.4852777777777778,7.727532913566113,,7.766666666666667,4.533333333333333,not_a_fox_2,,,,,,,,,,,,,,,
Running,2019-04-08 09:34:00,,Baltimore Running,7.24,497.0,0:49:55,138,157,,182,196,6:53,5:55,405.0,399.0,1.27,,,,01:40.4,8,,,,,0.8319444444444444,8.702504173622705,,6.883333333333333,5.916666666666667,not_a_fox_2,,,,,,,,,,,,,,,
Running,2019-04-07 11:11:00,,Baltimore Running,16.01,,1:52:31,143,166,,178,188,7:02,4:58,862.0,864.0,1.29,,,,00:05.9,17,,,,,1.8752777777777778,8.537401866390166,,7.033333333333333,4.966666666666667,not_a_fox_2,,,,,,,,,,,,,,,
Running,2019-04-06 18:24:00,,Baltimore Running,9.72,605.0,1:08:46,134,175,,176,182,7:05,5:27,783.0,799.0,1.29,,,,05:07.0,10,,,,,1.146111111111111,8.480853126514786,,7.083333333333333,5.45,not_a_fox_2,,,,,,,,,,,,,,,
Running,2019-04-04 16:28:00,,Baltimore Running,10.1,592.0,1:08:53,134,193,,180,194,6:49,4:52,477.0,470.0,1.32,,,,00:41.5,11,,,,,1.1480555555555556,8.797483668037744,,6.816666666666666,4.866666666666667,not_a_fox_2,,,,,,,,,,,,,,,
Running,2019-04-03 16:48:00,,Baltimore Running,4.04,257.0,0:27:47,132,150,,182,192,6:53,5:59,291.0,287.0,1.29,,,,00:14.9,5,,,,,0.46305555555555555,8.724655068986204,,6.883333333333333,5.983333333333333,not_a_fox_2,,,,,,,,,,,,,,,
Running,2019-04-03 09:15:00,,Baltimore Running,10.0,630.0,1:20:19,128,174,,174,184,8:02,6:06,468.0,474.0,1.15,,,,00:01.9,11,,,,,1.338611111111111,7.470429549699109,,8.033333333333333,6.1,not_a_fox_2,,,,,,,,,,,,,,,
Running,2019-04-02 17:52:00,,Baltimore Running,1.48,150.0,0:15:50,129,162,,166,180,10:44,7:46,97.0,58.0,0.9,,,,05:24.0,2,,,,,0.2638888888888889,5.608421052631579,,10.733333333333333,7.766666666666667,not_a_fox_2,,,,,,,,,,,,,,,
Running,2019-04-02 17:39:00,,Baltimore Running,1.01,72.0,07:09.5,131,143,,178,214,7:07,3:39,27.0,37.0,1.27,,,,00:04.3,2,,,,,0.11930555555555555,8.465657741559953,,7.116666666666666,3.65,not_a_fox_2,,,,,,,,,,,,,,,
Running,2019-04-02 17:29:00,,Baltimore Running,1.05,38.0,04:30.6,121,140,,202,208,4:17,3:51,38.0,38.0,1.86,,,,00:12.9,2,,,,,0.07516666666666666,13.968957871396897,,4.283333333333333,3.85,not_a_fox_2,,,,,,,,,,,,,,,
Running,2019-04-02 17:24:00,,Baltimore Running,0.65,30.0,02:59.2,130,147,,194,198,4:34,4:21,27.0,42.0,1.81,,,,00:00.0,1,,,,,0.04977777777777778,13.058035714285714,,4.566666666666666,4.35,not_a_fox_2,,,,,,,,,,,,,,,
Running,2019-04-02 17:18:00,,Baltimore Running,0.65,29.0,02:58.2,129,136,,196,198,4:34,4:21,26.0,42.0,1.8,,,,00:00.0,1,,,,,0.0495,13.131313131313131,,4.566666666666666,4.35,not_a_fox_2,,,,,,,,,,,,,,,
Running,2019-04-02 17:13:00,,Baltimore Running,0.66,21.0,02:58.0,113,119,,196,200,4:30,3:51,26.0,45.0,1.82,,,,00:00.0,1,,,,,0.049444444444444444,13.348314606741575,,4.5,3.85,not_a_fox_2,,,,,,,,,,,,,,,
Running,2019-04-02 17:08:00,,Baltimore Running,0.65,18.0,02:57.2,108,116,,196,200,4:31,4:20,23.0,30.0,1.82,,,,00:00.0,1,,,,,0.04922222222222222,13.205417607223477,,4.516666666666667,4.333333333333333,not_a_fox_2,,,,,,,,,,,,,,,
Running,2019-04-02 17:02:00,,Baltimore Running,0.65,19.0,02:58.1,109,119,,196,202,4:33,4:25,24.0,29.0,1.81,,,,00:00.0,1,,,,,0.04947222222222222,13.138686131386862,,4.55,4.416666666666667,not_a_fox_2,,,,,,,,,,,,,,,
Running,2019-04-02 16:57:00,,Baltimore Running,0.65,22.0,02:54.1,114,132,,200,208,4:28,4:16,27.0,43.0,1.8,,,,00:00.0,1,,,,,0.04836111111111111,13.440551407237221,,4.466666666666667,4.266666666666667,not_a_fox_2,,,,,,,,,,,,,,,
Running,2019-04-02 16:30:00,,Baltimore Running,2.09,138.0,0:14:13,130,161,,182,194,6:49,4:50,78.0,115.0,1.3,,,,00:25.9,3,,,,,0.23694444444444446,8.820633059788978,,6.816666666666666,4.833333333333333,not_a_fox_2,,,,,,,,,,,,,,,
Running,2019-04-01 09:16:00,,Baltimore Running,10.01,617.0,1:10:04,137,184,,182,196,7:00,3:58,487.0,488.0,1.27,,,,00:03.5,11,,,,,1.1677777777777778,8.571836346336822,,7.0,3.966666666666667,not_a_fox_2,,,,,,,,,,,,,,,
Running,2019-03-31 09:12:00,,Baltimore Running,17.08,,1:57:51,140,177,,182,196,6:54,4:59,985.0,979.0,1.29,,,,00:36.6,18,,,,,1.9641666666666666,8.695799745439118,,6.9,4.983333333333333,not_a_fox_2,,,,,,,,,,,,,,,
Running,2019-03-30 15:57:00,,Baltimore Running,10.08,610.0,1:12:37,133,160,,178,190,7:12,6:02,905.0,896.0,1.25,,,,00:41.1,11,,,,,1.2102777777777778,8.328666513656186,,7.2,6.033333333333333,not_a_fox_2,,,,,,,,,,,,,,,
Running,2019-03-29 22:20:00,,Running,3.1,,0:15:16,,,,,,4:55,,,,0.0,,,,00:00.0,1,,,,,0.2544444444444444,12.183406113537119,,4.916666666666667,,not_a_fox_2,,,,,,,,,,,,,,,
Running,2019-03-29 20:38:00,,Richmond Running,1.8,214.0,0:15:23,156,176,,174,182,8:33,4:04,121.0,122.0,1.09,,,,06:57.8,2,,,,,0.2563888888888889,7.020585048754063,,8.55,4.066666666666666,not_a_fox_2,,,,,,,,,,,,,,,
Running,2019-03-29 19:02:00,,Richmond Running,2.09,177.0,0:14:52,142,173,,180,194,7:06,5:43,192.0,173.0,1.25,,,,00:47.5,3,,,,,0.2477777777777778,8.434977578475335,,7.1,5.716666666666667,not_a_fox_2,,,,,,,,,,,,,,,
Running,2019-03-28 21:48:00,,Baltimore Running,3.0,214.0,0:23:15,129,142,,176,188,7:44,0:26,90.0,93.0,1.18,,,,00:02.1,4,,,,,0.3875,7.741935483870967,,7.733333333333333,0.43333333333333335,not_a_fox_2,,,,,,,,,,,,,,,
Running,2019-03-28 09:53:00,,New York Running,4.0,237.0,0:28:32,124,138,,180,200,7:08,2:49,31.0,31.0,1.25,,,,00:00.6,5,,,,,0.47555555555555556,8.411214953271028,,7.133333333333334,2.8166666666666664,not_a_fox_2,,,,,,,,,,,,,,,
Running,2019-03-27 08:58:00,,Baltimore Running,10.01,901.0,1:09:59,155,179,,184,200,7:00,4:26,682.0,674.0,1.25,,,,00:02.2,11,,,,,1.1663888888888887,8.582043343653252,,7.0,4.433333333333334,not_a_fox_2,,,,,,,,,,,,,,,
Running,2019-03-26 17:41:00,,Baltimore Running,3.0,225.0,0:22:38,133,161,,182,198,7:33,6:36,229.0,194.0,1.17,,,,00:02.3,4,,,,,0.3772222222222222,7.952871870397645,,7.55,6.6,not_a_fox_2,,,,,,,,,,,,,,,
Running,2019-03-26 16:55:00,,Baltimore Running,4.87,306.0,0:23:38,152,173,,192,212,4:51,4:02,79.0,87.0,1.72,,,,04:04.0,5,,,,,0.3938888888888889,12.3638928067701,,4.85,4.033333333333333,not_a_fox_2,,,,,,,,,,,,,,,
Running,2019-03-26 16:29:00,,Baltimore Running,2.12,127.0,0:14:08,124,150,,184,196,6:41,4:48,71.0,105.0,1.31,,,,00:34.1,3,,,,,0.23555555555555555,9.0,,6.683333333333334,4.8,not_a_fox_2,,,,,,,,,,,,,,,
Running,2019-03-26 09:47:00,,Baltimore Running,4.06,231.0,0:28:30,122,144,,186,194,7:01,4:42,483.0,473.0,1.23,,,,00:24.3,5,,,,,0.47500000000000003,8.54736842105263,,7.016666666666667,4.7,not_a_fox_2,,,,,,,,,,,,,,,
Running,2019-03-25 09:12:00,,Baltimore Running,10.0,610.0,1:07:08,136,158,,184,196,6:43,5:31,519.0,514.0,1.3,,,,00:01.9,11,,,,,1.1188888888888888,8.937437934458789,,6.716666666666667,5.516666666666667,not_a_fox_2,,,,,,,,,,,,,,,
Running,2019-03-24 10:48:00,,Baltimore Running,17.5,,1:59:19,142,165,,180,218,6:49,5:09,971.0,978.0,1.32,,,,03:40.8,18,,,,,1.988611111111111,8.800111747450762,,6.816666666666666,5.15,not_a_fox_2,,,,,,,,,,,,,,,
Running,2019-03-23 09:13:00,,Santurce Running,10.0,738.0,1:09:40,144,163,,180,192,6:58,4:24,462.0,462.0,1.28,,,,00:01.1,11,,,,,1.161111111111111,8.612440191387561,,6.966666666666667,4.4,not_a_fox_2,,,,,,,,,,,,,,,
Running,2019-03-21 19:08:00,,Santurce Running,10.0,,1:13:03,164,170,,176,186,7:18,5:12,449.0,449.0,1.25,,,,06:53.7,10,,,,,1.2175,8.213552361396303,,7.3,5.2,not_a_fox_2,,,,,,,,,,,,,,,
Running,2019-03-20 09:07:00,,Santurce Running,10.03,667.0,1:22:41,130,149,,174,182,8:15,6:05,475.0,477.0,1.12,,,,00:18.4,11,,,,,1.3780555555555556,7.278371296109655,,8.25,6.083333333333333,not_a_fox_2,,,,,,,,,,,,,,,
Running,2019-03-19 17:24:00,,Isla Verde - Running,8.0,900.0,0:52:37,188,209,,180,202,6:34,4:14,260.0,254.0,1.35,,,,00:01.3,9,,,,,0.8769444444444445,9.12258473234083,,6.566666666666666,4.233333333333333,not_a_fox_2,,,,,,,,,,,,,,,
Running,2019-03-19 17:04:00,,Santurce - Running,1.99,200.0,0:13:53,158,187,,184,190,6:58,6:10,56.0,60.0,1.26,,,,06:53.0,2,,,,,0.2313888888888889,8.600240096038416,,6.966666666666667,6.166666666666667,not_a_fox_2,,,,,,,,,,,,,,,
Running,2019-03-18 10:22:00,,Running,1.55,,0:09:30,,,,,,6:08,,,,0.0,,,,00:00.0,1,,,,,0.15833333333333333,9.789473684210527,,6.133333333333334,,not_a_fox_2,,,,,,,,,,,,,,,
Running,2019-03-18 09:13:00,,Santurce - Running,8.45,704.0,0:53:44,153,171,,180,192,6:21,3:51,463.0,462.0,1.4,,,,02:50.3,9,,,,,0.8955555555555555,9.435483870967742,,6.35,3.85,not_a_fox_2,,,,,,,,,,,,,,,
Running,2019-03-17 08:40:00,,Santurce - Running,17.0,,1:56:42,146,157,,178,190,6:52,5:23,430.0,429.0,1.32,,,,00:00.1,18,,,,,1.945,8.740359897172237,,6.866666666666667,5.383333333333334,not_a_fox_2,,,,,,,,,,,,,,,
Running,2019-03-16 17:38:00,,Santurce - Running,10.23,679.0,1:11:48,138,158,,178,192,7:01,0:25,541.0,541.0,1.29,,,,01:41.8,11,,,,,1.1966666666666668,8.54874651810585,,7.016666666666667,0.4166666666666667,not_a_fox_2,,,,,,,,,,,,,,,
Running,2019-03-15 18:16:00,,Baltimore - Running,10.0,612.0,1:09:08,135,154,,178,192,6:55,5:41,516.0,516.0,1.31,,,,06:42.8,10,,,,,1.152222222222222,8.678881388621024,,6.916666666666667,5.683333333333334,not_a_fox_2,,,,,,,,,,,,,,,
Running,2019-03-14 17:32:00,,Baltimore - Running,1.98,172.0,0:14:50,141,153,,176,188,7:29,6:32,106.0,60.0,1.22,,,,07:21.3,2,,,,,0.24722222222222223,8.008988764044943,,7.483333333333333,6.533333333333333,not_a_fox_2,,,,,,,,,,,,,,,
Running,2019-03-14 16:58:00,,Baltimore - Running,5.9,392.0,0:30:05,154,165,,186,194,5:06,4:33,58.0,62.0,1.7,,,,04:37.2,6,,,,,0.5013888888888889,11.767313019390583,,5.1,4.55,not_a_fox_2,,,,,,,,,,,,,,,
Running,2019-03-14 14:10:00,,Running,2.6,,0:19:00,,,,,,7:18,,,,0.0,,,,00:00.0,1,,,,,0.31666666666666665,8.210526315789474,,7.3,,not_a_fox_2,,,,,,,,,,,,,,,
Running,2019-03-14 10:42:00,,Baltimore - Running,3.0,219.0,0:21:05,135,154,,180,188,7:02,4:15,120.0,114.0,1.27,,,,06:54.4,3,,,,,0.35138888888888886,8.537549407114625,,7.033333333333333,4.25,not_a_fox_2,,,,,,,,,,,,,,,
Running,2019-03-13 10:14:00,,Baltimore - Running,10.0,600.0,1:10:28,133,152,,180,190,7:03,5:56,694.0,705.0,1.27,,,,06:52.8,10,,,,,1.1744444444444446,8.514664143803216,,7.05,5.933333333333334,not_a_fox_2,,,,,,,,,,,,,,,
Running,2019-03-12 17:42:00,,Baltimore - Running,2.84,200.0,0:22:12,128,144,,176,194,7:50,6:07,171.0,150.0,1.17,,,,05:51.6,3,,,,,0.37,7.675675675675675,,7.833333333333333,6.116666666666666,not_a_fox_2,,,,,,,,,,,,,,,
Running,2019-03-12 17:25:00,,Baltimore - Running,1.16,88.0,07:31.0,143,182,,180,210,6:28,3:44,32.0,37.0,1.37,,,,00:41.5,2,,,,,0.12527777777777777,9.259423503325943,,6.466666666666667,3.7333333333333334,not_a_fox_2,,,,,,,,,,,,,,,
Running,2019-03-12 17:14:00,,Baltimore - Running,2.08,84.0,0:10:03,124,170,,190,198,4:50,2:43,86.0,89.0,1.75,,,,00:21.9,3,,,,,0.16749999999999998,12.417910447761196,,4.833333333333333,2.716666666666667,not_a_fox_2,,,,,,,,,,,,,,,
Running,2019-03-12 16:57:00,,Baltimore - Running,2.09,60.0,0:10:05,105,132,,190,198,4:50,4:34,56.0,62.0,1.74,,,,00:24.4,3,,,,,0.16805555555555554,12.436363636363637,,4.833333333333333,4.566666666666666,not_a_fox_2,,,,,,,,,,,,,,,
Running,2019-03-12 16:31:00,,Baltimore - Running,2.12,127.0,0:13:52,126,150,,182,194,6:33,4:53,83.0,118.0,1.35,,,,00:34.5,3,,,,,0.23111111111111113,9.173076923076923,,6.55,4.883333333333333,not_a_fox_2,,,,,,,,,,,,,,,
Running,2019-03-11 09:13:00,,Baltimore - Running,10.02,564.0,1:01:33,134,169,,184,196,6:09,4:44,724.0,714.0,1.42,,,,00:09.1,11,,,,,1.0258333333333334,9.767668562144596,,6.15,4.733333333333333,not_a_fox_2,,,,,,,,,,,,,,,
Running,2019-03-10 10:58:00,,Philadelphia - Running,18.01,,1:58:32,149,180,,176,188,6:35,1:36,506.0,505.0,1.38,,,,00:01.6,19,,,,,1.9755555555555557,9.116422947131609,,6.583333333333333,1.6,not_a_fox_2,,,,,,,,,,,,,,,
Running,2019-03-09 17:36:00,,Philadelphia - Running,10.01,594.0,1:10:07,129,181,,178,184,7:00,5:32,305.0,305.0,1.29,,,,00:03.5,11,,,,,1.1686111111111113,8.565723793677204,,7.0,5.533333333333333,not_a_fox_2,,,,,,,,,,,,,,,
Running,2019-03-08 20:03:00,,Philadelphia - Running,4.08,456.0,0:32:21,156,182,,176,186,7:56,4:55,184.0,184.0,1.15,,,,00:38.6,5,,,,,0.5391666666666667,7.567233384853169,,7.933333333333334,4.916666666666667,not_a_fox_2,,,,,,,,,,,,,,,
Running,2019-03-08 09:18:00,,Boca Raton - Running,4.0,330.0,0:28:58,138,154,,182,190,7:15,5:43,,,1.23,,,,06:53.7,4,,,,,0.4827777777777778,8.285385500575373,,7.25,5.716666666666667,not_a_fox_2,,,,,,,,,,,,,,,
Running,2019-03-07 17:36:00,,Boca Raton - Running,8.5,595.0,0:56:07,144,170,,178,188,6:36,5:14,41.0,31.0,1.37,,,,03:31.5,9,,,,,0.9352777777777778,9.088209088209089,,6.6,5.233333333333333,not_a_fox_2,,,,,,,,,,,,,,,
Running,2019-03-07 17:14:00,,Boca Raton - Running,2.5,181.0,0:16:12,137,165,,180,190,6:29,4:50,10.0,17.0,1.38,,,,02:52.7,3,,,,,0.27,9.25925925925926,,6.483333333333333,4.833333333333333,not_a_fox_2,,,,,,,,,,,,,,,
Running,2019-03-06 11:09:00,,Boca Raton - Running,4.01,266.0,0:27:51,130,141,,178,186,6:57,3:04,7.0,7.0,1.3,,,,00:02.7,5,,,,,0.46416666666666667,8.639138240574505,,6.95,3.066666666666667,not_a_fox_2,,,,,,,,,,,,,,,
Running,2019-03-05 18:13:00,,Boca Raton - Running,10.0,657.0,1:10:02,138,149,,176,186,7:00,5:53,20.0,20.0,1.3,,,,00:01.9,11,,,,,1.1672222222222224,8.567348881485007,,7.0,5.883333333333333,not_a_fox_2,,,,,,,,,,,,,,,
Running,2019-03-04 09:14:00,,Baltimore - Running,10.0,471.0,1:01:19,126,139,,184,196,6:08,5:11,531.0,529.0,1.42,,,,00:01.7,11,,,,,1.0219444444444443,9.785267735797772,,6.133333333333334,5.183333333333334,not_a_fox_2,,,,,,,,,,,,,,,
Running,2019-03-03 10:10:00,,Baltimore - Running,16.12,737.0,1:48:57,121,156,,180,194,6:45,5:22,,,1.32,,,,00:51.0,17,,,,,1.8158333333333334,8.877466727856815,,6.75,5.366666666666666,not_a_fox_2,,,,,,,,,,,,,,,
Running,2019-03-02 11:12:00,,Baltimore - Running,10.08,653.0,1:08:24,137,163,,180,192,6:47,5:49,434.0,428.0,1.32,,,,00:31.4,11,,,,,1.14,8.842105263157896,,6.783333333333333,5.816666666666666,not_a_fox_2,,,,,,,,,,,,,,,
Running,2019-03-01 16:14:00,,Baltimore - Running,11.0,657.0,1:16:03,136,154,,178,190,6:55,6:02,546.0,546.0,1.3,,,,00:01.8,12,,,,,1.2674999999999998,8.678500986193296,,6.916666666666667,6.033333333333333,not_a_fox_2,,,,,,,,,,,,,,,
Running,2019-02-28 17:27:00,,Baltimore - Running,4.0,206.0,0:28:32,119,133,,176,194,7:08,5:54,178.0,140.0,1.28,,,,00:02.0,5,,,,,0.47555555555555556,8.411214953271028,,7.133333333333334,5.9,not_a_fox_2,,,,,,,,,,,,,,,
Running,2019-02-28 16:54:00,,Baltimore - Running,5.21,212.0,0:25:36,125,159,,188,196,4:55,4:17,138.0,137.0,1.74,,,,00:56.6,6,,,,,0.4266666666666667,12.2109375,,4.916666666666667,4.283333333333333,not_a_fox_2,,,,,,,,,,,,,,,
Running,2019-02-28 16:29:00,,Baltimore - Running,2.09,137.0,0:13:58,131,138,,180,188,6:40,4:44,68.0,112.0,1.35,,,,00:28.3,3,,,,,0.23277777777777778,8.978520286396181,,6.666666666666667,4.733333333333333,not_a_fox_2,,,,,,,,,,,,,,,
Running,2019-02-27 16:42:00,,Baltimore Running,4.03,274.0,0:27:27,136,151,,182,194,6:48,5:05,153.0,146.0,1.3,,,,06:36.9,5,,,,,0.4575,8.808743169398907,,6.8,5.083333333333333,not_a_fox_2,,,,,,,,,,,,,,,
Running,2019-02-27 10:17:00,,Baltimore Running,9.0,611.0,1:02:19,139,158,,178,186,6:55,5:48,764.0,763.0,1.31,,,,06:35.7,10,,,,,1.0386111111111112,8.665418561112597,,6.916666666666667,5.8,not_a_fox_2,,,,,,,,,,,,,,,
Running,2019-02-26 22:57:00,,Running,2.25,,0:16:00,,,,,,7:07,,,,0.0,,,,00:00.0,1,,,,,0.26666666666666666,8.4375,,7.116666666666666,,not_a_fox_2,,,,,,,,,,,,,,,
Running,2019-02-26 17:29:00,,Baltimore Running,3.96,345.0,0:27:48,153,180,,178,204,7:02,6:06,200.0,161.0,1.28,,,,06:47.2,4,,,,,0.4633333333333333,8.546762589928058,,7.033333333333333,6.1,not_a_fox_2,,,,,,,,,,,,,,,
Running,2019-02-26 16:55:00,,Baltimore Running,4.63,280.0,0:23:39,146,160,,188,208,5:07,2:32,135.0,147.0,1.68,,,,04:58.5,5,,,,,0.39416666666666667,11.74630021141649,,5.116666666666666,2.533333333333333,not_a_fox_2,,,,,,,,,,,,,,,
Running,2019-02-25 09:11:00,,Baltimore Running,10.03,648.0,1:08:34,141,157,,182,194,6:50,5:51,538.0,533.0,1.29,,,,06:35.2,11,,,,,1.1427777777777777,8.776859504132231,,6.833333333333333,5.85,not_a_fox_2,,,,,,,,,,,,,,,
Running,2019-02-24 06:47:00,,Baltimore Running,15.0,795.0,1:52:08,129,154,,176,184,7:28,4:59,818.0,822.0,1.23,,,,06:04.9,16,,,,,1.8688888888888888,8.02615933412604,,7.466666666666667,4.983333333333333,not_a_fox_2,,,,,,,,,,,,,,,
Running,2019-02-23 20:22:00,,Running,3.1,,0:15:36,,,,,,5:02,,,,0.0,,,,00:00.0,1,,,,,0.26,11.923076923076923,,5.033333333333333,,not_a_fox_2,,,,,,,,,,,,,,,
Running,2019-02-23 14:24:00,,Manheim Running,3.63,262.0,0:26:43,135,152,,178,186,7:22,6:41,87.0,84.0,1.23,,,,07:11.6,4,,,,,0.4452777777777778,8.152214597629445,,7.366666666666666,6.683333333333334,not_a_fox_2,,,,,,,,,,,,,,,
Running,2019-02-23 12:36:00,,Lancaster Running,2.18,161.0,0:14:29,141,172,,182,194,6:38,5:09,56.0,58.0,1.33,,,,06:30.7,3,,,,,0.2413888888888889,9.031070195627159,,6.633333333333333,5.15,not_a_fox_2,,,,,,,,,,,,,,,
Running,2019-02-22 16:34:00,,Baltimore Running,7.01,320.0,0:46:00,123,157,,182,226,6:34,3:48,403.0,416.0,1.35,,,,06:02.1,8,,,,,0.7666666666666667,9.143478260869564,,6.566666666666666,3.8,not_a_fox_2,,,,,,,,,,,,,,,
Running,2019-02-21 16:28:00,,Baltimore Running,10.05,628.0,1:07:14,140,163,,178,202,6:41,4:25,757.0,753.0,1.35,,,,06:11.5,11,,,,,1.1205555555555555,8.968765493306892,,6.683333333333334,4.416666666666667,not_a_fox_2,,,,,,,,,,,,,,,
Running,2019-02-21 10:34:00,,Baltimore Running,4.08,359.0,0:27:48,158,168,,180,190,6:49,5:18,270.0,266.0,1.31,,,,06:41.4,5,,,,,0.4633333333333333,8.805755395683454,,6.816666666666666,5.3,not_a_fox_2,,,,,,,,,,,,,,,
Running,2019-02-20 09:57:00,,Baltimore Running,10.0,626.0,1:12:05,136,181,,178,190,7:12,5:40,766.0,781.0,1.25,,,,06:57.1,11,,,,,1.2013888888888888,8.323699421965319,,7.2,5.666666666666667,not_a_fox_2,,,,,,,,,,,,,,,
Running,2019-02-19 17:31:00,,Baltimore Running,4.0,435.0,0:28:51,177,198,,180,198,7:13,5:32,195.0,155.0,1.23,,,,07:06.7,4,,,,,0.48083333333333333,8.31889081455806,,7.216666666666667,5.533333333333333,not_a_fox_2,,,,,,,,,,,,,,,
Running,2019-02-19 17:01:00,,Baltimore Running,3.7,230.0,0:18:13,152,171,,192,214,4:55,3:54,89.0,93.0,1.7,,,,04:58.1,4,,,,,0.3036111111111111,12.186642268984446,,4.916666666666667,3.9,not_a_fox_2,,,,,,,,,,,,,,,
Running,2019-02-19 16:35:00,,Baltimore Running,2.06,153.0,0:13:44,140,170,,182,192,6:40,5:11,71.0,108.0,1.32,,,,06:23.7,3,,,,,0.2288888888888889,9.0,,6.666666666666667,5.183333333333334,not_a_fox_2,,,,,,,,,,,,,,,
Running,2019-02-18 09:10:00,,Baltimore Running,10.04,638.0,1:07:14,141,162,,180,192,6:42,4:56,578.0,578.0,1.33,,,,06:25.0,11,,,,,1.1205555555555555,8.95984134853743,,6.7,4.933333333333334,not_a_fox_2,,,,,,,,,,,,,,,
Running,2019-02-17 10:35:00,,Running,14.21,962.0,1:34:00,146,180,,178,196,6:37,4:34,819.0,814.0,1.36,,,,05:08.2,15,,,,,1.5666666666666667,9.070212765957448,,6.616666666666667,4.566666666666666,not_a_fox_2,,,,,,,,,,,,,,,
Running,2019-02-16 10:33:00,,Baltimore Running,9.5,507.0,1:05:01,128,156,,180,206,6:51,4:11,750.0,745.0,1.3,,,,06:08.0,10,,,,,1.083611111111111,8.766982824916688,,6.85,4.183333333333334,not_a_fox_2,,,,,,,,,,,,,,,
Running,2019-02-15 16:35:00,,Baltimore Running,10.08,917.0,1:11:27,159,177,,176,188,7:05,5:58,492.0,488.0,1.29,,,,06:49.5,11,,,,,1.1908333333333334,8.464660601819453,,7.083333333333333,5.966666666666667,not_a_fox_2,,,,,,,,,,,,,,,
Running,2019-02-14 17:35:00,,Baltimore Running,4.02,281.0,0:30:17,133,150,,176,198,7:32,6:26,224.0,186.0,1.21,,,,07:19.5,5,,,,,0.5047222222222222,7.964777105118326,,7.533333333333333,6.433333333333334,not_a_fox_2,,,,,,,,,,,,,,,
Running,2019-02-14 16:53:00,,Baltimore Running,4.58,150.0,0:23:10,115,152,,190,210,5:03,3:54,105.0,112.0,1.67,,,,04:48.3,5,,,,,0.3861111111111111,11.861870503597123,,5.05,3.9,not_a_fox_2,,,,,,,,,,,,,,,
Running,2019-02-14 16:28:00,,Baltimore Running,2.08,136.0,0:13:47,133,157,,182,192,6:37,4:47,84.0,117.0,1.34,,,,06:24.1,3,,,,,0.22972222222222222,9.05441354292624,,6.616666666666667,4.783333333333333,not_a_fox_2,,,,,,,,,,,,,,,
Running,2019-02-13 17:03:00,,Baltimore Running,11.31,,1:18:09,166,195,,180,192,6:55,5:47,,,1.3,,,,06:27.5,12,,,,,1.3025,8.683301343570058,,6.916666666666667,5.783333333333333,not_a_fox_2,,,,,,,,,,,,,,,
Running,2019-02-12 17:31:00,,Baltimore Running,2.79,202.0,0:24:47,126,146,,172,182,8:53,8:06,155.0,66.0,1.06,,,,08:40.3,3,,,,,0.41305555555555556,6.754539340954943,,8.883333333333333,8.1,not_a_fox_2,,,,,,,,,,,,,,,
Running,2019-02-12 16:58:00,,Baltimore Running,4.04,304.0,0:22:37,164,178,,186,196,5:36,5:02,34.0,38.0,1.55,,,,05:19.4,5,,,,,0.3769444444444444,10.717759764185704,,5.6,5.033333333333333,not_a_fox_2,,,,,,,,,,,,,,,
Running,2019-02-12 16:34:00,,Baltimore Running,2.12,119.0,0:14:26,123,144,,182,194,6:49,0:25,114.0,96.0,1.31,,,,06:39.1,3,,,,,0.24055555555555555,8.812933025404158,,6.816666666666666,0.4166666666666667,not_a_fox_2,,,,,,,,,,,,,,,
Running,2019-02-12 16:31:00,,Baltimore Running,0.29,15.0,02:07.2,113,131,,182,188,7:15,6:57,,18.0,1.22,,,,00:00.0,1,,,,,0.035333333333333335,8.20754716981132,,7.25,6.95,not_a_fox_2,,,,,,,,,,,,,,,
Running,2019-02-11 16:42:00,,Baltimore Running,3.07,243.0,0:22:52,140,161,,176,188,7:26,5:50,236.0,232.0,1.23,,,,07:09.3,4,,,,,0.38111111111111107,8.055393586005831,,7.433333333333334,5.833333333333333,not_a_fox_2,,,,,,,,,,,,,,,
Running,2019-02-11 09:17:00,,Baltimore Running,10.0,761.0,1:12:35,146,176,,176,206,7:15,5:28,887.0,890.0,1.26,,,,07:00.8,11,,,,,1.2097222222222221,8.266360505166476,,7.25,5.466666666666667,not_a_fox_2,,,,,,,,,,,,,,,
Running,2019-02-10 09:36:00,,Baltimore County Running,16.01,896.0,1:43:30,140,164,,178,186,6:28,5:23,,,1.4,,,,05:55.1,17,,,,,1.725,9.281159420289855,,6.466666666666667,5.383333333333334,not_a_fox_2,,,,,,,,,,,,,,,
Running,2019-02-09 10:55:00,,Baltimore Running,10.0,618.0,1:09:57,139,180,,178,188,7:00,5:47,618.0,616.0,1.29,,,,06:31.3,11,,,,,1.1658333333333333,8.577555396711938,,7.0,5.783333333333333,not_a_fox_2,,,,,,,,,,,,,,,
Running,2019-02-08 17:51:00,,Running,3.1,,0:15:48,,,,,,5:06,,,,0.0,,,,00:00.0,1,,,,,0.2633333333333333,11.77215189873418,,5.1,,not_a_fox_2,,,,,,,,,,,,,,,
Running,2019-02-08 11:37:00,,Annapolis Running,3.03,322.0,0:25:14,157,179,,172,182,8:19,5:51,68.0,67.0,1.12,,,,08:15.9,4,,,,,0.42055555555555557,7.204755614266842,,8.316666666666666,5.85,not_a_fox_2,,,,,,,,,,,,,,,
Running,2019-02-08 10:25:00,,Annapolis Running,2.5,186.0,0:17:25,141,167,,178,190,6:59,2:08,38.0,39.0,1.3,,,,07:04.1,3,,,,,0.29027777777777775,8.612440191387561,,6.983333333333333,2.1333333333333333,not_a_fox_2,,,,,,,,,,,,,,,
Running,2019-02-07 16:30:00,,Baltimore Running,8.09,522.0,1:00:20,137,161,,174,192,7:27,4:28,393.0,395.0,1.24,,,,06:25.8,9,,,,,1.0055555555555555,8.045303867403314,,7.45,4.466666666666667,not_a_fox_2,,,,,,,,,,,,,,,
Running,2019-02-06 16:39:00,,Baltimore Running,3.02,243.0,0:20:31,150,184,,180,190,6:48,5:40,119.0,118.0,1.31,,,,06:45.4,4,,,,,0.34194444444444444,8.831844029244516,,6.8,5.666666666666667,not_a_fox_2,,,,,,,,,,,,,,,
Running,2019-02-06 09:52:00,,Baltimore Running,11.0,844.0,1:18:54,157,180,,176,184,7:10,6:17,,,1.28,,,,06:57.0,12,,,,,1.315,8.365019011406844,,7.166666666666667,6.283333333333333,not_a_fox_2,,,,,,,,,,,,,,,
Running,2019-02-05 17:29:00,,Baltimore Running,2.03,154.0,0:17:37,129,144,,172,202,8:42,6:18,133.0,100.0,1.07,,,,08:16.8,3,,,,,0.2936111111111111,6.913907284768212,,8.7,6.3,not_a_fox_2,,,,,,,,,,,,,,,
Running,2019-02-05 16:52:00,,Baltimore Running,3.82,251.0,0:18:50,165,193,,190,214,4:56,3:42,96.0,112.0,1.73,,,,05:04.5,4,,,,,0.3138888888888889,12.169911504424778,,4.933333333333334,3.7,not_a_fox_2,,,,,,,,,,,,,,,
Running,2019-02-05 16:28:00,,Baltimore Running,2.07,140.0,0:13:58,136,161,,178,186,6:44,5:12,71.0,104.0,1.35,,,,06:17.0,3,,,,,0.23277777777777778,8.892601431980907,,6.733333333333333,5.2,not_a_fox_2,,,,,,,,,,,,,,,
Running,2019-02-04 09:09:00,,Baltimore Running,11.0,514.0,1:13:57,127,178,,180,196,6:43,4:11,780.0,782.0,1.33,,,,06:29.9,12,,,,,1.2325000000000002,8.924949290060852,,6.716666666666667,4.183333333333334,not_a_fox_2,,,,,,,,,,,,,,,
Running,2019-02-03 09:56:00,,Philadelphia Running,15.01,982.0,1:45:34,146,178,,178,186,7:02,4:39,643.0,645.0,1.29,,,,06:16.0,16,,,,,1.7594444444444444,8.531101989264288,,7.033333333333333,4.65,not_a_fox_2,,,,,,,,,,,,,,,
Running,2019-02-02 17:13:00,,Philadelphia Running,4.18,242.0,0:34:14,123,134,,174,180,8:12,5:16,190.0,190.0,1.13,,,,07:59.3,5,,,,,0.5705555555555556,7.326192794547224,,8.2,5.266666666666667,not_a_fox_2,,,,,,,,,,,,,,,
Running,2019-02-01 18:43:00,,New York Running,1.39,121.0,0:11:55,138,153,,172,182,8:33,2:01,54.0,54.0,1.1,,,,08:26.6,2,,,,,0.1986111111111111,6.998601398601399,,8.55,2.0166666666666666,not_a_fox_2,,,,,,,,,,,,,,,
Running,2019-02-01 17:13:00,,New York Running,2.78,194.0,0:19:57,137,159,,178,196,7:10,0:26,132.0,121.0,1.26,,,,06:43.7,3,,,,,0.33249999999999996,8.360902255639099,,7.166666666666667,0.43333333333333335,not_a_fox_2,,,,,,,,,,,,,,,
Running,2019-01-29 17:39:00,,Baltimore Running,4.35,515.0,0:33:57,180,195,,176,198,7:49,6:50,198.0,162.0,1.18,,,,00:00.0,5,,,,,0.5658333333333334,7.687776141384387,,7.816666666666666,6.833333333333333,not_a_fox_2,,,,,,,,,,,,,,,
Running,2019-01-29 17:27:00,,Baltimore Running,0.76,57.0,03:46.9,179,193,,192,204,4:58,4:36,23.0,29.0,1.69,,,,00:00.0,1,,,,,0.06302777777777778,12.058175407668577,,4.966666666666667,4.6,not_a_fox_2,,,,,,,,,,,,,,,
Running,2019-01-29 17:21:00,,Baltimore Running,0.76,54.0,03:41.0,177,193,,194,198,4:50,4:24,36.0,41.0,1.72,,,,00:00.0,1,,,,,0.061388888888888896,12.380090497737555,,4.833333333333333,4.4,not_a_fox_2,,,,,,,,,,,,,,,
Running,2019-01-29 17:16:00,,Baltimore Running,0.75,55.0,03:41.9,176,186,,192,198,4:54,4:38,35.0,42.0,1.71,,,,00:00.0,1,,,,,0.06163888888888889,12.167643082469581,,4.9,4.633333333333333,not_a_fox_2,,,,,,,,,,,,,,,
Running,2019-01-29 17:10:00,,Baltimore Running,0.75,54.0,03:45.3,170,181,,192,196,4:58,4:41,38.0,41.0,1.69,,,,00:00.0,1,,,,,0.06258333333333334,11.984021304926763,,4.966666666666667,4.683333333333334,not_a_fox_2,,,,,,,,,,,,,,,
Running,2019-01-29 17:04:00,,Baltimore Running,0.75,53.0,03:48.3,164,176,,192,198,5:02,4:46,35.0,41.0,1.66,,,,00:00.0,1,,,,,0.06341666666666666,11.826544021024969,,5.033333333333333,4.766666666666667,not_a_fox_2,,,,,,,,,,,,,,,
Running,2019-01-29 16:59:00,,Baltimore Running,0.76,51.0,03:50.0,159,170,,194,200,5:02,4:44,39.0,41.0,1.65,,,,00:00.0,1,,,,,0.06388888888888888,11.895652173913044,,5.033333333333333,4.733333333333333,not_a_fox_2,,,,,,,,,,,,,,,
Running,2019-01-29 16:31:00,,Baltimore Running,2.06,186.0,0:14:36,154,181,,180,192,7:06,5:04,73.0,113.0,1.25,,,,00:00.0,3,,,,,0.24333333333333335,8.465753424657533,,7.1,5.066666666666666,not_a_fox_2,,,,,,,,,,,,,,,
Running,2019-01-28 16:52:00,,Baltimore Running,10.0,683.0,1:11:26,144,174,,176,188,7:08,5:56,679.0,685.0,1.28,,,,00:00.0,11,,,,,1.1905555555555556,8.399440037330844,,7.133333333333334,5.933333333333334,not_a_fox_2,,,,,,,,,,,,,,,
Running,2019-01-27 10:58:00,,Baltimore Running,15.55,,1:41:57,157,186,,178,190,6:33,4:43,827.0,822.0,1.37,,,,00:00.0,16,,,,,1.6991666666666667,9.151544874938695,,6.55,4.716666666666667,not_a_fox_2,,,,,,,,,,,,,,,
Running,2019-01-26 10:48:00,,Baltimore Running,10.25,699.0,1:13:52,141,162,,178,190,7:13,5:13,971.0,962.0,1.26,,,,00:00.0,11,,,,,1.2311111111111113,8.32581227436823,,7.216666666666667,5.216666666666667,not_a_fox_2,,,,,,,,,,,,,,,
Running,2019-01-25 21:55:00,,Running,3.1,,0:15:40,,,,,,5:03,,,,0.0,,,,00:00.0,1,,,,,0.2611111111111111,11.872340425531915,,5.05,,not_a_fox_2,,,,,,,,,,,,,,,
Running,2019-01-25 19:13:00,,Fairfax County Running,3.55,325.0,0:26:43,151,173,,174,192,7:32,6:34,264.0,265.0,1.23,,,,00:00.0,4,,,,,0.4452777777777778,7.9725514660012475,,7.533333333333333,6.566666666666666,not_a_fox_2,,,,,,,,,,,,,,,
Running,2019-01-25 17:52:00,,Fairfax County Running,2.49,197.0,0:17:44,144,182,,178,194,7:08,4:24,179.0,184.0,1.27,,,,00:00.0,3,,,,,0.29555555555555557,8.424812030075188,,7.133333333333334,4.4,not_a_fox_2,,,,,,,,,,,,,,,
Running,2019-01-24 15:17:00,,Baltimore Running,7.01,455.0,0:49:35,139,160,,178,208,7:04,4:19,411.0,412.0,1.28,,,,00:00.0,8,,,,,0.8263888888888888,8.482689075630253,,7.066666666666666,4.316666666666666,not_a_fox_2,,,,,,,,,,,,,,,
Running,2019-01-23 15:58:00,,Baltimore Running,10.04,847.0,1:16:18,151,156,,172,182,7:36,6:09,664.0,658.0,1.23,,,,00:00.0,11,,,,,1.2716666666666665,7.895150720838795,,7.6,6.15,not_a_fox_2,,,,,,,,,,,,,,,
Running,2019-01-22 16:09:00,,Baltimore Running,3.52,380.0,0:27:09,165,180,,176,194,7:43,6:35,167.0,143.0,1.19,,,,00:00.0,4,,,,,0.4525,7.779005524861878,,7.716666666666667,6.583333333333333,not_a_fox_2,,,,,,,,,,,,,,,
Running,2019-01-22 15:54:00,,Baltimore Running,1.51,98.0,07:16.7,161,177,,194,200,4:50,4:27,44.0,50.0,1.71,,,,00:00.0,2,,,,,0.12130555555555556,12.447904740096176,,4.833333333333333,4.45,not_a_fox_2,,,,,,,,,,,,,,,
Running,2019-01-22 15:35:00,,Baltimore Running,3.03,199.0,0:15:34,155,190,,190,198,5:08,4:43,77.0,81.0,1.65,,,,00:00.0,4,,,,,0.2594444444444444,11.67880085653105,,5.133333333333334,4.716666666666667,not_a_fox_2,,,,,,,,,,,,,,,
Running,2019-01-22 15:11:00,,Baltimore Running,2.1,145.0,0:14:32,134,154,,178,194,6:56,4:30,87.0,130.0,1.3,,,,00:00.0,3,,,,,0.24222222222222223,8.669724770642201,,6.933333333333334,4.5,not_a_fox_2,,,,,,,,,,,,,,,
Running,2019-01-22 15:10:00,,Baltimore Running,0.0,,00:00.2,92,92,,,,3:06,4:11,,,0.0,,,,00:00.0,1,,,,,5.555555555555556e-05,0.0,,3.1,4.183333333333334,not_a_fox_2,,,,,,,,,,,,,,,
Running,2019-01-21 15:16:00,,Baltimore Running,10.04,617.0,1:09:26,138,157,,178,190,6:55,5:58,534.0,527.0,1.31,,,,00:00.0,11,,,,,1.1572222222222222,8.675948151704272,,6.916666666666667,5.966666666666667,not_a_fox_2,,,,,,,,,,,,,,,
Running,2019-01-20 10:48:00,,Baltimore Running,14.25,,1:34:50,153,177,,180,192,6:39,5:07,793.0,793.0,1.35,,,,00:00.0,15,,,,,1.5805555555555555,9.015817223198594,,6.65,5.116666666666666,not_a_fox_2,,,,,,,,,,,,,,,
Running,2019-01-19 15:37:00,,Baltimore Running,10.03,660.0,1:09:49,141,167,,178,196,6:58,4:31,799.0,809.0,1.3,,,,00:00.0,11,,,,,1.163611111111111,8.619718309859156,,6.966666666666667,4.516666666666667,not_a_fox_2,,,,,,,,,,,,,,,
Running,2019-01-18 16:25:00,,Baltimore Running,1.85,128.0,0:15:34,124,152,,174,198,8:25,6:33,115.0,77.0,1.1,,,,00:00.0,2,,,,,0.2594444444444444,7.130620985010707,,8.416666666666666,6.55,not_a_fox_2,,,,,,,,,,,,,,,
Running,2019-01-18 16:23:00,,Baltimore Running,0.26,7.0,01:08.6,109,130,,200,208,4:24,4:10,12.0,15.0,1.83,,,,00:00.0,1,,,,,0.019055555555555555,13.644314868804665,,4.4,4.166666666666667,not_a_fox_2,,,,,,,,,,,,,,,
Running,2019-01-18 16:20:00,,Baltimore Running,0.25,7.0,01:10.6,112,135,,200,208,4:38,4:12,12.0,15.0,1.74,,,,00:00.0,1,,,,,0.01961111111111111,12.747875354107649,,4.633333333333333,4.2,not_a_fox_2,,,,,,,,,,,,,,,
Running,2019-01-18 16:18:00,,Baltimore Running,0.25,7.0,01:06.9,112,134,,202,206,4:27,4:13,13.0,15.0,1.79,,,,00:00.0,1,,,,,0.018583333333333334,13.452914798206278,,4.45,4.216666666666667,not_a_fox_2,,,,,,,,,,,,,,,
Running,2019-01-18 16:16:00,,Baltimore Running,0.26,8.0,01:07.6,119,125,,200,204,4:20,4:13,13.0,15.0,1.86,,,,00:00.0,1,,,,,0.01877777777777778,13.846153846153847,,4.333333333333333,4.216666666666667,not_a_fox_2,,,,,,,,,,,,,,,
Running,2019-01-18 16:09:00,,Baltimore Running,0.75,31.0,03:46.3,122,131,,194,202,5:00,4:28,22.0,29.0,1.66,,,,00:00.0,1,,,,,0.06286111111111112,11.931064958020325,,5.0,4.466666666666667,not_a_fox_2,,,,,,,,,,,,,,,
Running,2019-01-18 16:03:00,,Baltimore Running,0.75,29.0,03:47.4,119,123,,192,200,5:03,4:31,33.0,38.0,1.66,,,,00:00.0,1,,,,,0.06316666666666668,11.873350923482848,,5.05,4.516666666666667,not_a_fox_2,,,,,,,,,,,,,,,
Running,2019-01-18 15:58:00,,Baltimore Running,0.5,17.0,02:25.5,115,123,,196,204,4:49,4:30,27.0,27.0,1.71,,,,00:00.0,1,,,,,0.04041666666666666,12.371134020618557,,4.816666666666666,4.5,not_a_fox_2,,,,,,,,,,,,,,,
Running,2019-01-18 15:53:00,,Baltimore Running,0.5,17.0,02:24.9,113,134,,196,200,4:49,4:26,25.0,26.0,1.71,,,,00:00.0,1,,,,,0.04025,12.422360248447205,,4.816666666666666,4.433333333333334,not_a_fox_2,,,,,,,,,,,,,,,
Running,2019-01-18 15:49:00,,Baltimore Running,0.51,16.0,02:23.0,112,128,,194,202,4:41,4:30,24.0,27.0,1.77,,,,00:00.0,1,,,,,0.03972222222222222,12.83916083916084,,4.683333333333334,4.5,not_a_fox_2,,,,,,,,,,,,,,,
Running,2019-01-18 15:24:00,,Baltimore Running,2.21,113.0,0:14:46,122,145,,180,194,6:40,4:34,77.0,114.0,1.34,,,,00:00.0,3,,,,,0.2461111111111111,8.979683972911964,,6.666666666666667,4.566666666666666,not_a_fox_2,,,,,,,,,,,,,,,
Running,2019-01-17 18:21:00,,Baltimore Running,8.01,648.0,0:53:52,155,184,,176,184,6:44,3:25,224.0,230.0,1.36,,,,00:00.0,9,,,,,0.8977777777777778,8.922029702970297,,6.733333333333333,3.4166666666666665,not_a_fox_2,,,,,,,,,,,,,,,
Running,2019-01-16 10:06:00,,Baltimore Running,9.32,934.0,1:05:14,173,201,,180,192,7:00,5:40,627.0,627.0,1.27,,,,00:00.0,10,,,,,1.087222222222222,8.572304547777211,,7.0,5.666666666666667,not_a_fox_2,,,,,,,,,,,,,,,
Running,2019-01-15 16:21:00,,Baltimore Running,1.99,214.0,0:17:21,151,176,,172,188,8:42,7:24,86.0,48.0,1.07,,,,00:00.0,2,,,,,0.2891666666666667,6.881844380403458,,8.7,7.4,not_a_fox_2,,,,,,,,,,,,,,,
Running,2019-01-15 16:05:00,,Baltimore Running,1.26,86.0,06:22.6,160,168,,188,194,5:03,4:49,35.0,41.0,1.68,,,,00:00.0,2,,,,,0.10627777777777778,11.85572399372713,,5.05,4.816666666666666,not_a_fox_2,,,,,,,,,,,,,,,
Running,2019-01-15 15:57:00,,Baltimore Running,1.26,90.0,06:32.3,162,170,,188,196,5:13,4:46,42.0,49.0,1.63,,,,00:00.0,2,,,,,0.10897222222222222,11.562579658424676,,5.216666666666667,4.766666666666667,not_a_fox_2,,,,,,,,,,,,,,,
Running,2019-01-15 15:49:00,,Baltimore Running,1.26,85.0,06:32.8,153,163,,190,196,5:11,4:54,44.0,51.0,1.64,,,,00:00.0,2,,,,,0.10911111111111112,11.547861507128308,,5.183333333333334,4.9,not_a_fox_2,,,,,,,,,,,,,,,
Running,2019-01-15 15:41:00,,Baltimore Running,1.27,83.0,06:32.1,152,175,,190,198,5:08,4:43,31.0,38.0,1.64,,,,00:00.0,2,,,,,0.10891666666666668,11.660290742157612,,5.133333333333334,4.716666666666667,not_a_fox_2,,,,,,,,,,,,,,,
Running,2019-01-15 15:15:00,,Baltimore Running,2.11,152.0,0:14:06,138,166,,180,194,6:42,4:34,89.0,125.0,1.34,,,,00:00.0,3,,,,,0.23500000000000001,8.978723404255318,,6.7,4.566666666666666,not_a_fox_2,,,,,,,,,,,,,,,
Running,2019-01-14 15:36:00,,Baltimore Running,9.62,744.0,1:01:46,155,183,,180,194,6:25,5:18,497.0,494.0,1.39,,,,00:00.0,10,,,,,1.0294444444444444,9.344846195358878,,6.416666666666667,5.3,not_a_fox_2,,,,,,,,,,,,,,,
Running,2019-01-14 10:36:00,,Baltimore Running,2.13,145.0,0:14:45,132,150,,184,192,6:56,5:41,169.0,162.0,1.27,,,,00:00.0,3,,,,,0.24583333333333335,8.664406779661016,,6.933333333333334,5.683333333333334,not_a_fox_2,,,,,,,,,,,,,,,
Running,2019-01-13 09:19:00,,Baltimore Running,13.0,,1:35:11,152,172,,174,180,7:19,6:26,680.0,680.0,1.27,,,,00:00.0,13,,,,,1.586388888888889,8.19471195937664,,7.316666666666666,6.433333333333334,not_a_fox_2,,,,,,,,,,,,,,,
Running,2019-01-12 13:58:00,,New York Running,2.45,216.0,0:19:58,140,152,,176,182,8:08,3:57,7.0,7.0,1.13,,,,00:00.0,3,,,,,0.3327777777777778,7.362270450751253,,8.133333333333333,3.95,not_a_fox_2,,,,,,,,,,,,,,,
Running,2019-01-12 13:30:00,,Running,3.1,,0:16:16,,,,,,5:15,,,,0.0,,,,00:00.0,1,,,,,0.2711111111111111,11.434426229508198,,5.25,,not_a_fox_2,,,,,,,,,,,,,,,
Running,2019-01-12 12:32:00,,New York Running,2.45,207.0,0:17:35,145,179,,178,192,7:11,5:09,11.0,13.0,1.26,,,,00:00.0,3,,,,,0.29305555555555557,8.360189573459715,,7.183333333333334,5.15,not_a_fox_2,,,,,,,,,,,,,,,
Running,2019-01-11 15:21:00,,Baltimore Running,7.0,505.0,0:52:26,140,154,,174,188,7:29,5:51,330.0,331.0,1.23,,,,00:00.0,7,,,,,0.8738888888888889,8.010171646535282,,7.483333333333333,5.85,not_a_fox_2,,,,,,,,,,,,,,,
Running,2019-01-10 16:04:00,,Baltimore Running,4.06,421.0,0:28:14,172,188,,176,184,6:57,5:20,178.0,141.0,1.31,,,,00:00.0,5,,,,,0.47055555555555556,8.628099173553718,,6.95,5.333333333333333,not_a_fox_2,,,,,,,,,,,,,,,
Running,2019-01-10 15:42:00,,Baltimore Running,3.04,289.0,0:18:31,181,192,,182,208,6:06,4:27,64.0,69.0,1.45,,,,00:00.0,4,,,,,0.3086111111111111,9.850585058505851,,6.1,4.45,not_a_fox_2,,,,,,,,,,,,,,,
Running,2019-01-10 15:16:00,,Baltimore Running,2.06,188.0,0:14:04,158,188,,178,196,6:49,4:41,73.0,107.0,1.33,,,,00:00.0,3,,,,,0.23444444444444446,8.786729857819905,,6.816666666666666,4.683333333333334,not_a_fox_2,,,,,,,,,,,,,,,
Running,2019-01-09 10:14:00,,Baltimore Running,8.05,640.0,0:56:30,148,171,,178,190,7:01,5:50,695.0,689.0,1.29,,,,00:00.0,9,,,,,0.9416666666666667,8.548672566371682,,7.016666666666667,5.833333333333333,not_a_fox_2,,,,,,,,,,,,,,,
Running,2019-01-08 16:44:00,,Baltimore Running,1.18,140.0,0:10:47,152,175,,172,188,9:07,7:32,80.0,43.0,1.03,,,,00:00.0,2,,,,,0.17972222222222223,6.565687789799072,,9.116666666666667,7.533333333333333,not_a_fox_2,,,,,,,,,,,,,,,
Running,2019-01-08 15:56:00,,Baltimore Running,4.56,311.0,0:25:35,148,181,,184,210,5:36,4:06,159.0,164.0,1.55,,,,00:00.0,5,,,,,0.42638888888888893,10.69446254071661,,5.6,4.1,not_a_fox_2,,,,,,,,,,,,,,,
Running,2019-01-08 15:31:00,,Baltimore Running,2.09,192.0,0:14:23,157,188,,176,190,6:53,5:12,77.0,113.0,1.32,,,,00:00.0,3,,,,,0.23972222222222223,8.718424101969871,,6.883333333333333,5.2,not_a_fox_2,,,,,,,,,,,,,,,
Running,2019-01-07 15:30:00,,Baltimore Running,10.0,736.0,1:01:28,151,183,,180,192,6:09,5:23,526.0,530.0,1.47,,,,00:00.0,11,,,,,1.0244444444444445,9.761388286334055,,6.15,5.383333333333334,not_a_fox_2,,,,,,,,,,,,,,,
Running,2019-01-06 11:04:00,,Baltimore Other,11.99,901.0,1:29:15,144,180,,,,7:27,6:14,821.0,821.0,0.0,,,,00:00.0,12,,,,,1.4875,8.060504201680672,,7.45,6.233333333333333,not_a_fox_2,,,,,,,,,,,,,,,
Running,2019-01-05 11:32:00,,Running,8.0,,0:56:00,,,,,,7:00,,,,0.0,,,,00:00.0,1,,,,,0.9333333333333333,8.571428571428571,,7.0,,not_a_fox_2,,,,,,,,,,,,,,,
Running,2019-01-04 11:49:00,,Voorhees Running,2.23,217.0,0:16:17,155,182,,174,180,7:18,6:46,62.0,63.0,1.27,,,,00:00.0,3,,,,,0.2713888888888889,8.21699078812692,,7.3,6.766666666666667,not_a_fox_2,,,,,,,,,,,,,,,
Running,2019-01-04 11:13:00,,Voorhees Running,4.0,296.0,0:22:17,155,164,,182,192,5:34,5:10,84.0,81.0,1.59,,,,00:00.0,4,,,,,0.3713888888888889,10.770381451009724,,5.566666666666666,5.166666666666667,not_a_fox_2,,,,,,,,,,,,,,,
Running,2019-01-04 10:43:00,,Voorhees Running,2.01,172.0,0:14:36,145,179,,176,184,7:15,4:51,28.0,25.0,1.26,,,,00:00.0,3,,,,,0.24333333333333335,8.260273972602738,,7.25,4.85,not_a_fox_2,,,,,,,,,,,,,,,
Running,2019-01-03 11:26:00,,Cherry Hill Running,8.01,437.0,0:53:33,128,176,,174,182,6:41,5:41,313.0,313.0,1.38,,,,00:00.0,9,,,,,0.8925,8.974789915966387,,6.683333333333334,5.683333333333334,not_a_fox_2,,,,,,,,,,,,,,,
Running,2019-01-02 11:29:00,,Cherry Hill Running,8.01,568.0,0:57:47,137,166,,174,180,7:13,5:50,256.0,245.0,1.28,,,,00:00.0,9,,,,,0.9630555555555556,8.317277184886068,,7.216666666666667,5.833333333333333,not_a_fox_2,,,,,,,,,,,,,,,
Running,2019-01-01 12:07:00,,Cherry Hill Running,7.0,630.0,0:47:37,158,170,,172,180,6:48,4:14,219.0,223.0,1.38,,,,00:00.0,8,,,,,0.7936111111111112,8.820441022051103,,6.8,4.233333333333333,not_a_fox_2,,,,,,,,,,,,,,,
Running,2018-12-31 14:41:00,,Cherry Hill Running,7.07,570.0,0:53:51,144,168,,172,180,7:37,5:34,174.0,181.0,1.23,,,,00:00.0,8,,,,,0.8975,7.877437325905293,,7.616666666666667,5.566666666666666,not_a_fox_2,,,,,,,,,,,,,,,
Running,2018-12-30 10:40:00,,Cherry Hill Running,8.51,796.0,0:58:23,161,184,,174,184,6:52,5:54,278.0,281.0,1.34,,,,00:00.0,9,,,,,0.9730555555555556,8.74564658863831,,6.866666666666667,5.9,not_a_fox_2,,,,,,,,,,,,,,,
Running,2018-12-29 16:45:00,,Voorhees Running,7.56,624.0,0:57:44,143,178,,172,182,7:38,6:39,176.0,176.0,1.23,,,,00:00.0,8,,,,,0.9622222222222222,7.856812933025404,,7.633333333333333,6.65,not_a_fox_2,,,,,,,,,,,,,,,
Running,2018-12-27 08:47:00,,Cherry Hill Running,5.0,395.0,0:36:54,140,165,,174,180,7:23,5:53,138.0,142.0,1.26,,,,00:00.0,5,,,,,0.615,8.130081300813009,,7.383333333333334,5.883333333333333,not_a_fox_2,,,,,,,,,,,,,,,
Running,2018-12-24 10:45:00,,Cherry Hill Running,5.29,458.0,0:37:54,148,164,,176,182,7:10,6:33,142.0,146.0,1.28,,,,00:00.0,6,,,,,0.6316666666666667,8.37467018469657,,7.166666666666667,6.55,not_a_fox_2,,,,,,,,,,,,,,,
Running,2018-11-30 16:43:00,,Baltimore Running,4.98,371.0,0:36:41,138,173,,172,184,7:22,3:55,279.0,279.0,1.26,,,,00:00.0,5,,,,,0.6113888888888889,8.145388459791006,,7.366666666666666,3.9166666666666665,not_a_fox_2,,,,,,,,,,,,,,,
Running,2018-11-29 16:28:00,,Baltimore Running,7.9,512.0,0:55:10,138,164,,174,184,6:59,4:52,900.0,879.0,1.33,,,,00:00.0,8,,,,,0.9194444444444444,8.592145015105741,,6.983333333333333,4.866666666666667,not_a_fox_2,,,,,,,,,,,,,,,
Running,2018-11-27 17:38:00,,Baltimore Running,1.17,110.0,09:47.8,138,150,,174,196,8:21,4:02,80.0,44.0,1.11,,,,00:00.0,2,,,,,0.16327777777777777,7.165702619938754,,8.35,4.033333333333333,not_a_fox_2,,,,,,,,,,,,,,,
Treadmill Running,2018-11-27 17:30:00,,Treadmill Running,0.35,19.0,01:50.2,134,145,,196,204,5:16,4:23,,,1.56,,,,00:00.0,1,,,,,0.03061111111111111,11.433756805807622,,5.266666666666667,4.383333333333334,not_a_fox_2,,,,,,,,,,,,,,,
Treadmill Running,2018-11-27 17:26:00,,Treadmill Running,0.34,20.0,01:47.8,138,147,,194,198,5:13,4:44,,,1.59,,,,00:00.0,1,,,,,0.029944444444444444,11.354359925788499,,5.216666666666667,4.733333333333333,not_a_fox_2,,,,,,,,,,,,,,,
Treadmill Running,2018-11-27 17:23:00,,Treadmill Running,0.34,18.0,01:47.7,128,139,,194,202,5:16,4:43,,,1.57,,,,00:00.0,1,,,,,0.029916666666666668,11.364902506963789,,5.266666666666667,4.716666666666667,not_a_fox_2,,,,,,,,,,,,,,,
Treadmill Running,2018-11-27 17:19:00,,Treadmill Running,0.47,25.0,02:31.5,131,147,,190,196,5:21,4:49,,,1.58,,,,00:00.0,1,,,,,0.042083333333333334,11.168316831683168,,5.35,4.816666666666666,not_a_fox_2,,,,,,,,,,,,,,,
Treadmill Running,2018-11-27 17:14:00,,Treadmill Running,0.46,26.0,02:26.0,136,148,,192,198,5:17,4:45,,,1.59,,,,00:00.0,1,,,,,0.04055555555555555,11.342465753424658,,5.283333333333333,4.75,not_a_fox_2,,,,,,,,,,,,,,,
Treadmill Running,2018-11-27 17:10:00,,Treadmill Running,0.46,27.0,02:25.7,138,146,,192,196,5:17,4:49,,,1.59,,,,00:00.0,1,,,,,0.04047222222222222,11.365820178448867,,5.283333333333333,4.816666666666666,not_a_fox_2,,,,,,,,,,,,,,,
Treadmill Running,2018-11-27 17:06:00,,Treadmill Running,0.46,25.0,02:24.5,132,142,,192,198,5:14,4:46,,,1.6,,,,00:00.0,1,,,,,0.04013888888888889,11.460207612456747,,5.233333333333333,4.766666666666667,not_a_fox_2,,,,,,,,,,,,,,,
Treadmill Running,2018-11-27 17:01:00,,Treadmill Running,0.46,25.0,02:24.4,133,152,,192,200,5:15,4:45,,,1.6,,,,00:00.0,1,,,,,0.04011111111111111,11.46814404432133,,5.25,4.75,not_a_fox_2,,,,,,,,,,,,,,,
Treadmill Running,2018-11-27 16:54:00,,Treadmill Running,0.95,56.0,05:09.4,135,144,,188,194,5:25,4:54,,,1.58,,,,00:00.0,1,,,,,0.08594444444444443,11.05365223012282,,5.416666666666667,4.9,not_a_fox_2,,,,,,,,,,,,,,,
Running,2018-11-27 16:31:00,,Baltimore Running,2.09,144.0,0:13:57,133,156,,178,190,6:41,4:16,73.0,108.0,1.35,,,,00:00.0,3,,,,,0.2325,8.989247311827956,,6.683333333333334,4.266666666666667,not_a_fox_2,,,,,,,,,,,,,,,
Running,2018-11-26 16:29:00,,Baltimore Running,9.01,658.0,1:00:41,150,181,,176,186,6:44,5:14,526.0,525.0,1.36,,,,00:00.0,10,,,,,1.011388888888889,8.908541609447953,,6.733333333333333,5.233333333333333,not_a_fox_2,,,,,,,,,,,,,,,
Running,2018-11-25 16:05:00,,Baltimore Running,11.94,711.0,1:26:31,137,166,,174,186,7:15,5:32,722.0,718.0,1.27,,,,00:00.0,12,,,,,1.4419444444444445,8.280485455596224,,7.25,5.533333333333333,not_a_fox_2,,,,,,,,,,,,,,,
Running,2018-11-24 09:43:00,,Haddon Running,1.62,180.0,0:13:36,153,168,,168,192,8:25,7:17,27.0,24.0,1.14,,,,00:00.0,2,,,,,0.22666666666666668,7.147058823529412,,8.416666666666666,7.283333333333333,not_a_fox_2,,,,,,,,,,,,,,,
Running,2018-11-24 09:16:00,,Haddon Running,3.13,209.0,0:16:03,151,161,,186,210,5:08,4:15,37.0,37.0,1.69,,,,00:00.0,4,,,,,0.2675,11.70093457943925,,5.133333333333334,4.25,not_a_fox_2,,,,,,,,,,,,,,,
Running,2018-11-24 08:27:00,,Haddon Running,2.17,184.0,0:14:51,149,182,,176,188,6:50,2:06,49.0,45.0,1.34,,,,00:00.0,3,,,,,0.2475,8.767676767676768,,6.833333333333333,2.1,not_a_fox_2,,,,,,,,,,,,,,,
Running,2018-11-21 10:57:00,,Voorhees Running,1.53,131.0,0:10:37,146,161,,176,182,6:56,6:17,33.0,40.0,1.32,,,,00:00.0,2,,,,,0.17694444444444443,8.646781789638933,,6.933333333333334,6.283333333333333,not_a_fox_2,,,,,,,,,,,,,,,
Running,2018-11-20 15:15:00,,Cherry Hill Running,6.94,457.0,0:47:12,135,182,,176,196,6:48,5:48,126.0,128.0,1.35,,,,00:00.0,7,,,,,0.7866666666666666,8.822033898305087,,6.8,5.8,not_a_fox_2,,,,,,,,,,,,,,,
Running,2018-11-19 10:33:00,,Voorhees Running,7.44,520.0,0:52:08,139,165,,176,184,7:01,5:54,191.0,209.0,1.31,,,,00:00.0,8,,,,,0.8688888888888889,8.562659846547314,,7.016666666666667,5.9,not_a_fox_2,,,,,,,,,,,,,,,
Running,2018-11-13 17:31:00,,Baltimore Running,1.8,187.0,0:14:04,156,191,,172,186,7:48,7:05,143.0,61.0,1.2,,,,00:00.0,2,,,,,0.23444444444444446,7.677725118483412,,7.8,7.083333333333333,not_a_fox_2,,,,,,,,,,,,,,,
Running,2018-11-13 17:11:00,,Baltimore Running,2.72,177.0,0:14:22,147,157,,182,190,5:17,4:54,24.0,28.0,1.68,,,,00:00.0,3,,,,,0.23944444444444446,11.359628770301624,,5.283333333333333,4.9,not_a_fox_2,,,,,,,,,,,,,,,
Running,2018-11-13 16:56:00,,Baltimore Running,2.7,159.0,0:14:15,140,148,,186,194,5:16,5:04,30.0,31.0,1.64,,,,00:00.0,3,,,,,0.23750000000000002,11.368421052631579,,5.266666666666667,5.066666666666666,not_a_fox_2,,,,,,,,,,,,,,,
Running,2018-11-13 16:30:00,,Baltimore Running,2.05,127.0,0:14:03,127,143,,176,188,6:51,5:06,51.0,142.0,1.33,,,,00:00.0,3,,,,,0.23416666666666666,8.754448398576512,,6.85,5.1,not_a_fox_2,,,,,,,,,,,,,,,
Running,2018-11-11 10:14:00,,Baltimore Running,14.0,822.0,1:42:02,136,178,,174,186,7:17,5:34,735.0,829.0,1.28,,,,00:00.0,14,,,,,1.7005555555555556,8.232603724273114,,7.283333333333333,5.566666666666666,not_a_fox_2,,,,,,,,,,,,,,,
Running,2018-11-08 16:28:00,,Baltimore Running,7.54,674.0,0:51:39,160,198,,176,206,6:51,4:10,465.0,462.0,1.34,,,,00:00.0,8,,,,,0.8608333333333333,8.75895450145208,,6.85,4.166666666666667,not_a_fox_2,,,,,,,,,,,,,,,
Running,2018-11-06 17:31:00,,Baltimore Running,1.19,148.0,0:10:33,164,186,,168,182,8:51,7:24,74.0,38.0,1.08,,,,00:00.0,2,,,,,0.1758333333333333,6.767772511848341,,8.85,7.4,not_a_fox_2,,,,,,,,,,,,,,,
Running,2018-11-06 17:18:00,,Baltimore Running,1.28,96.0,06:31.3,172,189,,186,192,5:05,4:54,44.0,51.0,1.71,,,,00:00.0,2,,,,,0.10869444444444445,11.776130845898287,,5.083333333333333,4.9,not_a_fox_2,,,,,,,,,,,,,,,
Running,2018-11-06 17:10:00,,Baltimore Running,1.29,96.0,06:32.2,172,186,,186,192,5:04,4:49,34.0,40.0,1.71,,,,00:00.0,2,,,,,0.10894444444444445,11.840897501274858,,5.066666666666666,4.816666666666666,not_a_fox_2,,,,,,,,,,,,,,,
Running,2018-11-06 17:03:00,,Baltimore Running,1.28,86.0,06:32.3,155,188,,186,192,5:05,4:52,33.0,43.0,1.69,,,,00:00.0,2,,,,,0.10897222222222222,11.746112668875861,,5.083333333333333,4.866666666666667,not_a_fox_2,,,,,,,,,,,,,,,
Running,2018-11-06 16:55:00,,Baltimore Running,1.3,71.0,06:29.4,137,156,,190,196,4:59,4:35,53.0,59.0,1.71,,,,00:00.0,2,,,,,0.10816666666666667,12.018489984591678,,4.983333333333333,4.583333333333333,not_a_fox_2,,,,,,,,,,,,,,,
Running,2018-11-06 16:30:00,,Baltimore Running,1.89,125.0,0:12:43,130,150,,176,190,6:44,4:49,81.0,115.0,1.36,,,,00:00.0,2,,,,,0.21194444444444446,8.91743119266055,,6.733333333333333,4.816666666666666,not_a_fox_2,,,,,,,,,,,,,,,
Running,2018-11-05 16:38:00,,Baltimore Running,8.0,436.0,0:48:51,130,164,,178,186,6:06,5:00,608.0,600.0,1.48,,,,00:00.0,9,,,,,0.8141666666666667,9.825997952917092,,6.1,5.0,not_a_fox_2,,,,,,,,,,,,,,,
Running,2018-11-04 10:16:00,,Baltimore Running,12.17,908.0,1:18:46,152,173,,178,192,6:28,4:41,779.0,798.0,1.39,,,,00:00.0,13,,,,,1.3127777777777778,9.270418958950486,,6.466666666666667,4.683333333333334,not_a_fox_2,,,,,,,,,,,,,,,
Running,2018-11-03 10:01:00,,Baltimore Running,6.03,447.0,0:47:24,136,153,,172,180,7:52,5:20,331.0,322.0,1.19,,,,00:00.0,7,,,,,0.79,7.632911392405063,,7.866666666666667,5.333333333333333,not_a_fox_2,,,,,,,,,,,,,,,
Running,2018-11-02 16:13:00,,Baltimore Running,5.07,346.0,0:36:38,134,152,,174,182,7:14,3:28,321.0,314.0,1.29,,,,00:00.0,6,,,,,0.6105555555555555,8.303912647861694,,7.233333333333333,3.466666666666667,not_a_fox_2,,,,,,,,,,,,,,,
Running,2018-11-01 17:13:00,,Baltimore Running,2.72,264.0,0:21:15,148,160,,172,182,7:48,6:22,326.0,314.0,1.2,,,,00:00.0,3,,,,,0.35416666666666663,7.6800000000000015,,7.8,6.366666666666666,not_a_fox_2,,,,,,,,,,,,,,,
Running,2018-11-01 17:06:00,,Running,0.88,78.0,05:00.5,179,197,,186,196,5:41,4:50,,,1.52,,,,00:00.0,1,,,,,0.08347222222222221,10.542429284525792,,5.683333333333334,4.833333333333333,not_a_fox_2,,,,,,,,,,,,,,,
Running,2018-11-01 17:00:00,,Baltimore Running,0.83,76.0,05:00.1,176,183,,184,192,6:00,2:05,138.0,182.0,1.46,,,,00:00.0,1,,,,,0.08336111111111111,9.9566811062979,,6.0,2.0833333333333335,not_a_fox_2,,,,,,,,,,,,,,,
Running,2018-11-01 16:54:00,,Baltimore Running,0.9,68.0,05:00.8,161,197,,190,198,5:35,4:28,156.0,124.0,1.52,,,,00:00.0,1,,,,,0.08355555555555555,10.771276595744682,,5.583333333333333,4.466666666666667,not_a_fox_2,,,,,,,,,,,,,,,
Running,2018-10-28 16:29:00,,Baltimore Running,11.33,564.0,1:21:47,124,141,,174,184,7:13,1:12,535.0,628.0,1.28,,,,00:00.0,12,,,,,1.3630555555555557,8.312207051151416,,7.216666666666667,1.2,not_a_fox_2,,,,,,,,,,,,,,,
Treadmill Running,2018-10-27 13:34:00,,Treadmill Running,1.53,124.0,0:12:25,133,175,,170,174,8:07,4:37,,,1.17,,,,00:00.0,2,,,,,0.20694444444444446,7.393288590604026,,8.116666666666667,4.616666666666667,not_a_fox_2,,,,,,,,,,,,,,,
Running,2018-10-27 11:55:00,,Haverford Running,2.16,180.0,0:15:15,143,157,,174,192,7:03,5:08,48.0,48.0,1.3,,,,00:00.0,3,,,,,0.25416666666666665,8.498360655737706,,7.05,5.133333333333334,not_a_fox_2,,,,,,,,,,,,,,,
Running,2018-10-26 16:54:00,,Baltimore Running,4.98,382.0,0:36:33,138,165,,174,190,7:20,3:58,251.0,247.0,1.26,,,,00:00.0,5,,,,,0.6091666666666666,8.175102599179208,,7.333333333333333,3.966666666666667,not_a_fox_2,,,,,,,,,,,,,,,
Running,2018-10-25 16:35:00,,Baltimore Running,8.88,603.0,0:59:38,142,168,,174,198,6:43,4:19,422.0,415.0,1.37,,,,00:00.0,9,,,,,0.9938888888888888,8.934600335382896,,6.716666666666667,4.316666666666666,not_a_fox_2,,,,,,,,,,,,,,,
Running,2018-10-24 16:36:00,,Baltimore Running,5.0,533.0,0:35:49,166,186,,172,180,7:10,6:23,541.0,546.0,1.31,,,,00:00.0,6,,,,,0.5969444444444445,8.37598883201489,,7.166666666666667,6.383333333333334,not_a_fox_2,,,,,,,,,,,,,,,
Running,2018-10-23 17:40:00,,Baltimore Running,2.48,218.0,0:18:19,142,167,,172,188,7:22,6:09,260.0,256.0,1.27,,,,00:00.0,3,,,,,0.30527777777777776,8.123748862602366,,7.366666666666666,6.15,not_a_fox_2,,,,,,,,,,,,,,,
Running,2018-10-23 17:29:00,,Baltimore Running,0.63,50.0,03:11.6,177,189,,186,202,5:03,4:24,,10.0,1.71,,,,00:00.0,1,,,,,0.053222222222222226,11.837160751565762,,5.05,4.4,not_a_fox_2,,,,,,,,,,,,,,,
Running,2018-10-23 17:22:00,,Baltimore Running,1.26,105.0,06:26.5,181,193,,186,196,5:07,4:42,17.0,21.0,1.7,,,,00:00.0,2,,,,,0.10736111111111112,11.736093143596378,,5.116666666666666,4.7,not_a_fox_2,,,,,,,,,,,,,,,
Running,2018-10-23 17:17:00,,Baltimore Running,0.63,51.0,03:13.8,177,193,,186,194,5:09,4:54,,10.0,1.68,,,,00:00.0,1,,,,,0.05383333333333334,11.702786377708978,,5.15,4.9,not_a_fox_2,,,,,,,,,,,,,,,
Running,2018-10-23 17:10:00,,Baltimore Running,1.27,103.0,06:26.7,177,196,,186,196,5:06,4:32,25.0,25.0,1.7,,,,00:00.0,2,,,,,0.10741666666666667,11.82311869666408,,5.1,4.533333333333333,not_a_fox_2,,,,,,,,,,,,,,,
Running,2018-10-23 17:05:00,,Baltimore Running,0.63,45.0,03:14.6,159,183,,186,194,5:09,4:35,10.0,12.0,1.68,,,,00:00.0,1,,,,,0.05405555555555556,11.654676258992806,,5.15,4.583333333333333,not_a_fox_2,,,,,,,,,,,,,,,
Running,2018-10-23 17:01:00,,Baltimore Running,0.63,42.0,03:07.6,153,172,,192,200,4:59,4:37,9.0,10.0,1.68,,,,00:00.0,1,,,,,0.052111111111111115,12.08955223880597,,4.983333333333333,4.616666666666667,not_a_fox_2,,,,,,,,,,,,,,,
Running,2018-10-23 16:30:00,,Baltimore Running,2.96,244.0,0:21:00,141,170,,174,194,7:06,5:06,269.0,274.0,1.3,,,,00:00.0,3,,,,,0.35,8.457142857142857,,7.1,5.1,not_a_fox_2,,,,,,,,,,,,,,,
Running,2018-10-22 00:13:00,,Running,8.8,,0:59:36,,,,,,6:46,,,,0.0,,,,00:00.0,1,,,,,0.9933333333333333,8.859060402684564,,6.766666666666667,,not_a_fox_2,,,,,,,,,,,,,,,
Running,2018-10-21 09:14:00,,Baltimore Running,13.01,,1:23:25,153,180,,178,192,6:25,4:32,,,1.41,,,,00:00.0,14,,,,,1.3902777777777777,9.357842157842159,,6.416666666666667,4.533333333333333,not_a_fox_2,,,,,,,,,,,,,,,
Running,2018-10-20 08:51:00,,Baltimore Running,6.91,445.0,0:51:03,130,165,,174,184,7:23,0:42,437.0,432.0,1.25,,,,00:00.0,7,,,,,0.8508333333333333,8.121449559255632,,7.383333333333334,0.7,not_a_fox_2,,,,,,,,,,,,,,,
Running,2018-10-19 10:24:00,,Baltimore Running,2.2,206.0,0:17:06,142,161,,172,194,7:47,5:58,273.0,245.0,1.21,,,,00:00.0,3,,,,,0.285,7.719298245614036,,7.783333333333333,5.966666666666667,not_a_fox_2,,,,,,,,,,,,,,,
Running,2018-10-19 10:18:00,,Baltimore Running,0.25,14.0,01:10.4,143,163,,198,206,4:40,4:10,16.0,14.0,1.74,,,,00:00.0,1,,,,,0.019555555555555555,12.78409090909091,,4.666666666666667,4.166666666666667,not_a_fox_2,,,,,,,,,,,,,,,
Running,2018-10-19 10:15:00,,Baltimore Running,0.25,15.0,01:13.4,145,166,,192,198,4:56,4:27,15.0,14.0,1.7,,,,00:00.0,1,,,,,0.020388888888888887,12.26158038147139,,4.933333333333334,4.45,not_a_fox_2,,,,,,,,,,,,,,,
Running,2018-10-19 10:13:00,,Baltimore Running,0.26,16.0,01:13.4,146,158,,192,198,4:48,4:01,16.0,14.0,1.75,,,,00:00.0,1,,,,,0.020388888888888887,12.752043596730246,,4.8,4.016666666666667,not_a_fox_2,,,,,,,,,,,,,,,
Running,2018-10-19 10:10:00,,Baltimore Running,0.25,14.0,01:12.0,141,167,,194,204,4:46,4:26,16.0,14.0,1.74,,,,00:00.0,1,,,,,0.02,12.5,,4.766666666666667,4.433333333333334,not_a_fox_2,,,,,,,,,,,,,,,
Running,2018-10-19 10:08:00,,Baltimore Running,0.25,14.0,01:14.4,141,177,,188,196,4:56,4:33,16.0,14.0,1.73,,,,00:00.0,1,,,,,0.020666666666666667,12.096774193548388,,4.933333333333334,4.55,not_a_fox_2,,,,,,,,,,,,,,,
Running,2018-10-19 09:44:00,,Baltimore Running,4.02,186.0,0:21:29,126,149,,184,198,5:21,4:28,189.0,192.0,1.63,,,,00:00.0,5,,,,,0.3580555555555555,11.227307990690457,,5.35,4.466666666666667,not_a_fox_2,,,,,,,,,,,,,,,
Running,2018-10-19 09:16:00,,Baltimore Running,2.43,160.0,0:17:03,127,146,,178,194,7:01,5:13,245.0,262.0,1.29,,,,00:00.0,3,,,,,0.2841666666666667,8.551319648093841,,7.016666666666667,5.216666666666667,not_a_fox_2,,,,,,,,,,,,,,,
Running,2018-10-18 12:25:00,,Baltimore Running,8.2,521.0,0:56:58,133,152,,174,184,6:57,3:29,404.0,398.0,1.33,,,,00:00.0,9,,,,,0.9494444444444444,8.63662960795787,,6.95,3.4833333333333334,not_a_fox_2,,,,,,,,,,,,,,,
Running,2018-10-17 15:04:00,,Baltimore Running,7.01,458.0,0:51:43,133,147,,172,180,7:22,6:15,574.0,581.0,1.26,,,,00:00.0,8,,,,,0.8619444444444444,8.132774734128263,,7.366666666666666,6.25,not_a_fox_2,,,,,,,,,,,,,,,
Running,2018-10-16 17:52:00,,Baltimore Running,2.28,197.0,0:20:05,132,161,,168,196,8:49,6:42,262.0,263.0,1.09,,,,00:00.0,3,,,,,0.3347222222222222,6.811618257261411,,8.816666666666666,6.7,not_a_fox_2,,,,,,,,,,,,,,,
Running,2018-10-16 17:45:00,,Baltimore Running,0.59,39.0,02:57.1,151,168,,194,208,5:01,4:21,44.0,34.0,1.65,,,,00:00.0,1,,,,,0.04919444444444444,11.99322416713721,,5.016666666666667,4.35,not_a_fox_2,,,,,,,,,,,,,,,
Running,2018-10-16 17:37:00,,Baltimore Running,0.9,65.0,04:44.7,156,195,,192,204,5:18,4:29,89.0,45.0,1.58,,,,00:00.0,1,,,,,0.07908333333333334,11.380400421496311,,5.3,4.483333333333333,not_a_fox_2,,,,,,,,,,,,,,,
Running,2018-10-16 17:29:00,,Baltimore Running,0.9,59.0,04:41.9,147,189,,188,200,5:14,4:12,89.0,44.0,1.64,,,,00:00.0,1,,,,,0.07830555555555556,11.493437389145086,,5.233333333333333,4.2,not_a_fox_2,,,,,,,,,,,,,,,
Running,2018-10-16 17:23:00,,Baltimore Running,0.59,31.0,03:04.3,128,140,,188,200,5:13,4:18,45.0,34.0,1.64,,,,00:00.0,1,,,,,0.051194444444444445,11.524688008681498,,5.216666666666667,4.3,not_a_fox_2,,,,,,,,,,,,,,,
Running,2018-10-16 17:15:00,,Baltimore Running,0.89,47.0,04:43.1,129,158,,188,200,5:16,4:06,90.0,45.0,1.62,,,,00:00.0,1,,,,,0.07863888888888888,11.317555634051573,,5.266666666666667,4.1,not_a_fox_2,,,,,,,,,,,,,,,
Running,2018-10-16 17:09:00,,Baltimore Running,0.59,41.0,03:02.2,151,156,,190,200,5:09,4:29,45.0,35.0,1.64,,,,00:00.0,1,,,,,0.050611111111111114,11.657519209659714,,5.15,4.483333333333333,not_a_fox_2,,,,,,,,,,,,,,,
Running,2018-10-16 17:04:00,,Baltimore Running,0.59,37.0,03:03.7,141,166,,190,200,5:10,3:36,43.0,35.0,1.64,,,,00:00.0,1,,,,,0.05102777777777778,11.562329885683177,,5.166666666666667,3.6,not_a_fox_2,,,,,,,,,,,,,,,
Running,2018-10-16 16:32:00,,Baltimore Running,2.85,203.0,0:19:27,133,169,,176,196,6:49,4:50,268.0,273.0,1.34,,,,00:00.0,3,,,,,0.32416666666666666,8.791773778920309,,6.816666666666666,4.833333333333333,not_a_fox_2,,,,,,,,,,,,,,,
Running,2018-10-15 16:33:00,,Baltimore Running,10.22,681.0,1:09:25,139,161,,174,186,6:48,5:06,,,1.36,,,,00:00.0,11,,,,,1.1569444444444443,8.833613445378152,,6.8,5.1,not_a_fox_2,,,,,,,,,,,,,,,
Running,2018-10-14 16:50:00,,Baltimore Running,13.02,981.0,1:24:03,150,182,,174,196,6:27,4:04,937.0,931.0,1.42,,,,00:00.0,14,,,,,1.4008333333333332,9.29446757882213,,6.45,4.066666666666666,not_a_fox_2,,,,,,,,,,,,,,,
Running,2018-10-13 19:19:00,,Running,5.0,,0:26:36,,,,,,5:19,,,,0.0,,,,00:00.0,1,,,,,0.44333333333333336,11.278195488721805,,5.316666666666666,,not_a_fox_2,,,,,,,,,,,,,,,
Running,2018-10-13 12:21:00,,Logan Running,1.49,146.0,0:11:39,145,171,,170,180,7:50,6:43,,,1.21,,,,00:00.0,2,,,,,0.19416666666666665,7.673819742489271,,7.833333333333333,6.716666666666667,not_a_fox_2,,,,,,,,,,,,,,,
Running,2018-10-13 11:00:00,,Logan Running,2.21,185.0,0:15:21,144,167,,176,192,6:57,4:56,,,1.3,,,,00:00.0,3,,,,,0.25583333333333336,8.638436482084689,,6.95,4.933333333333334,not_a_fox_2,,,,,,,,,,,,,,,
Running,2018-10-12 08:51:00,,Baltimore Running,4.95,353.0,0:36:08,133,174,,176,190,7:18,3:44,260.0,264.0,1.25,,,,00:00.0,5,,,,,0.6022222222222222,8.219557195571957,,7.3,3.7333333333333334,not_a_fox_2,,,,,,,,,,,,,,,
Running,2018-10-11 16:35:00,,Baltimore Running,10.98,831.0,1:14:06,147,171,,176,198,6:45,4:24,626.0,633.0,1.35,,,,00:00.0,11,,,,,1.235,8.89068825910931,,6.75,4.4,not_a_fox_2,,,,,,,,,,,,,,,
Running,2018-10-10 18:55:00,,Running,9.0,,1:06:00,,,,,,7:20,,,,0.0,,,,00:00.0,1,,,,,1.1,8.181818181818182,,7.333333333333333,,not_a_fox_2,,,,,,,,,,,,,,,
Running,2018-10-10 16:07:00,,Baltimore Running,6.54,387.0,0:48:42,127,149,,172,180,7:27,6:15,423.0,444.0,1.26,,,,00:00.0,7,,,,,0.8116666666666668,8.057494866529773,,7.45,6.25,not_a_fox_2,,,,,,,,,,,,,,,
Running,2018-10-09 17:23:00,,Baltimore Running,2.44,217.0,0:21:54,133,149,,168,188,9:00,7:19,157.0,57.0,1.06,,,,00:00.0,3,,,,,0.365,6.684931506849315,,9.0,7.316666666666666,not_a_fox_2,,,,,,,,,,,,,,,
Running,2018-10-09 17:07:00,,Baltimore Running,1.35,113.0,07:02.6,179,186,,184,194,5:14,4:38,15.0,11.0,1.66,,,,00:00.0,2,,,,,0.11738888888888889,11.500236630383341,,5.233333333333333,4.633333333333333,not_a_fox_2,,,,,,,,,,,,,,,
Running,2018-10-09 16:59:00,,Baltimore Running,1.35,109.0,06:54.7,178,187,,188,202,5:06,4:27,17.0,13.0,1.68,,,,00:00.0,2,,,,,0.11519444444444445,11.71931516759103,,5.1,4.45,not_a_fox_2,,,,,,,,,,,,,,,
Running,2018-10-09 16:51:00,,Baltimore Running,1.35,102.0,06:52.2,169,188,,188,202,5:04,4:23,14.0,14.0,1.69,,,,00:00.0,2,,,,,0.1145,11.790393013100436,,5.066666666666666,4.383333333333334,not_a_fox_2,,,,,,,,,,,,,,,
Running,2018-10-09 16:28:00,,Baltimore Running,2.42,160.0,0:16:23,130,174,,178,196,6:47,4:57,48.0,138.0,1.33,,,,00:00.0,3,,,,,0.27305555555555555,8.86266531027467,,6.783333333333333,4.95,not_a_fox_2,,,,,,,,,,,,,,,
Running,2018-10-08 16:39:00,,Baltimore Running,10.01,768.0,1:07:45,147,168,,178,212,6:46,4:45,799.0,791.0,1.35,,,,00:00.0,11,,,,,1.1291666666666667,8.864944649446494,,6.766666666666667,4.75,not_a_fox_2,,,,,,,,,,,,,,,
Running,2018-10-07 09:15:00,,Baltimore Running,15.0,,1:44:20,150,191,,176,192,6:57,4:21,836.0,833.0,1.32,,,,00:00.0,15,,,,,1.738888888888889,8.626198083067093,,6.95,4.35,not_a_fox_2,,,,,,,,,,,,,,,
Running,2018-10-06 10:57:00,,Baltimore Running,7.0,480.0,0:50:25,135,159,,176,188,7:12,6:08,479.0,415.0,1.27,,,,00:00.0,7,,,,,0.8402777777777778,8.330578512396695,,7.2,6.133333333333334,not_a_fox_2,,,,,,,,,,,,,,,
Running,2018-10-05 08:28:00,,Baltimore Running,1.36,130.0,0:12:27,134,168,,170,206,9:09,0:31,96.0,49.0,1.04,,,,00:00.0,2,,,,,0.20750000000000002,6.554216867469879,,9.15,0.5166666666666667,not_a_fox_2,,,,,,,,,,,,,,,
Running,2018-10-05 08:19:00,,Baltimore Running,1.02,50.0,04:42.9,132,139,,196,208,4:36,4:08,36.0,43.0,1.78,,,,00:00.0,2,,,,,0.07858333333333334,12.97985153764581,,4.6,4.133333333333334,not_a_fox_2,,,,,,,,,,,,,,,
Running,2018-10-05 08:10:00,,Baltimore Running,1.02,66.0,04:47.9,155,171,,194,202,4:41,4:23,50.0,57.0,1.77,,,,00:00.0,2,,,,,0.07997222222222222,12.754428621048975,,4.683333333333334,4.383333333333334,not_a_fox_2,,,,,,,,,,,,,,,
Running,2018-10-05 08:01:00,,Baltimore Running,1.02,75.0,04:55.0,174,193,,192,208,4:50,4:38,48.0,50.0,1.73,,,,00:00.0,2,,,,,0.08194444444444444,12.447457627118645,,4.833333333333333,4.633333333333333,not_a_fox_2,,,,,,,,,,,,,,,
Running,2018-10-05 07:52:00,,Baltimore Running,1.03,81.0,05:04.2,182,190,,190,206,4:56,4:30,34.0,40.0,1.72,,,,00:00.0,2,,,,,0.08449999999999999,12.189349112426036,,4.933333333333334,4.5,not_a_fox_2,,,,,,,,,,,,,,,
Running,2018-10-05 07:43:00,,Baltimore Running,1.02,78.0,05:09.9,171,181,,190,196,5:03,4:47,34.0,41.0,1.68,,,,00:00.0,2,,,,,0.08608333333333333,11.848983543078413,,5.05,4.783333333333333,not_a_fox_2,,,,,,,,,,,,,,,
Running,2018-10-05 07:34:00,,Baltimore Running,1.01,73.0,05:18.0,156,173,,190,198,5:15,4:50,35.0,45.0,1.62,,,,00:00.0,2,,,,,0.08833333333333333,11.433962264150944,,5.25,4.833333333333333,not_a_fox_2,,,,,,,,,,,,,,,
Running,2018-10-05 07:03:00,,Baltimore Running,1.99,140.0,0:14:02,129,156,,176,194,7:03,4:35,85.0,117.0,1.3,,,,00:00.0,2,,,,,0.2338888888888889,8.508313539192399,,7.05,4.583333333333333,not_a_fox_2,,,,,,,,,,,,,,,
Running,2018-10-04 16:38:00,,Baltimore Running,11.18,779.0,1:14:45,144,163,,176,190,6:41,5:24,606.0,597.0,1.36,,,,00:00.0,12,,,,,1.2458333333333333,8.97391304347826,,6.683333333333334,5.4,not_a_fox_2,,,,,,,,,,,,,,,
Running,2018-10-03 09:25:00,,Baltimore Running,7.05,463.0,0:53:42,129,150,,174,182,7:37,0:30,520.0,510.0,1.22,,,,00:00.0,8,,,,,0.895,7.877094972067039,,7.616666666666667,0.5,not_a_fox_2,,,,,,,,,,,,,,,
Running,2018-10-02 17:42:00,,Baltimore Running,1.61,162.0,0:15:02,136,148,,166,194,9:20,7:59,211.0,191.0,1.03,,,,00:00.0,2,,,,,0.25055555555555553,6.425720620842573,,9.333333333333334,7.983333333333333,not_a_fox_2,,,,,,,,,,,,,,,
Running,2018-10-02 17:31:00,,Baltimore Running,0.97,77.0,04:54.0,178,192,,190,200,5:02,3:49,81.0,165.0,1.69,,,,00:00.0,1,,,,,0.08166666666666667,11.877551020408163,,5.033333333333333,3.8166666666666664,not_a_fox_2,,,,,,,,,,,,,,,
Running,2018-10-02 17:22:00,,Baltimore Running,0.99,82.0,05:22.6,172,184,,188,200,5:24,4:10,168.0,73.0,1.58,,,,00:00.0,1,,,,,0.08961111111111111,11.047737135771854,,5.4,4.166666666666667,not_a_fox_2,,,,,,,,,,,,,,,
Running,2018-10-02 17:16:00,,Baltimore Running,0.37,27.0,01:49.0,172,189,,194,200,4:51,4:14,14.0,19.0,1.71,,,,00:00.0,1,,,,,0.03027777777777778,12.220183486238533,,4.85,4.233333333333333,not_a_fox_2,,,,,,,,,,,,,,,
Running,2018-10-02 17:13:00,,Baltimore Running,0.38,24.0,01:48.7,157,184,,192,202,4:49,4:15,11.0,17.0,1.74,,,,00:00.0,1,,,,,0.030194444444444447,12.585096596136154,,4.816666666666666,4.25,not_a_fox_2,,,,,,,,,,,,,,,
Running,2018-10-02 17:10:00,,Baltimore Running,0.38,23.0,01:47.3,150,168,,194,204,4:46,4:24,8.0,12.0,1.74,,,,00:00.0,1,,,,,0.029805555555555554,12.749301025163096,,4.766666666666667,4.4,not_a_fox_2,,,,,,,,,,,,,,,
Running,2018-10-02 17:06:00,,Baltimore Running,0.38,21.0,01:49.4,140,160,,192,202,4:51,4:33,11.0,15.0,1.73,,,,00:00.0,1,,,,,0.03038888888888889,12.504570383912249,,4.85,4.55,not_a_fox_2,,,,,,,,,,,,,,,
Running,2018-10-02 17:03:00,,Baltimore Running,0.38,22.0,01:51.4,144,179,,194,198,4:50,4:22,13.0,17.0,1.72,,,,00:00.0,1,,,,,0.030944444444444445,12.280071813285458,,4.833333333333333,4.366666666666666,not_a_fox_2,,,,,,,,,,,,,,,
Running,2018-10-02 17:00:00,,Baltimore Running,0.38,17.0,01:47.4,128,145,,196,210,4:40,4:25,11.0,16.0,1.76,,,,00:00.0,1,,,,,0.029833333333333333,12.737430167597765,,4.666666666666667,4.416666666666667,not_a_fox_2,,,,,,,,,,,,,,,
Running,2018-10-02 16:31:00,,Baltimore Running,2.52,181.0,0:17:25,134,165,,176,192,6:55,4:53,272.0,292.0,1.32,,,,00:00.0,3,,,,,0.29027777777777775,8.68133971291866,,6.916666666666667,4.883333333333333,not_a_fox_2,,,,,,,,,,,,,,,
Running,2018-10-01 16:38:00,,Baltimore Running,10.0,673.0,1:13:50,137,154,,174,182,7:23,6:13,788.0,789.0,1.25,,,,00:00.0,11,,,,,1.2305555555555556,8.126410835214447,,7.383333333333334,6.216666666666667,not_a_fox_2,,,,,,,,,,,,,,,
Running,2018-09-30 10:28:00,,Running,17.3,,1:57:00,,,,,,6:46,,,,0.0,,,,00:00.0,1,,,,,1.95,8.871794871794872,,6.766666666666667,,not_a_fox_2,,,,,,,,,,,,,,,
Running,2018-09-29 10:30:00,,Running,5.0,,0:26:18,,,,,,5:16,,,,0.0,,,,00:00.0,1,,,,,0.43833333333333335,11.406844106463877,,5.266666666666667,,not_a_fox_2,,,,,,,,,,,,,,,
Running,2018-09-29 10:15:00,,Bethlehem Running,1.61,135.0,0:15:27,124,155,,164,180,9:34,7:25,47.0,68.0,1.02,,,,00:00.0,2,,,,,0.2575,6.252427184466019,,9.566666666666666,7.416666666666667,not_a_fox_2,,,,,,,,,,,,,,,
Running,2018-09-29 08:45:00,,Bethlehem Running,2.05,160.0,0:14:00,140,161,,178,190,6:49,5:35,61.0,59.0,1.33,,,,00:00.0,3,,,,,0.23333333333333334,8.785714285714285,,6.816666666666666,5.583333333333333,not_a_fox_2,,,,,,,,,,,,,,,
Running,2018-09-28 11:06:00,,Baltimore Running,5.63,435.0,0:40:35,141,158,,174,180,7:13,4:42,417.0,414.0,1.29,,,,00:00.0,6,,,,,0.6763888888888888,8.323613963039016,,7.216666666666667,4.7,not_a_fox_2,,,,,,,,,,,,,,,
Running,2018-09-27 16:41:00,,Baltimore Running,11.02,561.0,1:16:20,126,145,,176,204,6:55,3:52,,,1.32,,,,00:00.0,12,,,,,1.2722222222222221,8.662008733624454,,6.916666666666667,3.8666666666666667,not_a_fox_2,,,,,,,,,,,,,,,
Running,2018-09-26 17:23:00,,Baltimore Running,2.12,163.0,0:14:48,137,161,,176,186,6:59,5:48,139.0,133.0,1.31,,,,00:00.0,3,,,,,0.24666666666666667,8.594594594594595,,6.983333333333333,5.8,not_a_fox_2,,,,,,,,,,,,,,,
Running,2018-09-26 09:52:00,,Baltimore Running,5.13,371.0,0:39:15,132,151,,172,180,7:39,5:31,548.0,539.0,1.22,,,,00:00.0,6,,,,,0.6541666666666667,7.84203821656051,,7.65,5.516666666666667,not_a_fox_2,,,,,,,,,,,,,,,
Running,2018-09-25 17:40:00,,Baltimore Running,1.95,192.0,0:16:02,144,156,,170,190,8:14,6:48,241.0,227.0,1.15,,,,00:00.0,2,,,,,0.2672222222222222,7.297297297297298,,8.233333333333333,6.8,not_a_fox_2,,,,,,,,,,,,,,,
Running,2018-09-25 17:27:00,,Baltimore Running,0.95,84.0,05:18.3,181,195,,180,200,5:34,4:45,40.0,39.0,1.61,,,,00:00.0,1,,,,,0.08841666666666666,10.744580584354383,,5.566666666666666,4.75,not_a_fox_2,,,,,,,,,,,,,,,
Running,2018-09-25 17:21:00,,Baltimore Running,0.95,84.0,05:20.9,180,190,,182,198,5:36,4:52,49.0,47.0,1.58,,,,00:00.0,1,,,,,0.08913888888888888,10.657525708943597,,5.6,4.866666666666667,not_a_fox_2,,,,,,,,,,,,,,,
Running,2018-09-25 17:15:00,,Baltimore Running,0.96,85.0,05:16.2,182,201,,182,202,5:30,4:41,40.0,39.0,1.61,,,,00:00.0,1,,,,,0.08783333333333333,10.929791271347248,,5.5,4.683333333333334,not_a_fox_2,,,,,,,,,,,,,,,
Running,2018-09-25 17:08:00,,Baltimore Running,0.95,81.0,05:09.0,180,187,,186,202,5:25,4:31,40.0,39.0,1.6,,,,00:00.0,1,,,,,0.08583333333333333,11.067961165048544,,5.416666666666667,4.516666666666667,not_a_fox_2,,,,,,,,,,,,,,,
Running,2018-09-25 17:02:00,,Baltimore Running,0.96,72.0,05:04.4,166,183,,188,208,5:16,3:58,42.0,41.0,1.63,,,,00:00.0,1,,,,,0.08455555555555555,11.353482260183968,,5.266666666666667,3.966666666666667,not_a_fox_2,,,,,,,,,,,,,,,
Running,2018-09-25 16:30:00,,Baltimore Running,2.48,184.0,0:16:32,138,160,,178,190,6:40,5:14,276.0,298.0,1.35,,,,00:00.0,3,,,,,0.27555555555555555,9.0,,6.666666666666667,5.233333333333333,not_a_fox_2,,,,,,,,,,,,,,,
Running,2018-09-24 16:40:00,,Baltimore Running,10.05,725.0,1:03:48,149,183,,180,192,6:21,4:06,651.0,662.0,1.42,,,,00:00.0,11,,,,,1.0633333333333335,9.451410658307209,,6.35,4.1,not_a_fox_2,,,,,,,,,,,,,,,
Running,2018-09-23 09:12:00,,Baltimore Running,17.25,818.0,1:53:00,131,158,,178,194,6:33,4:46,,,1.38,,,,00:00.0,18,,,,,1.8833333333333333,9.15929203539823,,6.55,4.766666666666667,not_a_fox_2,,,,,,,,,,,,,,,
Running,2018-09-22 10:31:00,,Running,7.0,,0:47:00,,,,,,6:43,,,,0.0,,,,00:00.0,1,,,,,0.7833333333333333,8.936170212765958,,6.716666666666667,,not_a_fox_2,,,,,,,,,,,,,,,
Running,2018-09-22 09:42:00,,West Pennsboro Running,2.37,221.0,0:17:03,152,181,,174,190,7:11,5:13,138.0,148.0,1.29,,,,00:00.0,3,,,,,0.2841666666666667,8.340175953079179,,7.183333333333334,5.216666666666667,not_a_fox_2,,,,,,,,,,,,,,,
Running,2018-09-21 16:28:00,,Baltimore Running,6.07,434.0,0:45:28,136,154,,172,210,7:29,6:10,315.0,307.0,1.24,,,,00:00.0,7,,,,,0.7577777777777778,8.010263929618768,,7.483333333333333,6.166666666666667,not_a_fox_2,,,,,,,,,,,,,,,
Running,2018-09-20 16:37:00,,Baltimore Running,8.99,570.0,1:06:41,133,163,,172,210,7:25,4:12,563.0,559.0,1.25,,,,00:00.0,9,,,,,1.111388888888889,8.088977755561109,,7.416666666666667,4.2,not_a_fox_2,,,,,,,,,,,,,,,
Running,2018-09-19 15:21:00,,Baltimore Running,6.83,466.0,0:49:56,136,153,,176,184,7:19,5:22,434.0,447.0,1.25,,,,00:00.0,7,,,,,0.8322222222222222,8.20694259012016,,7.316666666666666,5.366666666666666,not_a_fox_2,,,,,,,,,,,,,,,
Running,2018-09-18 17:54:00,,Baltimore Running,1.16,114.0,0:10:23,137,149,,170,176,8:59,7:33,74.0,37.0,1.05,,,,00:00.0,2,,,,,0.17305555555555555,6.703049759229534,,8.983333333333333,7.55,not_a_fox_2,,,,,,,,,,,,,,,
Running,2018-09-18 17:44:00,,Baltimore Running,0.5,50.0,03:24.8,168,187,,174,202,6:46,4:03,8.0,14.0,1.37,,,,00:00.0,1,,,,,0.05688888888888889,8.7890625,,6.766666666666667,4.05,not_a_fox_2,,,,,,,,,,,,,,,
Running,2018-09-18 17:36:00,,Baltimore Running,1.02,81.0,05:20.2,178,189,,182,192,5:13,4:55,32.0,36.0,1.69,,,,00:00.0,2,,,,,0.08894444444444444,11.467832604622112,,5.216666666666667,4.916666666666667,not_a_fox_2,,,,,,,,,,,,,,,
Running,2018-09-18 17:26:00,,Baltimore Running,1.52,129.0,08:10.1,180,189,,182,186,5:22,4:52,41.0,48.0,1.65,,,,00:00.0,2,,,,,0.1361388888888889,11.165068353397265,,5.366666666666666,4.866666666666667,not_a_fox_2,,,,,,,,,,,,,,,
Running,2018-09-18 17:17:00,,Baltimore Running,1.54,120.0,07:49.2,179,188,,186,192,5:05,4:54,42.0,49.0,1.71,,,,00:00.0,2,,,,,0.13033333333333333,11.815856777493607,,5.083333333333333,4.9,not_a_fox_2,,,,,,,,,,,,,,,
Running,2018-09-18 17:06:00,,Baltimore Running,1.8,137.0,09:34.3,165,182,,184,212,5:20,4:00,54.0,61.0,1.64,,,,00:00.0,2,,,,,0.15952777777777777,11.283301410412678,,5.333333333333333,4.0,not_a_fox_2,,,,,,,,,,,,,,,
Running,2018-09-18 16:41:00,,Baltimore Running,2.07,135.0,0:13:43,131,161,,178,190,6:37,4:48,78.0,113.0,1.37,,,,00:00.0,3,,,,,0.22861111111111113,9.0546780072904,,6.616666666666667,4.8,not_a_fox_2,,,,,,,,,,,,,,,
Running,2018-09-17 16:31:00,,Baltimore Running,10.05,758.0,1:02:55,151,172,,178,192,6:16,4:53,823.0,813.0,1.44,,,,00:00.0,11,,,,,1.0486111111111112,9.584105960264901,,6.266666666666667,4.883333333333333,not_a_fox_2,,,,,,,,,,,,,,,
Running,2018-09-16 11:43:00,,Philadelphia Running,17.0,,1:53:37,151,179,,176,186,6:41,4:59,,,1.37,,,,00:00.0,18,,,,,1.8936111111111111,8.977556109725686,,6.683333333333334,4.983333333333333,not_a_fox_2,,,,,,,,,,,,,,,
Running,2018-09-15 17:01:00,,Philadelphia Running,10.09,626.0,1:12:58,133,154,,172,180,7:14,4:54,335.0,334.0,1.29,,,,00:00.0,11,,,,,1.2161111111111111,8.296939241662859,,7.233333333333333,4.9,not_a_fox_2,,,,,,,,,,,,,,,
Running,2018-09-14 08:21:00,,Baltimore Running,1.75,140.0,0:15:08,129,146,,172,182,8:38,6:11,143.0,53.0,1.09,,,,00:00.0,2,,,,,0.25222222222222224,6.938325991189427,,8.633333333333333,6.183333333333334,not_a_fox_2,,,,,,,,,,,,,,,
Running,2018-09-14 07:40:00,,Baltimore Running,5.42,398.0,0:29:36,165,190,,184,192,5:28,4:48,48.0,52.0,1.61,,,,00:00.0,6,,,,,0.49333333333333335,10.986486486486486,,5.466666666666667,4.8,not_a_fox_2,,,,,,,,,,,,,,,
Running,2018-09-14 07:05:00,,Baltimore Running,2.39,156.0,0:17:04,129,160,,174,188,7:08,4:49,57.0,146.0,1.3,,,,00:00.0,3,,,,,0.28444444444444444,8.40234375,,7.133333333333334,4.816666666666666,not_a_fox_2,,,,,,,,,,,,,,,
Running,2018-09-13 16:40:00,,Baltimore Running,9.26,564.0,1:08:22,133,155,,174,182,7:23,5:57,549.0,542.0,1.26,,,,00:00.0,10,,,,,1.1394444444444445,8.126767430521696,,7.383333333333334,5.95,not_a_fox_2,,,,,,,,,,,,,,,
Running,2018-09-12 09:18:00,,Baltimore Running,10.01,749.0,1:07:53,148,172,,176,188,6:47,5:26,859.0,851.0,1.35,,,,00:00.0,11,,,,,1.131388888888889,8.847532531303706,,6.783333333333333,5.433333333333334,not_a_fox_2,,,,,,,,,,,,,,,
Running,2018-09-10 16:39:00,,Baltimore Running,11.0,721.0,1:08:35,146,169,,178,198,6:14,4:20,453.0,447.0,1.45,,,,00:00.0,12,,,,,1.1430555555555555,9.623329283110571,,6.233333333333333,4.333333333333333,not_a_fox_2,,,,,,,,,,,,,,,
Running,2018-09-09 10:17:00,,Baltimore Running,17.71,,1:56:07,150,177,,178,192,6:33,4:10,,,1.39,,,,00:00.0,18,,,,,1.9352777777777779,9.151141093727572,,6.55,4.166666666666667,not_a_fox_2,,,,,,,,,,,,,,,
Running,2018-09-08 10:08:00,,Running,10.0,,1:06:00,,,,,,6:36,,,,0.0,,,,00:00.0,1,,,,,1.1,9.09090909090909,,6.6,,not_a_fox_2,,,,,,,,,,,,,,,
Running,2018-09-07 21:24:00,,Running,7.0,,0:50:00,,,,,,7:09,,,,0.0,,,,00:00.0,1,,,,,0.8333333333333334,8.4,,7.15,,not_a_fox_2,,,,,,,,,,,,,,,
Running,2018-09-06 16:46:00,,Baltimore Running,10.04,946.0,1:12:10,150,180,,176,216,7:11,4:23,810.0,808.0,1.27,,,,00:00.0,11,,,,,1.2027777777777777,8.347344110854504,,7.183333333333334,4.383333333333334,not_a_fox_2,,,,,,,,,,,,,,,
Running,2018-09-05 17:29:00,,Baltimore Running,11.19,964.0,1:19:03,145,178,,176,186,7:04,5:50,591.0,582.0,1.3,,,,00:00.0,12,,,,,1.3175,8.493358633776092,,7.066666666666666,5.833333333333333,not_a_fox_2,,,,,,,,,,,,,,,
Running,2018-09-04 17:36:00,,Baltimore Running,3.27,290.0,0:23:53,139,158,,174,182,7:18,5:56,336.0,343.0,1.26,,,,00:00.0,4,,,,,0.3980555555555556,8.214933705512909,,7.3,5.933333333333334,not_a_fox_2,,,,,,,,,,,,,,,
Running,2018-09-04 08:18:00,,Baltimore Running,0.56,63.0,05:30.8,131,166,,166,180,9:48,6:58,64.0,120.0,0.99,,,,00:00.0,1,,,,,0.09188888888888888,6.094316807738816,,9.8,6.966666666666667,not_a_fox_2,,,,,,,,,,,,,,,
Running,2018-09-04 08:06:00,,Baltimore Running,0.48,43.0,02:43.1,173,189,,184,196,5:42,4:47,29.0,26.0,1.54,,,,00:00.0,1,,,,,0.04530555555555556,10.594727161250766,,5.7,4.783333333333333,not_a_fox_2,,,,,,,,,,,,,,,
Running,2018-09-04 08:01:00,,Baltimore Running,0.47,43.0,02:44.0,170,184,,184,192,5:46,4:48,14.0,14.0,1.52,,,,00:00.0,1,,,,,0.04555555555555556,10.317073170731707,,5.766666666666667,4.8,not_a_fox_2,,,,,,,,,,,,,,,
Running,2018-09-04 07:35:00,,Baltimore Running,3.26,304.0,0:18:38,175,192,,184,208,5:43,4:12,438.0,436.0,1.53,,,,00:00.0,4,,,,,0.31055555555555553,10.49731663685152,,5.716666666666667,4.2,not_a_fox_2,,,,,,,,,,,,,,,
Running,2018-09-04 07:04:00,,Baltimore Running,2.41,183.0,0:17:11,130,184,,178,192,7:07,4:54,219.0,268.0,1.27,,,,00:00.0,3,,,,,0.28638888888888886,8.415130940834143,,7.116666666666666,4.9,not_a_fox_2,,,,,,,,,,,,,,,
Running,2018-09-03 18:35:00,,Baltimore Running,2.99,282.0,0:24:57,131,172,,172,178,8:20,6:26,191.0,190.0,1.12,,,,00:00.0,3,,,,,0.41583333333333333,7.190380761523047,,8.333333333333334,6.433333333333334,not_a_fox_2,,,,,,,,,,,,,,,
Running,2018-09-03 17:10:00,,Baltimore Running,7.01,557.0,0:48:42,145,187,,178,192,6:57,5:21,392.0,385.0,1.31,,,,00:00.0,8,,,,,0.8116666666666668,8.636550308008212,,6.95,5.35,not_a_fox_2,,,,,,,,,,,,,,,
Running,2018-09-02 10:13:00,,Baltimore Running,17.06,,1:56:08,157,184,,176,192,6:48,4:43,,,1.34,,,,00:00.0,18,,,,,1.9355555555555555,8.814006888633754,,6.8,4.716666666666667,not_a_fox_2,,,,,,,,,,,,,,,
Running,2018-09-01 12:03:00,,Baltimore Running,0.97,87.0,08:01.6,126,144,,170,178,8:19,5:51,19.0,19.0,1.14,,,,00:00.0,1,,,,,0.13377777777777777,7.250830564784053,,8.316666666666666,5.85,not_a_fox_2,,,,,,,,,,,,,,,
Running,2018-09-01 10:39:00,,Baltimore Running,9.31,715.0,1:09:22,133,164,,172,194,7:27,5:07,833.0,830.0,1.25,,,,00:00.0,10,,,,,1.156111111111111,8.052859202306584,,7.45,5.116666666666666,not_a_fox_2,,,,,,,,,,,,,,,
Running,2018-08-30 16:46:00,,Baltimore Running,10.11,797.0,1:16:20,134,151,,174,186,7:33,5:40,530.0,520.0,1.22,,,,00:00.0,11,,,,,1.2722222222222221,7.946724890829694,,7.55,5.666666666666667,not_a_fox_2,,,,,,,,,,,,,,,
Running,2018-08-30 09:56:00,,Baltimore Running,4.03,362.0,0:30:37,136,176,,174,180,7:36,5:43,495.0,486.0,1.22,,,,00:00.0,5,,,,,0.5102777777777778,7.897659227000544,,7.6,5.716666666666667,not_a_fox_2,,,,,,,,,,,,,,,
Running,2018-08-29 09:39:00,,Baltimore County Running,10.17,868.0,1:05:12,153,186,,178,194,6:25,4:37,781.0,794.0,1.41,,,,00:00.0,11,,,,,1.0866666666666667,9.358895705521473,,6.416666666666667,4.616666666666667,not_a_fox_2,,,,,,,,,,,,,,,
Running,2018-08-28 16:02:00,,Baltimore Running,4.01,358.0,0:31:53,132,151,,174,182,7:58,6:46,470.0,466.0,1.17,,,,00:00.0,5,,,,,0.5313888888888889,7.546262415054887,,7.966666666666667,6.766666666666667,not_a_fox_2,,,,,,,,,,,,,,,
Running,2018-08-28 08:17:00,,Baltimore Running,2.69,284.0,0:24:40,133,147,,168,194,9:10,4:05,161.0,113.0,1.04,,,,00:00.0,3,,,,,0.41111111111111115,6.543243243243243,,9.166666666666666,4.083333333333333,not_a_fox_2,,,,,,,,,,,,,,,
Running,2018-08-28 08:00:00,,Baltimore Running,2.07,166.0,09:39.3,179,193,,194,212,4:39,4:17,57.0,64.0,1.79,,,,00:00.0,3,,,,,0.16091666666666665,12.863801139306059,,4.65,4.283333333333333,not_a_fox_2,,,,,,,,,,,,,,,
Running,2018-08-28 07:22:00,,Baltimore Running,1.99,162.0,0:14:05,132,163,,180,192,7:05,4:54,88.0,128.0,1.26,,,,00:00.0,2,,,,,0.23472222222222222,8.47810650887574,,7.083333333333333,4.9,not_a_fox_2,,,,,,,,,,,,,,,
Running,2018-08-27 17:02:00,,Baltimore Running,10.03,944.0,1:10:40,148,169,,176,186,7:03,5:10,537.0,530.0,1.3,,,,00:00.0,11,,,,,1.1777777777777778,8.516037735849055,,7.05,5.166666666666667,not_a_fox_2,,,,,,,,,,,,,,,
Running,2018-08-26 09:26:00,,Howard County Running,17.09,,1:54:54,149,182,,176,194,6:43,4:56,685.0,690.0,1.36,,,,00:00.0,18,,,,,1.9149999999999998,8.924281984334204,,6.716666666666667,4.933333333333334,not_a_fox_2,,,,,,,,,,,,,,,
Running,2018-08-25 16:22:00,,Baltimore Running,2.61,217.0,0:19:56,129,143,,174,182,7:38,6:53,151.0,165.0,1.21,,,,00:00.0,3,,,,,0.3322222222222222,7.8561872909699,,7.633333333333333,6.883333333333333,not_a_fox_2,,,,,,,,,,,,,,,
Running,2018-08-25 16:07:00,,Baltimore Running,0.43,43.0,03:37.8,132,154,,174,180,8:22,4:12,3.0,43.0,1.11,,,,00:00.0,1,,,,,0.0605,7.107438016528926,,8.366666666666667,4.2,not_a_fox_2,,,,,,,,,,,,,,,
Running,2018-08-25 10:46:00,,Baltimore Running,10.97,883.0,1:17:47,139,170,,176,204,7:06,4:04,819.0,834.0,1.29,,,,00:00.0,11,,,,,1.2963888888888888,8.461967002356975,,7.1,4.066666666666666,not_a_fox_2,,,,,,,,,,,,,,,
Running,2018-08-24 10:38:00,,Running,2.4,,0:17:00,,,,,,7:05,,,,0.0,,,,00:00.0,1,,,,,0.2833333333333333,8.470588235294118,,7.083333333333333,,not_a_fox_2,,,,,,,,,,,,,,,
Running,2018-08-24 09:58:00,,Baltimore Running,1.85,197.0,0:15:41,138,148,,172,180,8:28,7:32,155.0,62.0,1.1,,,,00:00.0,2,,,,,0.2613888888888889,7.077577045696068,,8.466666666666667,7.533333333333333,not_a_fox_2,,,,,,,,,,,,,,,
Running,2018-08-24 09:18:00,,Baltimore Running,5.46,471.0,0:28:36,174,186,,184,196,5:15,4:45,65.0,68.0,1.67,,,,00:00.0,6,,,,,0.4766666666666667,11.454545454545453,,5.25,4.75,not_a_fox_2,,,,,,,,,,,,,,,
Running,2018-08-23 11:04:00,,Wicomico County Running,10.01,771.0,1:07:50,137,178,,176,192,6:47,5:47,32.0,34.0,1.35,,,,00:00.0,11,,,,,1.1305555555555555,8.854054054054053,,6.783333333333333,5.783333333333333,not_a_fox_2,,,,,,,,,,,,,,,
Running,2018-08-22 16:32:00,,Baltimore Running,11.0,865.0,1:16:52,139,174,,176,202,6:59,3:57,927.0,922.0,1.31,,,,00:00.0,12,,,,,1.281111111111111,8.586296617519514,,6.983333333333333,3.95,not_a_fox_2,,,,,,,,,,,,,,,
Running,2018-08-21 16:42:00,,Baltimore Running,3.98,329.0,0:27:47,137,156,,178,190,6:59,6:07,202.0,195.0,1.3,,,,00:00.0,4,,,,,0.46305555555555555,8.59508098380324,,6.983333333333333,6.116666666666666,not_a_fox_2,,,,,,,,,,,,,,,
Running,2018-08-21 11:06:00,,Baltimore Running,1.88,190.0,0:17:12,130,157,,168,176,9:09,7:20,202.0,208.0,1.04,,,,00:00.0,2,,,,,0.2866666666666667,6.55813953488372,,9.15,7.333333333333333,not_a_fox_2,,,,,,,,,,,,,,,
Running,2018-08-21 10:36:00,,Baltimore Running,2.3,217.0,0:13:13,176,186,,182,194,5:44,4:31,172.0,172.0,1.54,,,,00:00.0,3,,,,,0.2202777777777778,10.44136191677175,,5.733333333333333,4.516666666666667,not_a_fox_2,,,,,,,,,,,,,,,
Running,2018-08-21 10:20:00,,Baltimore Running,2.31,204.0,0:12:50,172,187,,184,198,5:34,4:47,172.0,172.0,1.58,,,,00:00.0,3,,,,,0.2138888888888889,10.799999999999999,,5.566666666666666,4.783333333333333,not_a_fox_2,,,,,,,,,,,,,,,
Running,2018-08-21 09:49:00,,Baltimore Running,2.8,233.0,0:19:31,137,168,,178,194,6:59,1:02,262.0,266.0,1.29,,,,00:00.0,3,,,,,0.3252777777777778,8.608027327070879,,6.983333333333333,1.0333333333333334,not_a_fox_2,,,,,,,,,,,,,,,
Running,2018-08-20 09:50:00,,Baltimore Running,10.99,888.0,1:08:39,154,173,,180,194,6:15,4:39,541.0,542.0,1.42,,,,00:00.0,11,,,,,1.1441666666666666,9.605243991260016,,6.25,4.65,not_a_fox_2,,,,,,,,,,,,,,,
Running,2018-08-19 09:18:00,,Baltimore Running,16.66,,1:58:59,145,167,,176,190,7:08,5:52,,991.0,1.28,,,,00:00.0,17,,,,,1.9830555555555556,8.401176635383107,,7.133333333333334,5.866666666666667,not_a_fox_2,,,,,,,,,,,,,,,
Running,2018-08-18 16:18:00,,Baltimore Running,5.05,442.0,0:35:32,144,164,,176,184,7:02,5:41,259.0,249.0,1.3,,,,00:00.0,6,,,,,0.5922222222222222,8.527204502814259,,7.033333333333333,5.683333333333334,not_a_fox_2,,,,,,,,,,,,,,,
Running,2018-08-18 10:37:00,,Baltimore Running,1.32,158.0,0:12:04,146,158,,168,174,9:09,5:31,196.0,161.0,1.05,,,,00:00.0,2,,,,,0.20111111111111113,6.56353591160221,,9.15,5.516666666666667,not_a_fox_2,,,,,,,,,,,,,,,
Running,2018-08-18 09:53:00,,Baltimore Running,5.95,585.0,0:35:01,177,192,,180,196,5:53,4:57,297.0,257.0,1.52,,,,00:00.0,6,,,,,0.5836111111111112,10.195145168967157,,5.883333333333333,4.95,not_a_fox_2,,,,,,,,,,,,,,,
Running,2018-08-18 09:31:00,,Baltimore Running,2.07,180.0,0:14:51,137,170,,178,198,7:11,5:20,214.0,250.0,1.26,,,,00:00.0,3,,,,,0.2475,8.363636363636363,,7.183333333333334,5.333333333333333,not_a_fox_2,,,,,,,,,,,,,,,
Running,2018-08-17 11:29:00,,Baltimore Running,2.2,228.0,0:16:55,148,161,,172,182,7:40,6:34,172.0,179.0,1.21,,,,00:00.0,3,,,,,0.28194444444444444,7.802955665024632,,7.666666666666667,6.566666666666666,not_a_fox_2,,,,,,,,,,,,,,,
Running,2018-08-17 10:21:00,,Baltimore Running,7.71,739.0,0:55:44,148,167,,176,190,7:14,5:59,592.0,586.0,1.26,,,,00:00.0,8,,,,,0.9288888888888889,8.30023923444976,,7.233333333333333,5.983333333333333,not_a_fox_2,,,,,,,,,,,,,,,
Running,2018-08-16 17:00:00,,Baltimore Running,10.01,927.0,1:08:57,150,168,,176,190,6:54,5:35,869.0,858.0,1.32,,,,00:00.0,11,,,,,1.1491666666666667,8.710659898477157,,6.9,5.583333333333333,not_a_fox_2,,,,,,,,,,,,,,,
Running,2018-08-15 16:50:00,,Baltimore Running,11.2,,1:18:37,149,173,,176,190,7:01,5:54,984.0,974.0,1.3,,,,00:00.0,12,,,,,1.3102777777777779,8.547805808776763,,7.016666666666667,5.9,not_a_fox_2,,,,,,,,,,,,,,,
Running,2018-08-14 18:11:00,,Baltimore Running,11.06,961.0,1:08:37,158,180,,180,196,6:12,4:57,580.0,574.0,1.45,,,,00:00.0,12,,,,,1.1436111111111111,9.671119747388875,,6.2,4.95,not_a_fox_2,,,,,,,,,,,,,,,
Running,2018-08-13 16:17:00,,Cherry Hill Running,17.0,,2:00:00,154,194,,174,186,7:04,4:58,470.0,476.0,1.31,,,,00:00.0,17,,,,,2.0,8.5,,7.066666666666666,4.966666666666667,not_a_fox_2,,,,,,,,,,,,,,,
Running,2018-08-12 16:32:00,,Cherry Hill Running,3.0,286.0,0:22:00,140,157,,174,182,7:20,6:30,104.0,104.0,1.26,,,,00:00.0,3,,,,,0.36666666666666664,8.181818181818182,,7.333333333333333,6.5,not_a_fox_2,,,,,,,,,,,,,,,
Running,2018-08-12 08:06:00,,Cherry Hill Running,9.5,802.0,1:05:49,141,163,,176,186,6:56,5:24,340.0,340.0,1.32,,,,00:00.0,10,,,,,1.0969444444444443,8.660420359584707,,6.933333333333334,5.4,not_a_fox_2,,,,,,,,,,,,,,,
Running,2018-08-11 12:40:00,,Cherry Hill Running,11.0,905.0,1:18:34,138,174,,174,182,7:08,6:10,317.0,320.0,1.29,,,,00:00.0,12,,,,,1.3094444444444444,8.400509121764955,,7.133333333333334,6.166666666666667,not_a_fox_2,,,,,,,,,,,,,,,
Running,2018-08-10 19:02:00,,Cherry Hill Running,8.4,679.0,1:01:33,134,154,,174,180,7:20,5:53,261.0,264.0,1.27,,,,00:00.0,9,,,,,1.0258333333333334,8.188464662875711,,7.333333333333333,5.883333333333333,not_a_fox_2,,,,,,,,,,,,,,,
Running,2018-08-10 11:36:00,,Cherry Hill Running,5.16,493.0,0:38:39,141,165,,174,182,7:30,6:39,203.0,207.0,1.23,,,,00:00.0,6,,,,,0.6441666666666667,8.010349288486417,,7.5,6.65,not_a_fox_2,,,,,,,,,,,,,,,
Running,2018-08-09 19:21:00,,Cherry Hill Running,11.01,943.0,1:19:03,141,169,,174,182,7:11,6:01,494.0,490.0,1.29,,,,00:00.0,12,,,,,1.3175,8.356736242884251,,7.183333333333334,6.016666666666667,not_a_fox_2,,,,,,,,,,,,,,,
Running,2018-08-08 08:42:00,,Exeter Running,3.56,343.0,0:36:49,123,154,,164,180,10:21,6:40,376.0,373.0,0.95,,,,00:00.0,4,,,,,0.6136111111111111,5.801720235400634,,10.35,6.666666666666667,not_a_fox_2,,,,,,,,,,,,,,,
Running,2018-08-07 17:40:00,,Rye Running,11.07,978.0,1:21:07,142,173,,174,182,7:19,6:10,128.0,128.0,1.27,,,,00:00.0,12,,,,,1.3519444444444446,8.188206287240599,,7.316666666666666,6.166666666666667,not_a_fox_2,,,,,,,,,,,,,,,
Running,2018-08-06 18:50:00,,New Castle Running,12.08,,1:26:07,140,160,,174,182,7:08,5:25,394.0,392.0,1.3,,,,00:00.0,13,,,,,1.4352777777777779,8.4164892587575,,7.133333333333334,5.416666666666667,not_a_fox_2,,,,,,,,,,,,,,,
Running,2018-08-05 19:39:00,,Cherry Hill Running,10.01,890.0,1:07:34,149,171,,174,180,6:45,5:34,314.0,311.0,1.37,,,,00:00.0,11,,,,,1.126111111111111,8.888998519980266,,6.75,5.566666666666666,not_a_fox_2,,,,,,,,,,,,,,,
Running,2018-08-04 08:49:00,,Boulder County Running,8.01,771.0,0:56:47,152,176,,174,182,7:05,5:09,964.0,955.0,1.31,,,,00:00.0,9,,,,,0.946388888888889,8.46375110067508,,7.083333333333333,5.15,not_a_fox_2,,,,,,,,,,,,,,,
Running,2018-08-03 17:06:00,,Denver Running,10.03,903.0,1:08:06,149,166,,174,182,6:48,4:10,194.0,191.0,1.35,,,,00:00.0,11,,,,,1.135,8.837004405286343,,6.8,4.166666666666667,not_a_fox_2,,,,,,,,,,,,,,,
Running,2018-08-02 16:13:00,,Denver Running,8.0,733.0,0:53:19,153,192,,178,196,6:40,1:29,105.0,105.0,1.35,,,,00:00.0,8,,,,,0.8886111111111111,9.002813379180994,,6.666666666666667,1.4833333333333334,not_a_fox_2,,,,,,,,,,,,,,,
Running,2018-08-02 10:19:00,,Denver Running,4.0,347.0,0:28:36,136,155,,176,182,7:09,0:47,67.0,67.0,1.28,,,,00:00.0,5,,,,,0.4766666666666667,8.391608391608392,,7.15,0.7833333333333333,not_a_fox_2,,,,,,,,,,,,,,,
Running,2018-08-01 18:34:00,,Denver Running,2.92,246.0,0:20:38,135,148,,174,180,7:03,0:42,42.0,43.0,1.31,,,,00:00.0,3,,,,,0.34388888888888886,8.491114701130856,,7.05,0.7,not_a_fox_2,,,,,,,,,,,,,,,
Running,2018-08-01 10:11:00,,Denver Running,10.21,906.0,1:09:53,148,160,,174,182,6:51,1:27,167.0,167.0,1.35,,,,00:00.0,11,,,,,1.1647222222222222,8.766038635821609,,6.85,1.45,not_a_fox_2,,,,,,,,,,,,,,,
Running,2018-07-31 10:39:00,,Jefferson County Running,10.29,956.0,1:18:17,146,171,,172,182,7:36,5:43,,,1.22,,,,00:00.0,11,,,,,1.3047222222222223,7.886736214605066,,7.6,5.716666666666667,not_a_fox_2,,,,,,,,,,,,,,,
Running,2018-07-30 19:38:00,,Denver Running,9.3,788.0,1:04:58,142,160,,174,180,6:59,2:44,237.0,237.0,1.33,,,,00:00.0,10,,,,,1.0827777777777778,8.589020010261672,,6.983333333333333,2.7333333333333334,not_a_fox_2,,,,,,,,,,,,,,,
Running,2018-07-29 16:05:00,,Baltimore Running,3.9,335.0,0:28:46,135,154,,176,184,7:23,5:44,303.0,83.0,1.25,,,,00:00.0,4,,,,,0.47944444444444445,8.13441483198146,,7.383333333333334,5.733333333333333,not_a_fox_2,,,,,,,,,,,,,,,
Running,2018-07-28 15:27:00,,Baltimore Running,4.0,336.0,0:29:56,132,146,,176,188,7:29,6:18,244.0,241.0,1.22,,,,00:00.0,4,,,,,0.4988888888888889,8.017817371937639,,7.483333333333333,6.3,not_a_fox_2,,,,,,,,,,,,,,,
Running,2018-07-28 09:06:00,,Baltimore Running,9.45,872.0,1:11:42,142,166,,174,184,7:35,5:05,864.0,872.0,1.22,,,,00:00.0,10,,,,,1.195,7.907949790794978,,7.583333333333333,5.083333333333333,not_a_fox_2,,,,,,,,,,,,,,,
Running,2018-07-27 19:06:00,,Baltimore Running,9.27,717.0,1:07:08,135,154,,174,184,7:15,5:43,727.0,733.0,1.28,,,,00:00.0,10,,,,,1.1188888888888888,8.285004965243298,,7.25,5.716666666666667,not_a_fox_2,,,,,,,,,,,,,,,
Running,2018-07-26 18:41:00,,Baltimore Running,12.0,,1:24:42,144,166,,176,184,7:04,5:57,622.0,619.0,1.3,,,,00:00.0,12,,,,,1.4116666666666666,8.500590318772137,,7.066666666666666,5.95,not_a_fox_2,,,,,,,,,,,,,,,
Running,2018-07-25 19:42:00,,Baltimore Running,2.73,255.0,0:20:51,140,159,,174,182,7:38,6:02,284.0,198.0,1.22,,,,00:00.0,3,,,,,0.3475,7.85611510791367,,7.633333333333333,6.033333333333333,not_a_fox_2,,,,,,,,,,,,,,,
Running,2018-07-25 19:09:00,,Baltimore Running,5.0,472.0,0:28:56,172,187,,180,192,5:47,4:46,447.0,479.0,1.53,,,,00:00.0,5,,,,,0.4822222222222222,10.368663594470046,,5.783333333333333,4.766666666666667,not_a_fox_2,,,,,,,,,,,,,,,
Running,2018-07-25 18:50:00,,Baltimore Running,2.22,191.0,0:15:41,135,153,,176,186,7:04,6:14,220.0,240.0,1.28,,,,00:00.0,3,,,,,0.2613888888888889,8.493092454835283,,7.066666666666666,6.233333333333333,not_a_fox_2,,,,,,,,,,,,,,,
Running,2018-07-24 18:23:00,,Baltimore Running,10.07,861.0,1:12:16,141,156,,174,184,7:10,3:58,657.0,652.0,1.28,,,,00:00.0,11,,,,,1.2044444444444444,8.36070110701107,,7.166666666666667,3.966666666666667,not_a_fox_2,,,,,,,,,,,,,,,
Running,2018-07-23 19:47:00,,Baltimore Running,1.72,167.0,0:12:58,138,148,,168,176,7:33,6:52,29.0,27.0,1.27,,,,00:00.0,2,,,,,0.21611111111111111,7.958868894601542,,7.55,6.866666666666667,not_a_fox_2,,,,,,,,,,,,,,,
Running,2018-07-23 18:29:00,,Baltimore Running,9.31,857.0,0:57:13,160,188,,178,188,6:09,5:03,426.0,426.0,1.48,,,,00:00.0,10,,,,,0.9536111111111111,9.76288960093213,,6.15,5.05,not_a_fox_2,,,,,,,,,,,,,,,
Running,2018-07-23 18:11:00,,Baltimore Running,0.28,22.0,02:12.7,117,134,,176,182,7:48,1:56,35.0,,1.17,,,,00:00.0,1,,,,,0.03686111111111111,7.596081386586286,,7.8,1.9333333333333333,not_a_fox_2,,,,,,,,,,,,,,,
Running,2018-07-22 09:24:00,,Ocean City Running,16.0,,1:55:37,143,174,,176,184,7:14,5:46,145.0,145.0,1.28,,,,00:00.0,16,,,,,1.9269444444444443,8.303301138820816,,7.233333333333333,5.766666666666667,not_a_fox_2,,,,,,,,,,,,,,,
Running,2018-07-21 18:27:00,,Ocean City Running,3.04,231.0,0:21:11,129,150,,176,184,6:58,4:38,12.0,12.0,1.31,,,,00:00.0,4,,,,,0.3530555555555555,8.610542879622345,,6.966666666666667,4.633333333333333,not_a_fox_2,,,,,,,,,,,,,,,
Running,2018-07-21 08:46:00,,Cherry Hill Running,10.0,837.0,1:11:26,140,156,,176,192,7:09,5:15,221.0,224.0,1.28,,,,00:00.0,10,,,,,1.1905555555555556,8.399440037330844,,7.15,5.25,not_a_fox_2,,,,,,,,,,,,,,,
Running,2018-07-20 17:59:00,,Baltimore Running,8.0,688.0,0:56:41,141,156,,174,182,7:05,3:39,433.0,437.0,1.31,,,,00:00.0,8,,,,,0.9447222222222222,8.468097618347544,,7.083333333333333,3.65,not_a_fox_2,,,,,,,,,,,,,,,
Running,2018-07-19 18:42:00,,Baltimore Running,10.01,814.0,1:15:24,136,160,,172,182,7:32,4:49,884.0,850.0,1.24,,,,00:00.0,11,,,,,1.2566666666666666,7.9655172413793105,,7.533333333333333,4.816666666666666,not_a_fox_2,,,,,,,,,,,,,,,
Running,2018-07-18 19:16:00,,Baltimore Running,4.49,439.0,0:34:28,144,156,,174,180,7:40,6:18,193.0,104.0,1.21,,,,00:00.0,5,,,,,0.5744444444444444,7.81624758220503,,7.666666666666667,6.3,not_a_fox_2,,,,,,,,,,,,,,,
Running,2018-07-18 19:04:00,,Baltimore Running,2.01,150.0,0:10:31,155,168,,182,194,5:14,4:49,16.0,14.0,1.69,,,,00:00.0,3,,,,,0.17527777777777775,11.467511885895405,,5.233333333333333,4.816666666666666,not_a_fox_2,,,,,,,,,,,,,,,
Running,2018-07-18 18:57:00,,Baltimore Running,1.01,63.0,05:15.2,134,143,,186,194,5:13,4:55,10.0,5.0,1.66,,,,00:00.0,2,,,,,0.08755555555555555,11.535532994923859,,5.216666666666667,4.916666666666667,not_a_fox_2,,,,,,,,,,,,,,,
Running,2018-07-18 18:27:00,,Baltimore Running,2.51,210.0,0:18:02,132,144,,174,192,7:11,2:53,110.0,157.0,1.29,,,,00:00.0,3,,,,,0.3005555555555555,8.351201478743068,,7.183333333333334,2.8833333333333333,not_a_fox_2,,,,,,,,,,,,,,,
Running,2018-07-17 16:47:00,,Baltimore Running,4.09,359.0,0:28:23,142,160,,172,180,6:57,5:41,246.0,257.0,1.34,,,,00:00.0,5,,,,,0.47305555555555556,8.645918966529653,,6.95,5.683333333333334,not_a_fox_2,,,,,,,,,,,,,,,
Running,2018-07-17 07:46:00,,Baltimore Running,10.0,923.0,1:16:12,141,172,,174,184,7:37,6:17,693.0,688.0,1.22,,,,00:00.0,10,,,,,1.27,7.874015748031496,,7.616666666666667,6.283333333333333,not_a_fox_2,,,,,,,,,,,,,,,
Running,2018-07-15 08:30:00,,Running,15.0,,1:48:00,,,,,,7:12,,,,0.0,,,,00:00.0,1,,,,,1.8,8.333333333333334,,7.2,,not_a_fox_2,,,,,,,,,,,,,,,
Running,2018-07-14 18:16:00,,Running,10.5,,1:17:00,,,,,,7:20,,,,0.0,,,,00:00.0,1,,,,,1.2833333333333332,8.181818181818183,,7.333333333333333,,not_a_fox_2,,,,,,,,,,,,,,,
Running,2018-07-13 19:25:00,,Running,8.0,,0:58:00,,,,,,7:15,,,,0.0,,,,00:00.0,1,,,,,0.9666666666666667,8.275862068965518,,7.25,,not_a_fox_2,,,,,,,,,,,,,,,
Running,2018-07-12 19:33:00,,Baltimore Running,7.97,674.0,0:59:25,137,156,,174,182,7:27,6:33,610.0,568.0,1.24,,,,00:00.0,8,,,,,0.9902777777777777,8.048246844319776,,7.45,6.55,not_a_fox_2,,,,,,,,,,,,,,,
Running,2018-07-12 19:01:00,,Baltimore Running,2.16,179.0,0:15:24,134,152,,174,182,7:08,3:05,96.0,96.0,1.3,,,,00:00.0,3,,,,,0.25666666666666665,8.415584415584416,,7.133333333333334,3.0833333333333335,not_a_fox_2,,,,,,,,,,,,,,,
Running,2018-07-11 20:19:00,,Baltimore Running,2.08,186.0,0:15:53,135,148,,172,180,7:39,6:23,119.0,126.0,1.23,,,,00:00.0,3,,,,,0.26472222222222225,7.857292759706191,,7.65,6.383333333333334,not_a_fox_2,,,,,,,,,,,,,,,
Running,2018-07-11 18:52:00,,Baltimore Running,7.43,623.0,0:56:32,138,162,,176,184,7:36,6:24,772.0,818.0,1.21,,,,00:00.0,8,,,,,0.9422222222222222,7.88561320754717,,7.6,6.4,not_a_fox_2,,,,,,,,,,,,,,,
Running,2018-07-10 19:08:00,,Baltimore Running,5.17,496.0,0:41:09,142,172,,172,180,7:58,5:48,405.0,322.0,1.17,,,,00:00.0,6,,,,,0.6858333333333333,7.538274605103281,,7.966666666666667,5.8,not_a_fox_2,,,,,,,,,,,,,,,
Running,2018-07-10 18:56:00,,Baltimore Running,2.01,170.0,0:10:42,171,185,,182,190,5:20,5:04,14.0,11.0,1.66,,,,00:00.0,3,,,,,0.17833333333333332,11.271028037383177,,5.333333333333333,5.066666666666666,not_a_fox_2,,,,,,,,,,,,,,,
Running,2018-07-10 18:46:00,,Baltimore Running,0.33,31.0,02:21.8,141,154,,174,186,7:16,6:05,,,1.27,,,,00:00.0,1,,,,,0.03938888888888889,8.37799717912553,,7.266666666666667,6.083333333333333,not_a_fox_2,,,,,,,,,,,,,,,
Running,2018-07-10 18:26:00,,Baltimore Running,2.51,195.0,0:16:42,133,164,,176,192,6:39,3:41,107.0,154.0,1.37,,,,00:00.0,3,,,,,0.2783333333333333,9.017964071856287,,6.65,3.6833333333333336,not_a_fox_2,,,,,,,,,,,,,,,
Running,2018-07-09 18:44:00,,Baltimore Running,11.0,964.0,1:19:06,142,162,,174,182,7:11,4:27,926.0,929.0,1.29,,,,00:00.0,12,,,,,1.3183333333333334,8.34386852085967,,7.183333333333334,4.45,not_a_fox_2,,,,,,,,,,,,,,,
Running,2018-07-08 11:12:00,,Baltimore County Running,14.98,,1:40:56,151,175,,174,182,6:44,5:22,,,1.38,,,,00:00.0,15,,,,,1.682222222222222,8.904887714663145,,6.733333333333333,5.366666666666666,not_a_fox_2,,,,,,,,,,,,,,,
Running,2018-07-07 11:53:00,,Howard County Running,8.48,938.0,1:12:50,150,185,,170,228,8:36,3:37,,,1.1,,,,00:00.0,9,,,,,1.2138888888888888,6.985812356979406,,8.6,3.6166666666666667,not_a_fox_2,,,,,,,,,,,,,,,
Running,2018-07-06 18:08:00,,Baltimore Running,6.18,527.0,0:46:01,137,156,,172,184,7:27,5:28,315.0,318.0,1.25,,,,00:00.0,7,,,,,0.7669444444444445,8.057950018109379,,7.45,5.466666666666667,not_a_fox_2,,,,,,,,,,,,,,,
Running,2018-07-06 17:39:00,,Baltimore Running,1.97,156.0,0:14:37,127,148,,174,180,7:24,6:10,140.0,147.0,1.25,,,,00:00.0,2,,,,,0.2436111111111111,8.086659064994299,,7.4,6.166666666666667,not_a_fox_2,,,,,,,,,,,,,,,
Running,2018-07-05 17:45:00,,Baltimore Running,7.55,614.0,0:57:40,133,156,,176,184,7:38,4:38,376.0,365.0,1.2,,,,00:00.0,8,,,,,0.961111111111111,7.8554913294797695,,7.633333333333333,4.633333333333333,not_a_fox_2,,,,,,,,,,,,,,,
Running,2018-07-04 10:29:00,,Baltimore Running,9.5,925.0,1:16:41,142,161,,174,180,8:04,6:16,,,1.15,,,,00:00.0,10,,,,,1.2780555555555555,7.433166702890676,,8.066666666666666,6.266666666666667,not_a_fox_2,,,,,,,,,,,,,,,
Running,2018-07-03 21:14:00,,Baltimore Running,5.23,506.0,0:38:43,145,158,,174,180,7:24,6:06,399.0,385.0,1.25,,,,00:00.0,6,,,,,0.6452777777777777,8.105036590615585,,7.4,6.1,not_a_fox_2,,,,,,,,,,,,,,,
Running,2018-07-03 21:05:00,,Baltimore Running,1.0,78.0,05:22.2,160,175,,184,190,5:23,4:55,22.0,34.0,1.63,,,,00:00.0,1,,,,,0.0895,11.1731843575419,,5.383333333333334,4.916666666666667,not_a_fox_2,,,,,,,,,,,,,,,
Running,2018-07-03 20:57:00,,Baltimore Running,1.01,78.0,05:23.4,162,186,,184,208,5:21,4:42,37.0,26.0,1.63,,,,00:00.0,2,,,,,0.08983333333333333,11.2430426716141,,5.35,4.7,not_a_fox_2,,,,,,,,,,,,,,,
Running,2018-07-03 20:26:00,,Baltimore Running,2.75,249.0,0:21:24,134,164,,172,190,7:48,5:07,296.0,280.0,1.2,,,,00:00.0,3,,,,,0.35666666666666663,7.710280373831776,,7.8,5.116666666666666,not_a_fox_2,,,,,,,,,,,,,,,
Running,2018-07-02 18:23:00,,Baltimore Running,8.99,886.0,1:04:41,152,167,,174,184,7:12,5:00,507.0,514.0,1.28,,,,00:00.0,9,,,,,1.0780555555555555,8.33908786395259,,7.2,5.0,not_a_fox_2,,,,,,,,,,,,,,,
Running,2018-07-01 19:13:00,,Baltimore Running,13.11,,1:34:27,146,166,,172,180,7:12,5:45,804.0,766.0,1.3,,,,00:00.0,14,,,,,1.5741666666666667,8.328215987294865,,7.2,5.75,not_a_fox_2,,,,,,,,,,,,,,,
Running,2018-06-30 18:04:00,,Baltimore Running,9.0,846.0,1:04:06,151,186,,172,194,7:07,4:08,540.0,540.0,1.31,,,,00:00.0,10,,,,,1.0683333333333334,8.424336973478939,,7.116666666666666,4.133333333333334,not_a_fox_2,,,,,,,,,,,,,,,
Running,2018-06-29 18:26:00,,Baltimore Running,9.14,844.0,1:03:23,150,173,,174,182,6:56,5:20,573.0,570.0,1.34,,,,00:00.0,10,,,,,1.056388888888889,8.652116749934262,,6.933333333333334,5.333333333333333,not_a_fox_2,,,,,,,,,,,,,,,
Running,2018-06-28 18:42:00,,Baltimore Running,9.99,913.0,1:14:59,142,164,,170,230,7:30,4:02,462.0,457.0,1.26,,,,00:00.0,10,,,,,1.2497222222222222,7.9937763947543905,,7.5,4.033333333333333,not_a_fox_2,,,,,,,,,,,,,,,
Running,2018-06-27 17:26:00,,Baltimore Running,8.94,724.0,1:04:35,138,162,,174,186,7:14,5:16,819.0,820.0,1.29,,,,00:00.0,9,,,,,1.0763888888888888,8.305548387096774,,7.233333333333333,5.266666666666667,not_a_fox_2,,,,,,,,,,,,,,,
Running,2018-06-27 09:33:00,,Baltimore Running,3.01,256.0,0:23:07,131,145,,174,180,7:41,6:50,186.0,191.0,1.21,,,,00:00.0,4,,,,,0.38527777777777783,7.812545061283344,,7.683333333333334,6.833333333333333,not_a_fox_2,,,,,,,,,,,,,,,
Running,2018-06-26 18:56:00,,Baltimore Running,9.0,789.0,1:06:20,140,159,,172,180,7:22,4:38,671.0,671.0,1.27,,,,00:00.0,9,,,,,1.1055555555555556,8.140703517587939,,7.366666666666666,4.633333333333333,not_a_fox_2,,,,,,,,,,,,,,,
Running,2018-06-25 18:27:00,,Baltimore Running,10.02,899.0,1:09:24,148,168,,174,182,6:56,2:28,719.0,712.0,1.34,,,,00:00.0,11,,,,,1.1566666666666665,8.662824207492797,,6.933333333333334,2.466666666666667,not_a_fox_2,,,,,,,,,,,,,,,
Running,2018-06-24 16:49:00,,Baltimore Running,12.01,,1:25:12,151,180,,172,182,7:06,2:46,821.0,835.0,1.32,,,,00:00.0,13,,,,,1.4200000000000002,8.457746478873238,,7.1,2.7666666666666666,not_a_fox_2,,,,,,,,,,,,,,,
Running,2018-06-23 16:47:00,,Cherry Hill Running,2.0,167.0,0:15:30,128,144,,172,180,7:45,6:01,91.0,96.0,1.2,,,,00:00.0,3,,,,,0.25833333333333336,7.741935483870967,,7.75,6.016666666666667,not_a_fox_2,,,,,,,,,,,,,,,
Running,2018-06-22 21:33:00,,Cherry Hill Running,8.0,649.0,0:54:36,142,163,,170,182,6:49,5:43,312.0,305.0,1.39,,,,00:00.0,9,,,,,0.91,8.79120879120879,,6.816666666666666,5.716666666666667,not_a_fox_2,,,,,,,,,,,,,,,
Running,2018-06-21 17:04:00,,Baltimore Running,9.0,840.0,1:03:08,155,172,,172,180,7:01,5:33,575.0,577.0,1.33,,,,00:00.0,10,,,,,1.0522222222222222,8.553326293558607,,7.016666666666667,5.55,not_a_fox_2,,,,,,,,,,,,,,,
Running,2018-06-19 18:56:00,,Baltimore Running,9.0,794.0,1:05:39,145,179,,172,182,7:18,6:05,721.0,720.0,1.28,,,,00:00.0,9,,,,,1.0941666666666665,8.225437928408226,,7.3,6.083333333333333,not_a_fox_2,,,,,,,,,,,,,,,
Running,2018-06-18 18:31:00,,Baltimore Running,8.04,719.0,1:02:55,140,160,,170,180,7:50,4:57,424.0,423.0,1.2,,,,00:00.0,9,,,,,1.0486111111111112,7.667284768211919,,7.833333333333333,4.95,not_a_fox_2,,,,,,,,,,,,,,,
Running,2018-06-17 08:17:00,,Philadelphia Running,10.92,,1:14:10,157,169,,176,182,6:47,5:04,276.0,281.0,1.35,,,,00:00.0,11,,,,,1.2361111111111112,8.834157303370786,,6.783333333333333,5.066666666666666,not_a_fox_2,,,,,,,,,,,,,,,
Running,2018-06-16 19:21:00,,Philadelphia Running,7.96,711.0,0:54:10,151,168,,172,178,6:48,3:02,198.0,202.0,1.37,,,,00:00.0,8,,,,,0.9027777777777778,8.817230769230768,,6.8,3.033333333333333,not_a_fox_2,,,,,,,,,,,,,,,
Running,2018-06-15 18:38:00,,Baltimore Running,7.95,672.0,0:57:26,142,160,,172,180,7:13,5:54,325.0,328.0,1.29,,,,00:00.0,8,,,,,0.9572222222222222,8.305281485780615,,7.216666666666667,5.9,not_a_fox_2,,,,,,,,,,,,,,,
Running,2018-06-14 19:01:00,,Baltimore Running,8.0,718.0,0:58:17,147,170,,170,182,7:17,5:50,398.0,396.0,1.29,,,,00:00.0,8,,,,,0.9713888888888889,8.235630540463255,,7.283333333333333,5.833333333333333,not_a_fox_2,,,,,,,,,,,,,,,
Running,2018-06-13 18:16:00,,Baltimore Running,8.49,869.0,1:00:38,163,183,,172,182,7:09,4:47,872.0,827.0,1.31,,,,00:00.0,9,,,,,1.0105555555555557,8.401319406267179,,7.15,4.783333333333333,not_a_fox_2,,,,,,,,,,,,,,,
Running,2018-06-12 18:44:00,,Baltimore Running,7.96,613.0,0:51:56,149,170,,176,186,6:31,5:34,440.0,447.0,1.4,,,,00:00.0,8,,,,,0.8655555555555555,9.196405648267008,,6.516666666666667,5.566666666666666,not_a_fox_2,,,,,,,,,,,,,,,
Running,2018-06-11 18:28:00,,Baltimore Running,6.46,548.0,0:44:33,148,171,,172,182,6:54,5:52,449.0,444.0,1.36,,,,00:00.0,7,,,,,0.7424999999999999,8.7003367003367,,6.9,5.866666666666667,not_a_fox_2,,,,,,,,,,,,,,,
Running,2018-06-09 15:50:00,,Baltimore Running,6.99,648.0,0:47:56,159,186,,174,182,6:51,5:41,419.0,421.0,1.34,,,,00:00.0,7,,,,,0.7988888888888889,8.749652294853965,,6.85,5.683333333333334,not_a_fox_2,,,,,,,,,,,,,,,
Running,2018-06-08 18:15:00,,Baltimore Running,7.0,673.0,0:49:18,159,177,,172,182,7:03,5:54,701.0,710.0,1.33,,,,00:00.0,8,,,,,0.8216666666666667,8.519269776876268,,7.05,5.9,not_a_fox_2,,,,,,,,,,,,,,,
Running,2018-06-07 18:16:00,,Baltimore Running,6.0,553.0,0:46:07,143,163,,168,178,7:41,6:40,492.0,495.0,1.24,,,,00:00.0,7,,,,,0.7686111111111111,7.806288398988073,,7.683333333333334,6.666666666666667,not_a_fox_2,,,,,,,,,,,,,,,
Running,2018-06-05 18:36:00,,Baltimore Running,5.2,439.0,0:36:47,146,163,,170,180,7:05,5:39,302.0,297.0,1.33,,,,00:00.0,6,,,,,0.6130555555555556,8.482102401449932,,7.083333333333333,5.65,not_a_fox_2,,,,,,,,,,,,,,,
Running,2018-06-04 18:41:00,,Baltimore Running,6.03,523.0,0:42:19,150,168,,170,182,7:01,6:02,555.0,545.0,1.35,,,,00:00.0,7,,,,,0.7052777777777778,8.54982276486806,,7.016666666666667,6.033333333333333,not_a_fox_2,,,,,,,,,,,,,,,
Running,2018-06-03 18:09:00,,Baltimore Running,7.96,808.0,0:55:33,170,184,,170,182,6:59,4:34,669.0,679.0,1.35,,,,00:00.0,8,,,,,0.9258333333333333,8.597659765976598,,6.983333333333333,4.566666666666666,not_a_fox_2,,,,,,,,,,,,,,,
Running,2018-06-01 18:37:00,,Baltimore Running,6.03,575.0,0:42:24,159,175,,170,180,7:02,5:39,382.0,387.0,1.35,,,,00:00.0,7,,,,,0.7066666666666667,8.533018867924529,,7.033333333333333,5.65,not_a_fox_2,,,,,,,,,,,,,,,
Running,2018-05-31 18:37:00,,Baltimore Running,5.98,566.0,0:45:17,149,175,,168,246,7:34,6:05,322.0,322.0,1.27,,,,00:00.0,6,,,,,0.7547222222222222,7.923444976076556,,7.566666666666666,6.083333333333333,not_a_fox_2,,,,,,,,,,,,,,,
Running,2018-05-30 18:30:00,,Baltimore Running,4.15,383.0,0:30:28,147,164,,168,176,7:20,5:54,180.0,177.0,1.3,,,,00:00.0,5,,,,,0.5077777777777778,8.172866520787746,,7.333333333333333,5.9,not_a_fox_2,,,,,,,,,,,,,,,
Running,2018-05-29 18:53:00,,Baltimore Running,4.02,314.0,0:29:32,150,173,,170,178,7:21,6:16,197.0,204.0,1.29,,,,00:00.0,5,,,,,0.4922222222222222,8.167042889390519,,7.35,6.266666666666667,not_a_fox_2,,,,,,,,,,,,,,,
